,Drug,Correlation,P-value,CCLE_model_state,State_description,Salient_representative_genes
0,CIL56,0.11503283757822944,0.7682257942638702,F0,partial-EMT & NOTCH signaling,"['ELF3', 'GRHL2', 'CLDN4', 'DSP', 'CGN', 'DSC2', 'ALDH1A3', 'JAG2', 'NOTCH1', 'HES4', 'HEY2', 'NOTCH2', 'NOTCH3']"
1,FQI-1,-0.09159189575805393,0.8147100304083483,F0,partial-EMT & NOTCH signaling,"['ELF3', 'GRHL2', 'CLDN4', 'DSP', 'CGN', 'DSC2', 'ALDH1A3', 'JAG2', 'NOTCH1', 'HES4', 'HEY2', 'NOTCH2', 'NOTCH3']"
2,BRD-K92856060,0.2525348610140274,0.31201352944486777,F0,partial-EMT & NOTCH signaling,"['ELF3', 'GRHL2', 'CLDN4', 'DSP', 'CGN', 'DSC2', 'ALDH1A3', 'JAG2', 'NOTCH1', 'HES4', 'HEY2', 'NOTCH2', 'NOTCH3']"
3,B02,0.20424480580525975,0.4479957438114819,F0,partial-EMT & NOTCH signaling,"['ELF3', 'GRHL2', 'CLDN4', 'DSP', 'CGN', 'DSC2', 'ALDH1A3', 'JAG2', 'NOTCH1', 'HES4', 'HEY2', 'NOTCH2', 'NOTCH3']"
4,BRD6340,0.19913471235548286,0.4435352184494074,F0,partial-EMT & NOTCH signaling,"['ELF3', 'GRHL2', 'CLDN4', 'DSP', 'CGN', 'DSC2', 'ALDH1A3', 'JAG2', 'NOTCH1', 'HES4', 'HEY2', 'NOTCH2', 'NOTCH3']"
5,BRD-K45681478,-0.06467381564857941,0.8052153140877363,F0,partial-EMT & NOTCH signaling,"['ELF3', 'GRHL2', 'CLDN4', 'DSP', 'CGN', 'DSC2', 'ALDH1A3', 'JAG2', 'NOTCH1', 'HES4', 'HEY2', 'NOTCH2', 'NOTCH3']"
6,ML050,-0.009013105329420271,0.9726126007984756,F0,partial-EMT & NOTCH signaling,"['ELF3', 'GRHL2', 'CLDN4', 'DSP', 'CGN', 'DSC2', 'ALDH1A3', 'JAG2', 'NOTCH1', 'HES4', 'HEY2', 'NOTCH2', 'NOTCH3']"
7,ML162,-0.3567518807954623,0.15982898961704384,F0,partial-EMT & NOTCH signaling,"['ELF3', 'GRHL2', 'CLDN4', 'DSP', 'CGN', 'DSC2', 'ALDH1A3', 'JAG2', 'NOTCH1', 'HES4', 'HEY2', 'NOTCH2', 'NOTCH3']"
8,CIL41,0.08733976355806662,0.8232000737146468,F0,partial-EMT & NOTCH signaling,"['ELF3', 'GRHL2', 'CLDN4', 'DSP', 'CGN', 'DSC2', 'ALDH1A3', 'JAG2', 'NOTCH1', 'HES4', 'HEY2', 'NOTCH2', 'NOTCH3']"
9,ML006,0.3673521612140818,0.1337007355194399,F0,partial-EMT & NOTCH signaling,"['ELF3', 'GRHL2', 'CLDN4', 'DSP', 'CGN', 'DSC2', 'ALDH1A3', 'JAG2', 'NOTCH1', 'HES4', 'HEY2', 'NOTCH2', 'NOTCH3']"
10,CIL55,-0.3739089931320228,0.36152424748448303,F0,partial-EMT & NOTCH signaling,"['ELF3', 'GRHL2', 'CLDN4', 'DSP', 'CGN', 'DSC2', 'ALDH1A3', 'JAG2', 'NOTCH1', 'HES4', 'HEY2', 'NOTCH2', 'NOTCH3']"
11,NSC30930,0.13617334696826636,0.6022766843296333,F0,partial-EMT & NOTCH signaling,"['ELF3', 'GRHL2', 'CLDN4', 'DSP', 'CGN', 'DSC2', 'ALDH1A3', 'JAG2', 'NOTCH1', 'HES4', 'HEY2', 'NOTCH2', 'NOTCH3']"
12,Bax channel blocker,-0.6265148574608084,0.009407451045501615,F0,partial-EMT & NOTCH signaling,"['ELF3', 'GRHL2', 'CLDN4', 'DSP', 'CGN', 'DSC2', 'ALDH1A3', 'JAG2', 'NOTCH1', 'HES4', 'HEY2', 'NOTCH2', 'NOTCH3']"
13,CIL70,-0.6762244513699387,0.0455155370118547,F0,partial-EMT & NOTCH signaling,"['ELF3', 'GRHL2', 'CLDN4', 'DSP', 'CGN', 'DSC2', 'ALDH1A3', 'JAG2', 'NOTCH1', 'HES4', 'HEY2', 'NOTCH2', 'NOTCH3']"
14,MI-1,-0.22905999587188267,0.3934666870744751,F0,partial-EMT & NOTCH signaling,"['ELF3', 'GRHL2', 'CLDN4', 'DSP', 'CGN', 'DSC2', 'ALDH1A3', 'JAG2', 'NOTCH1', 'HES4', 'HEY2', 'NOTCH2', 'NOTCH3']"
15,BRD9876,0.24476829600123107,0.36089507073755894,F0,partial-EMT & NOTCH signaling,"['ELF3', 'GRHL2', 'CLDN4', 'DSP', 'CGN', 'DSC2', 'ALDH1A3', 'JAG2', 'NOTCH1', 'HES4', 'HEY2', 'NOTCH2', 'NOTCH3']"
16,DBeQ,0.28221033982530197,0.272443524103135,F0,partial-EMT & NOTCH signaling,"['ELF3', 'GRHL2', 'CLDN4', 'DSP', 'CGN', 'DSC2', 'ALDH1A3', 'JAG2', 'NOTCH1', 'HES4', 'HEY2', 'NOTCH2', 'NOTCH3']"
17,mdivi-1,-0.07055811863113516,0.787857129100941,F0,partial-EMT & NOTCH signaling,"['ELF3', 'GRHL2', 'CLDN4', 'DSP', 'CGN', 'DSC2', 'ALDH1A3', 'JAG2', 'NOTCH1', 'HES4', 'HEY2', 'NOTCH2', 'NOTCH3']"
18,tretinoin,0.06692807521196989,0.7985548196416942,F0,partial-EMT & NOTCH signaling,"['ELF3', 'GRHL2', 'CLDN4', 'DSP', 'CGN', 'DSC2', 'ALDH1A3', 'JAG2', 'NOTCH1', 'HES4', 'HEY2', 'NOTCH2', 'NOTCH3']"
19,betulinic-acid,0.10035442189599225,0.7115380213846789,F0,partial-EMT & NOTCH signaling,"['ELF3', 'GRHL2', 'CLDN4', 'DSP', 'CGN', 'DSC2', 'ALDH1A3', 'JAG2', 'NOTCH1', 'HES4', 'HEY2', 'NOTCH2', 'NOTCH3']"
20,phloretin,0.05311553551973365,0.8451076795422781,F0,partial-EMT & NOTCH signaling,"['ELF3', 'GRHL2', 'CLDN4', 'DSP', 'CGN', 'DSC2', 'ALDH1A3', 'JAG2', 'NOTCH1', 'HES4', 'HEY2', 'NOTCH2', 'NOTCH3']"
21,thalidomide,-0.0069186365513709686,0.9870279704328029,F0,partial-EMT & NOTCH signaling,"['ELF3', 'GRHL2', 'CLDN4', 'DSP', 'CGN', 'DSC2', 'ALDH1A3', 'JAG2', 'NOTCH1', 'HES4', 'HEY2', 'NOTCH2', 'NOTCH3']"
22,gossypol,-0.07719831026753482,0.7607730645331223,F0,partial-EMT & NOTCH signaling,"['ELF3', 'GRHL2', 'CLDN4', 'DSP', 'CGN', 'DSC2', 'ALDH1A3', 'JAG2', 'NOTCH1', 'HES4', 'HEY2', 'NOTCH2', 'NOTCH3']"
23,chlorambucil,-0.04914547228792348,0.8464469918779304,F0,partial-EMT & NOTCH signaling,"['ELF3', 'GRHL2', 'CLDN4', 'DSP', 'CGN', 'DSC2', 'ALDH1A3', 'JAG2', 'NOTCH1', 'HES4', 'HEY2', 'NOTCH2', 'NOTCH3']"
24,5-fluorouracil,0.18551272369914196,0.47593722864264587,F0,partial-EMT & NOTCH signaling,"['ELF3', 'GRHL2', 'CLDN4', 'DSP', 'CGN', 'DSC2', 'ALDH1A3', 'JAG2', 'NOTCH1', 'HES4', 'HEY2', 'NOTCH2', 'NOTCH3']"
25,ML083,-0.13788810681249963,0.5976694054614559,F0,partial-EMT & NOTCH signaling,"['ELF3', 'GRHL2', 'CLDN4', 'DSP', 'CGN', 'DSC2', 'ALDH1A3', 'JAG2', 'NOTCH1', 'HES4', 'HEY2', 'NOTCH2', 'NOTCH3']"
26,CID-5951923,0.23726633129337302,0.3591690344676762,F0,partial-EMT & NOTCH signaling,"['ELF3', 'GRHL2', 'CLDN4', 'DSP', 'CGN', 'DSC2', 'ALDH1A3', 'JAG2', 'NOTCH1', 'HES4', 'HEY2', 'NOTCH2', 'NOTCH3']"
27,azacitidine,0.3124047032206524,0.20689552681127987,F0,partial-EMT & NOTCH signaling,"['ELF3', 'GRHL2', 'CLDN4', 'DSP', 'CGN', 'DSC2', 'ALDH1A3', 'JAG2', 'NOTCH1', 'HES4', 'HEY2', 'NOTCH2', 'NOTCH3']"
28,trifluoperazine,-0.05034627922696649,0.8642850642198294,F0,partial-EMT & NOTCH signaling,"['ELF3', 'GRHL2', 'CLDN4', 'DSP', 'CGN', 'DSC2', 'ALDH1A3', 'JAG2', 'NOTCH1', 'HES4', 'HEY2', 'NOTCH2', 'NOTCH3']"
29,paclitaxel,-0.0015951517316280023,0.9951521141140836,F0,partial-EMT & NOTCH signaling,"['ELF3', 'GRHL2', 'CLDN4', 'DSP', 'CGN', 'DSC2', 'ALDH1A3', 'JAG2', 'NOTCH1', 'HES4', 'HEY2', 'NOTCH2', 'NOTCH3']"
30,tamoxifen,0.26617666889366126,0.3017622014098408,F0,partial-EMT & NOTCH signaling,"['ELF3', 'GRHL2', 'CLDN4', 'DSP', 'CGN', 'DSC2', 'ALDH1A3', 'JAG2', 'NOTCH1', 'HES4', 'HEY2', 'NOTCH2', 'NOTCH3']"
31,carboplatin,-0.12941101838853017,0.6087988526402146,F0,partial-EMT & NOTCH signaling,"['ELF3', 'GRHL2', 'CLDN4', 'DSP', 'CGN', 'DSC2', 'ALDH1A3', 'JAG2', 'NOTCH1', 'HES4', 'HEY2', 'NOTCH2', 'NOTCH3']"
32,IU1,-0.17842165715276226,0.49325139775522975,F0,partial-EMT & NOTCH signaling,"['ELF3', 'GRHL2', 'CLDN4', 'DSP', 'CGN', 'DSC2', 'ALDH1A3', 'JAG2', 'NOTCH1', 'HES4', 'HEY2', 'NOTCH2', 'NOTCH3']"
33,dexamethasone,0.3790113139175425,0.16356121699751114,F0,partial-EMT & NOTCH signaling,"['ELF3', 'GRHL2', 'CLDN4', 'DSP', 'CGN', 'DSC2', 'ALDH1A3', 'JAG2', 'NOTCH1', 'HES4', 'HEY2', 'NOTCH2', 'NOTCH3']"
34,teniposide,0.37946435301974035,0.35385425797291703,F0,partial-EMT & NOTCH signaling,"['ELF3', 'GRHL2', 'CLDN4', 'DSP', 'CGN', 'DSC2', 'ALDH1A3', 'JAG2', 'NOTCH1', 'HES4', 'HEY2', 'NOTCH2', 'NOTCH3']"
35,sildenafil,-0.1448792580592262,0.5790359859008897,F0,partial-EMT & NOTCH signaling,"['ELF3', 'GRHL2', 'CLDN4', 'DSP', 'CGN', 'DSC2', 'ALDH1A3', 'JAG2', 'NOTCH1', 'HES4', 'HEY2', 'NOTCH2', 'NOTCH3']"
36,simvastatin,0.21961032119407528,0.4316144528226679,F0,partial-EMT & NOTCH signaling,"['ELF3', 'GRHL2', 'CLDN4', 'DSP', 'CGN', 'DSC2', 'ALDH1A3', 'JAG2', 'NOTCH1', 'HES4', 'HEY2', 'NOTCH2', 'NOTCH3']"
37,parbendazole,-0.01461630691538091,0.9540971349839389,F0,partial-EMT & NOTCH signaling,"['ELF3', 'GRHL2', 'CLDN4', 'DSP', 'CGN', 'DSC2', 'ALDH1A3', 'JAG2', 'NOTCH1', 'HES4', 'HEY2', 'NOTCH2', 'NOTCH3']"
38,procarbazine,-0.2683226055228093,0.3335720435343678,F0,partial-EMT & NOTCH signaling,"['ELF3', 'GRHL2', 'CLDN4', 'DSP', 'CGN', 'DSC2', 'ALDH1A3', 'JAG2', 'NOTCH1', 'HES4', 'HEY2', 'NOTCH2', 'NOTCH3']"
39,curcumin,0.11179661824013334,0.680186908858793,F0,partial-EMT & NOTCH signaling,"['ELF3', 'GRHL2', 'CLDN4', 'DSP', 'CGN', 'DSC2', 'ALDH1A3', 'JAG2', 'NOTCH1', 'HES4', 'HEY2', 'NOTCH2', 'NOTCH3']"
40,ciclopirox,0.18509567008998445,0.4925290721714646,F0,partial-EMT & NOTCH signaling,"['ELF3', 'GRHL2', 'CLDN4', 'DSP', 'CGN', 'DSC2', 'ALDH1A3', 'JAG2', 'NOTCH1', 'HES4', 'HEY2', 'NOTCH2', 'NOTCH3']"
41,epigallocatechin-gallate-(-),-0.3810053830222604,0.2217336118502011,F0,partial-EMT & NOTCH signaling,"['ELF3', 'GRHL2', 'CLDN4', 'DSP', 'CGN', 'DSC2', 'ALDH1A3', 'JAG2', 'NOTCH1', 'HES4', 'HEY2', 'NOTCH2', 'NOTCH3']"
42,ML311,0.06449294440821216,0.7993093952407822,F0,partial-EMT & NOTCH signaling,"['ELF3', 'GRHL2', 'CLDN4', 'DSP', 'CGN', 'DSC2', 'ALDH1A3', 'JAG2', 'NOTCH1', 'HES4', 'HEY2', 'NOTCH2', 'NOTCH3']"
43,myricetin,-0.22413560850008213,0.42193985211783247,F0,partial-EMT & NOTCH signaling,"['ELF3', 'GRHL2', 'CLDN4', 'DSP', 'CGN', 'DSC2', 'ALDH1A3', 'JAG2', 'NOTCH1', 'HES4', 'HEY2', 'NOTCH2', 'NOTCH3']"
44,methotrexate,0.6318839181255435,0.006505541057947134,F0,partial-EMT & NOTCH signaling,"['ELF3', 'GRHL2', 'CLDN4', 'DSP', 'CGN', 'DSC2', 'ALDH1A3', 'JAG2', 'NOTCH1', 'HES4', 'HEY2', 'NOTCH2', 'NOTCH3']"
45,lovastatin,0.3577124965812052,0.14499706871727452,F0,partial-EMT & NOTCH signaling,"['ELF3', 'GRHL2', 'CLDN4', 'DSP', 'CGN', 'DSC2', 'ALDH1A3', 'JAG2', 'NOTCH1', 'HES4', 'HEY2', 'NOTCH2', 'NOTCH3']"
46,valdecoxib,-0.11844549956561792,0.6507183998305923,F0,partial-EMT & NOTCH signaling,"['ELF3', 'GRHL2', 'CLDN4', 'DSP', 'CGN', 'DSC2', 'ALDH1A3', 'JAG2', 'NOTCH1', 'HES4', 'HEY2', 'NOTCH2', 'NOTCH3']"
47,cyclophosphamide,-0.3424709344525624,0.3669656919656015,F0,partial-EMT & NOTCH signaling,"['ELF3', 'GRHL2', 'CLDN4', 'DSP', 'CGN', 'DSC2', 'ALDH1A3', 'JAG2', 'NOTCH1', 'HES4', 'HEY2', 'NOTCH2', 'NOTCH3']"
48,dacarbazine,0.10808723291813102,0.6796630104858108,F0,partial-EMT & NOTCH signaling,"['ELF3', 'GRHL2', 'CLDN4', 'DSP', 'CGN', 'DSC2', 'ALDH1A3', 'JAG2', 'NOTCH1', 'HES4', 'HEY2', 'NOTCH2', 'NOTCH3']"
49,niclosamide,0.41883402799009795,0.1360751366962613,F0,partial-EMT & NOTCH signaling,"['ELF3', 'GRHL2', 'CLDN4', 'DSP', 'CGN', 'DSC2', 'ALDH1A3', 'JAG2', 'NOTCH1', 'HES4', 'HEY2', 'NOTCH2', 'NOTCH3']"
50,prochlorperazine,0.22025823103460762,0.4123842099725038,F0,partial-EMT & NOTCH signaling,"['ELF3', 'GRHL2', 'CLDN4', 'DSP', 'CGN', 'DSC2', 'ALDH1A3', 'JAG2', 'NOTCH1', 'HES4', 'HEY2', 'NOTCH2', 'NOTCH3']"
51,imatinib,0.09284929573450158,0.7230132055639413,F0,partial-EMT & NOTCH signaling,"['ELF3', 'GRHL2', 'CLDN4', 'DSP', 'CGN', 'DSC2', 'ALDH1A3', 'JAG2', 'NOTCH1', 'HES4', 'HEY2', 'NOTCH2', 'NOTCH3']"
52,decitabine,-0.16547853593586034,0.5116879389193046,F0,partial-EMT & NOTCH signaling,"['ELF3', 'GRHL2', 'CLDN4', 'DSP', 'CGN', 'DSC2', 'ALDH1A3', 'JAG2', 'NOTCH1', 'HES4', 'HEY2', 'NOTCH2', 'NOTCH3']"
53,CHIR-99021,-0.12100879308954532,0.655295299356758,F0,partial-EMT & NOTCH signaling,"['ELF3', 'GRHL2', 'CLDN4', 'DSP', 'CGN', 'DSC2', 'ALDH1A3', 'JAG2', 'NOTCH1', 'HES4', 'HEY2', 'NOTCH2', 'NOTCH3']"
54,BI-2536,-0.051371771827765214,0.8447620972149908,F0,partial-EMT & NOTCH signaling,"['ELF3', 'GRHL2', 'CLDN4', 'DSP', 'CGN', 'DSC2', 'ALDH1A3', 'JAG2', 'NOTCH1', 'HES4', 'HEY2', 'NOTCH2', 'NOTCH3']"
55,BRD-K61166597,0.15415504496622912,0.5686596224838614,F0,partial-EMT & NOTCH signaling,"['ELF3', 'GRHL2', 'CLDN4', 'DSP', 'CGN', 'DSC2', 'ALDH1A3', 'JAG2', 'NOTCH1', 'HES4', 'HEY2', 'NOTCH2', 'NOTCH3']"
56,axitinib,0.008916832597344269,0.9719877080052982,F0,partial-EMT & NOTCH signaling,"['ELF3', 'GRHL2', 'CLDN4', 'DSP', 'CGN', 'DSC2', 'ALDH1A3', 'JAG2', 'NOTCH1', 'HES4', 'HEY2', 'NOTCH2', 'NOTCH3']"
57,selumetinib,0.2566587657177163,0.32002071530081094,F0,partial-EMT & NOTCH signaling,"['ELF3', 'GRHL2', 'CLDN4', 'DSP', 'CGN', 'DSC2', 'ALDH1A3', 'JAG2', 'NOTCH1', 'HES4', 'HEY2', 'NOTCH2', 'NOTCH3']"
58,NVP-BEZ235,0.43205990599909494,0.16072288339984708,F0,partial-EMT & NOTCH signaling,"['ELF3', 'GRHL2', 'CLDN4', 'DSP', 'CGN', 'DSC2', 'ALDH1A3', 'JAG2', 'NOTCH1', 'HES4', 'HEY2', 'NOTCH2', 'NOTCH3']"
59,GW-843682X,-0.11766388561725707,0.6642956919385687,F0,partial-EMT & NOTCH signaling,"['ELF3', 'GRHL2', 'CLDN4', 'DSP', 'CGN', 'DSC2', 'ALDH1A3', 'JAG2', 'NOTCH1', 'HES4', 'HEY2', 'NOTCH2', 'NOTCH3']"
60,vandetanib,-0.1737504421745023,0.5198680875447473,F0,partial-EMT & NOTCH signaling,"['ELF3', 'GRHL2', 'CLDN4', 'DSP', 'CGN', 'DSC2', 'ALDH1A3', 'JAG2', 'NOTCH1', 'HES4', 'HEY2', 'NOTCH2', 'NOTCH3']"
61,sorafenib,0.25793108439025086,0.31754331209303704,F0,partial-EMT & NOTCH signaling,"['ELF3', 'GRHL2', 'CLDN4', 'DSP', 'CGN', 'DSC2', 'ALDH1A3', 'JAG2', 'NOTCH1', 'HES4', 'HEY2', 'NOTCH2', 'NOTCH3']"
62,ML029,0.03243798415411479,0.9086340124930433,F0,partial-EMT & NOTCH signaling,"['ELF3', 'GRHL2', 'CLDN4', 'DSP', 'CGN', 'DSC2', 'ALDH1A3', 'JAG2', 'NOTCH1', 'HES4', 'HEY2', 'NOTCH2', 'NOTCH3']"
63,temozolomide,0.3994206235892856,0.11220546235816375,F0,partial-EMT & NOTCH signaling,"['ELF3', 'GRHL2', 'CLDN4', 'DSP', 'CGN', 'DSC2', 'ALDH1A3', 'JAG2', 'NOTCH1', 'HES4', 'HEY2', 'NOTCH2', 'NOTCH3']"
64,ifosfamide,0.6338149430005162,0.09151133824446679,F0,partial-EMT & NOTCH signaling,"['ELF3', 'GRHL2', 'CLDN4', 'DSP', 'CGN', 'DSC2', 'ALDH1A3', 'JAG2', 'NOTCH1', 'HES4', 'HEY2', 'NOTCH2', 'NOTCH3']"
65,BRD4132,-0.005686849449880918,0.9833237262079446,F0,partial-EMT & NOTCH signaling,"['ELF3', 'GRHL2', 'CLDN4', 'DSP', 'CGN', 'DSC2', 'ALDH1A3', 'JAG2', 'NOTCH1', 'HES4', 'HEY2', 'NOTCH2', 'NOTCH3']"
66,BRD-K90370028,0.17031200458749918,0.6867863819528768,F0,partial-EMT & NOTCH signaling,"['ELF3', 'GRHL2', 'CLDN4', 'DSP', 'CGN', 'DSC2', 'ALDH1A3', 'JAG2', 'NOTCH1', 'HES4', 'HEY2', 'NOTCH2', 'NOTCH3']"
67,SNX-2112,0.06167651695816857,0.8079152225534468,F0,partial-EMT & NOTCH signaling,"['ELF3', 'GRHL2', 'CLDN4', 'DSP', 'CGN', 'DSC2', 'ALDH1A3', 'JAG2', 'NOTCH1', 'HES4', 'HEY2', 'NOTCH2', 'NOTCH3']"
68,navitoclax,0.03019732801089814,0.9053188348903669,F0,partial-EMT & NOTCH signaling,"['ELF3', 'GRHL2', 'CLDN4', 'DSP', 'CGN', 'DSC2', 'ALDH1A3', 'JAG2', 'NOTCH1', 'HES4', 'HEY2', 'NOTCH2', 'NOTCH3']"
69,doxorubicin,0.1745992708810554,0.5027080033806209,F0,partial-EMT & NOTCH signaling,"['ELF3', 'GRHL2', 'CLDN4', 'DSP', 'CGN', 'DSC2', 'ALDH1A3', 'JAG2', 'NOTCH1', 'HES4', 'HEY2', 'NOTCH2', 'NOTCH3']"
70,ouabain,0.14796421499350199,0.5579212801475341,F0,partial-EMT & NOTCH signaling,"['ELF3', 'GRHL2', 'CLDN4', 'DSP', 'CGN', 'DSC2', 'ALDH1A3', 'JAG2', 'NOTCH1', 'HES4', 'HEY2', 'NOTCH2', 'NOTCH3']"
71,bexarotene,-0.05459669084990713,0.8296390611589006,F0,partial-EMT & NOTCH signaling,"['ELF3', 'GRHL2', 'CLDN4', 'DSP', 'CGN', 'DSC2', 'ALDH1A3', 'JAG2', 'NOTCH1', 'HES4', 'HEY2', 'NOTCH2', 'NOTCH3']"
72,nilotinib,0.0629360981119834,0.8168859885867206,F0,partial-EMT & NOTCH signaling,"['ELF3', 'GRHL2', 'CLDN4', 'DSP', 'CGN', 'DSC2', 'ALDH1A3', 'JAG2', 'NOTCH1', 'HES4', 'HEY2', 'NOTCH2', 'NOTCH3']"
73,sunitinib,-0.00812400953479849,0.9744775627159247,F0,partial-EMT & NOTCH signaling,"['ELF3', 'GRHL2', 'CLDN4', 'DSP', 'CGN', 'DSC2', 'ALDH1A3', 'JAG2', 'NOTCH1', 'HES4', 'HEY2', 'NOTCH2', 'NOTCH3']"
74,bendamustine,-0.37893729092394135,0.16365025929127966,F0,partial-EMT & NOTCH signaling,"['ELF3', 'GRHL2', 'CLDN4', 'DSP', 'CGN', 'DSC2', 'ALDH1A3', 'JAG2', 'NOTCH1', 'HES4', 'HEY2', 'NOTCH2', 'NOTCH3']"
75,BRD9647,-0.1578911078774751,0.5314928339254075,F0,partial-EMT & NOTCH signaling,"['ELF3', 'GRHL2', 'CLDN4', 'DSP', 'CGN', 'DSC2', 'ALDH1A3', 'JAG2', 'NOTCH1', 'HES4', 'HEY2', 'NOTCH2', 'NOTCH3']"
76,homoharringtonine,0.23389081622371927,0.4643790767418118,F0,partial-EMT & NOTCH signaling,"['ELF3', 'GRHL2', 'CLDN4', 'DSP', 'CGN', 'DSC2', 'ALDH1A3', 'JAG2', 'NOTCH1', 'HES4', 'HEY2', 'NOTCH2', 'NOTCH3']"
77,CD-437,0.08362997369756689,0.7414618320356648,F0,partial-EMT & NOTCH signaling,"['ELF3', 'GRHL2', 'CLDN4', 'DSP', 'CGN', 'DSC2', 'ALDH1A3', 'JAG2', 'NOTCH1', 'HES4', 'HEY2', 'NOTCH2', 'NOTCH3']"
78,SCH-79797,-0.053185529920041795,0.8339836902415712,F0,partial-EMT & NOTCH signaling,"['ELF3', 'GRHL2', 'CLDN4', 'DSP', 'CGN', 'DSC2', 'ALDH1A3', 'JAG2', 'NOTCH1', 'HES4', 'HEY2', 'NOTCH2', 'NOTCH3']"
79,LE-135,-0.14378496068207514,0.5692172929714842,F0,partial-EMT & NOTCH signaling,"['ELF3', 'GRHL2', 'CLDN4', 'DSP', 'CGN', 'DSC2', 'ALDH1A3', 'JAG2', 'NOTCH1', 'HES4', 'HEY2', 'NOTCH2', 'NOTCH3']"
80,SKI-II,-0.10692264272814446,0.6728195041516694,F0,partial-EMT & NOTCH signaling,"['ELF3', 'GRHL2', 'CLDN4', 'DSP', 'CGN', 'DSC2', 'ALDH1A3', 'JAG2', 'NOTCH1', 'HES4', 'HEY2', 'NOTCH2', 'NOTCH3']"
81,CI-976,0.27065045232945784,0.2773584699877818,F0,partial-EMT & NOTCH signaling,"['ELF3', 'GRHL2', 'CLDN4', 'DSP', 'CGN', 'DSC2', 'ALDH1A3', 'JAG2', 'NOTCH1', 'HES4', 'HEY2', 'NOTCH2', 'NOTCH3']"
82,cisplatin,-0.1310764827546642,0.6041564683969894,F0,partial-EMT & NOTCH signaling,"['ELF3', 'GRHL2', 'CLDN4', 'DSP', 'CGN', 'DSC2', 'ALDH1A3', 'JAG2', 'NOTCH1', 'HES4', 'HEY2', 'NOTCH2', 'NOTCH3']"
83,necrostatin-1,-0.5246262046724857,0.03694422364805455,F0,partial-EMT & NOTCH signaling,"['ELF3', 'GRHL2', 'CLDN4', 'DSP', 'CGN', 'DSC2', 'ALDH1A3', 'JAG2', 'NOTCH1', 'HES4', 'HEY2', 'NOTCH2', 'NOTCH3']"
84,GW-405833,-0.17403348128773818,0.5041150218944086,F0,partial-EMT & NOTCH signaling,"['ELF3', 'GRHL2', 'CLDN4', 'DSP', 'CGN', 'DSC2', 'ALDH1A3', 'JAG2', 'NOTCH1', 'HES4', 'HEY2', 'NOTCH2', 'NOTCH3']"
85,AC-55649,0.11017321208911207,0.6737983776617431,F0,partial-EMT & NOTCH signaling,"['ELF3', 'GRHL2', 'CLDN4', 'DSP', 'CGN', 'DSC2', 'ALDH1A3', 'JAG2', 'NOTCH1', 'HES4', 'HEY2', 'NOTCH2', 'NOTCH3']"
86,RITA,-0.20654877417778292,0.4108924124990975,F0,partial-EMT & NOTCH signaling,"['ELF3', 'GRHL2', 'CLDN4', 'DSP', 'CGN', 'DSC2', 'ALDH1A3', 'JAG2', 'NOTCH1', 'HES4', 'HEY2', 'NOTCH2', 'NOTCH3']"
87,LY2183240,0.07251510006769449,0.7821046464285852,F0,partial-EMT & NOTCH signaling,"['ELF3', 'GRHL2', 'CLDN4', 'DSP', 'CGN', 'DSC2', 'ALDH1A3', 'JAG2', 'NOTCH1', 'HES4', 'HEY2', 'NOTCH2', 'NOTCH3']"
88,KI-8751,-0.08746905971536056,0.7473670957222354,F0,partial-EMT & NOTCH signaling,"['ELF3', 'GRHL2', 'CLDN4', 'DSP', 'CGN', 'DSC2', 'ALDH1A3', 'JAG2', 'NOTCH1', 'HES4', 'HEY2', 'NOTCH2', 'NOTCH3']"
89,CD-1530,0.18773974746542496,0.5028385470339138,F0,partial-EMT & NOTCH signaling,"['ELF3', 'GRHL2', 'CLDN4', 'DSP', 'CGN', 'DSC2', 'ALDH1A3', 'JAG2', 'NOTCH1', 'HES4', 'HEY2', 'NOTCH2', 'NOTCH3']"
90,TPCA-1,0.46561212261854795,0.05149710758228336,F0,partial-EMT & NOTCH signaling,"['ELF3', 'GRHL2', 'CLDN4', 'DSP', 'CGN', 'DSC2', 'ALDH1A3', 'JAG2', 'NOTCH1', 'HES4', 'HEY2', 'NOTCH2', 'NOTCH3']"
91,oxaliplatin,-0.045983355494949606,0.8608874940960272,F0,partial-EMT & NOTCH signaling,"['ELF3', 'GRHL2', 'CLDN4', 'DSP', 'CGN', 'DSC2', 'ALDH1A3', 'JAG2', 'NOTCH1', 'HES4', 'HEY2', 'NOTCH2', 'NOTCH3']"
92,NSC632839,0.3025977171047964,0.2222695948753286,F0,partial-EMT & NOTCH signaling,"['ELF3', 'GRHL2', 'CLDN4', 'DSP', 'CGN', 'DSC2', 'ALDH1A3', 'JAG2', 'NOTCH1', 'HES4', 'HEY2', 'NOTCH2', 'NOTCH3']"
93,pifithrin-mu,-0.25684385950272426,0.3035469331620669,F0,partial-EMT & NOTCH signaling,"['ELF3', 'GRHL2', 'CLDN4', 'DSP', 'CGN', 'DSC2', 'ALDH1A3', 'JAG2', 'NOTCH1', 'HES4', 'HEY2', 'NOTCH2', 'NOTCH3']"
94,camptothecin,-0.20182947481895766,0.4706979847663604,F0,partial-EMT & NOTCH signaling,"['ELF3', 'GRHL2', 'CLDN4', 'DSP', 'CGN', 'DSC2', 'ALDH1A3', 'JAG2', 'NOTCH1', 'HES4', 'HEY2', 'NOTCH2', 'NOTCH3']"
95,BRD-K80183349,-0.06751930046657043,0.8037848289793297,F0,partial-EMT & NOTCH signaling,"['ELF3', 'GRHL2', 'CLDN4', 'DSP', 'CGN', 'DSC2', 'ALDH1A3', 'JAG2', 'NOTCH1', 'HES4', 'HEY2', 'NOTCH2', 'NOTCH3']"
96,BRD-K66532283,-0.12570411975547402,0.6191826211957048,F0,partial-EMT & NOTCH signaling,"['ELF3', 'GRHL2', 'CLDN4', 'DSP', 'CGN', 'DSC2', 'ALDH1A3', 'JAG2', 'NOTCH1', 'HES4', 'HEY2', 'NOTCH2', 'NOTCH3']"
97,MK-2206,-0.13075336443030172,0.6423070177369532,F0,partial-EMT & NOTCH signaling,"['ELF3', 'GRHL2', 'CLDN4', 'DSP', 'CGN', 'DSC2', 'ALDH1A3', 'JAG2', 'NOTCH1', 'HES4', 'HEY2', 'NOTCH2', 'NOTCH3']"
98,triazolothiadiazine,0.06111767448410319,0.8096253420184963,F0,partial-EMT & NOTCH signaling,"['ELF3', 'GRHL2', 'CLDN4', 'DSP', 'CGN', 'DSC2', 'ALDH1A3', 'JAG2', 'NOTCH1', 'HES4', 'HEY2', 'NOTCH2', 'NOTCH3']"
99,BRD-K66453893,-0.26752627587035727,0.2992245914952228,F0,partial-EMT & NOTCH signaling,"['ELF3', 'GRHL2', 'CLDN4', 'DSP', 'CGN', 'DSC2', 'ALDH1A3', 'JAG2', 'NOTCH1', 'HES4', 'HEY2', 'NOTCH2', 'NOTCH3']"
100,BRD-K11533227,0.24804594325345233,0.37272412275201194,F0,partial-EMT & NOTCH signaling,"['ELF3', 'GRHL2', 'CLDN4', 'DSP', 'CGN', 'DSC2', 'ALDH1A3', 'JAG2', 'NOTCH1', 'HES4', 'HEY2', 'NOTCH2', 'NOTCH3']"
101,Piplartine,-0.16273099071167396,0.5188192528134561,F0,partial-EMT & NOTCH signaling,"['ELF3', 'GRHL2', 'CLDN4', 'DSP', 'CGN', 'DSC2', 'ALDH1A3', 'JAG2', 'NOTCH1', 'HES4', 'HEY2', 'NOTCH2', 'NOTCH3']"
102,BRD-K14844214,-0.11253879728685143,0.6781696052387532,F0,partial-EMT & NOTCH signaling,"['ELF3', 'GRHL2', 'CLDN4', 'DSP', 'CGN', 'DSC2', 'ALDH1A3', 'JAG2', 'NOTCH1', 'HES4', 'HEY2', 'NOTCH2', 'NOTCH3']"
103,BRD1835,0.13366749688827229,0.5969628764866961,F0,partial-EMT & NOTCH signaling,"['ELF3', 'GRHL2', 'CLDN4', 'DSP', 'CGN', 'DSC2', 'ALDH1A3', 'JAG2', 'NOTCH1', 'HES4', 'HEY2', 'NOTCH2', 'NOTCH3']"
104,BRD-K41597374,-0.39090582598878604,0.12078885345997366,F0,partial-EMT & NOTCH signaling,"['ELF3', 'GRHL2', 'CLDN4', 'DSP', 'CGN', 'DSC2', 'ALDH1A3', 'JAG2', 'NOTCH1', 'HES4', 'HEY2', 'NOTCH2', 'NOTCH3']"
105,BRD-K63431240,0.3229344754658575,0.19118259714060687,F0,partial-EMT & NOTCH signaling,"['ELF3', 'GRHL2', 'CLDN4', 'DSP', 'CGN', 'DSC2', 'ALDH1A3', 'JAG2', 'NOTCH1', 'HES4', 'HEY2', 'NOTCH2', 'NOTCH3']"
106,BRD-K13999467,-0.5197825468210462,0.0324685657279027,F0,partial-EMT & NOTCH signaling,"['ELF3', 'GRHL2', 'CLDN4', 'DSP', 'CGN', 'DSC2', 'ALDH1A3', 'JAG2', 'NOTCH1', 'HES4', 'HEY2', 'NOTCH2', 'NOTCH3']"
107,brefeldin A,0.31066345225860115,0.20957293390259665,F0,partial-EMT & NOTCH signaling,"['ELF3', 'GRHL2', 'CLDN4', 'DSP', 'CGN', 'DSC2', 'ALDH1A3', 'JAG2', 'NOTCH1', 'HES4', 'HEY2', 'NOTCH2', 'NOTCH3']"
108,AGK-2,-0.014561581508269701,0.9542688311082328,F0,partial-EMT & NOTCH signaling,"['ELF3', 'GRHL2', 'CLDN4', 'DSP', 'CGN', 'DSC2', 'ALDH1A3', 'JAG2', 'NOTCH1', 'HES4', 'HEY2', 'NOTCH2', 'NOTCH3']"
109,L-685458,-0.12237007831330919,0.6285809747656864,F0,partial-EMT & NOTCH signaling,"['ELF3', 'GRHL2', 'CLDN4', 'DSP', 'CGN', 'DSC2', 'ALDH1A3', 'JAG2', 'NOTCH1', 'HES4', 'HEY2', 'NOTCH2', 'NOTCH3']"
110,PF-750,0.3019747124699591,0.25566072417834296,F0,partial-EMT & NOTCH signaling,"['ELF3', 'GRHL2', 'CLDN4', 'DSP', 'CGN', 'DSC2', 'ALDH1A3', 'JAG2', 'NOTCH1', 'HES4', 'HEY2', 'NOTCH2', 'NOTCH3']"
111,triptolide,-0.15088903136106646,0.5500749450058376,F0,partial-EMT & NOTCH signaling,"['ELF3', 'GRHL2', 'CLDN4', 'DSP', 'CGN', 'DSC2', 'ALDH1A3', 'JAG2', 'NOTCH1', 'HES4', 'HEY2', 'NOTCH2', 'NOTCH3']"
112,nutlin-3,0.04054954729028398,0.8730770603598811,F0,partial-EMT & NOTCH signaling,"['ELF3', 'GRHL2', 'CLDN4', 'DSP', 'CGN', 'DSC2', 'ALDH1A3', 'JAG2', 'NOTCH1', 'HES4', 'HEY2', 'NOTCH2', 'NOTCH3']"
113,AA-COCF3,-0.006484109246948105,0.9802955850077588,F0,partial-EMT & NOTCH signaling,"['ELF3', 'GRHL2', 'CLDN4', 'DSP', 'CGN', 'DSC2', 'ALDH1A3', 'JAG2', 'NOTCH1', 'HES4', 'HEY2', 'NOTCH2', 'NOTCH3']"
114,16-beta-bromoandrosterone,0.2593965417047433,0.29859693696470135,F0,partial-EMT & NOTCH signaling,"['ELF3', 'GRHL2', 'CLDN4', 'DSP', 'CGN', 'DSC2', 'ALDH1A3', 'JAG2', 'NOTCH1', 'HES4', 'HEY2', 'NOTCH2', 'NOTCH3']"
115,PRL-3 inhibitor I,0.45340020148018334,0.08962210979677224,F0,partial-EMT & NOTCH signaling,"['ELF3', 'GRHL2', 'CLDN4', 'DSP', 'CGN', 'DSC2', 'ALDH1A3', 'JAG2', 'NOTCH1', 'HES4', 'HEY2', 'NOTCH2', 'NOTCH3']"
116,SID 26681509,-0.3420451627352104,0.25265355396793393,F0,partial-EMT & NOTCH signaling,"['ELF3', 'GRHL2', 'CLDN4', 'DSP', 'CGN', 'DSC2', 'ALDH1A3', 'JAG2', 'NOTCH1', 'HES4', 'HEY2', 'NOTCH2', 'NOTCH3']"
117,ISX-9,-0.07564509680240487,0.7654573389080148,F0,partial-EMT & NOTCH signaling,"['ELF3', 'GRHL2', 'CLDN4', 'DSP', 'CGN', 'DSC2', 'ALDH1A3', 'JAG2', 'NOTCH1', 'HES4', 'HEY2', 'NOTCH2', 'NOTCH3']"
118,STAT3-inhibitor-VI,-0.07596863467919972,0.7719792644790747,F0,partial-EMT & NOTCH signaling,"['ELF3', 'GRHL2', 'CLDN4', 'DSP', 'CGN', 'DSC2', 'ALDH1A3', 'JAG2', 'NOTCH1', 'HES4', 'HEY2', 'NOTCH2', 'NOTCH3']"
119,bortezomib,-0.24716375060053133,0.33886440710436916,F0,partial-EMT & NOTCH signaling,"['ELF3', 'GRHL2', 'CLDN4', 'DSP', 'CGN', 'DSC2', 'ALDH1A3', 'JAG2', 'NOTCH1', 'HES4', 'HEY2', 'NOTCH2', 'NOTCH3']"
120,ABT-737,-0.23798421885828652,0.3416270531936802,F0,partial-EMT & NOTCH signaling,"['ELF3', 'GRHL2', 'CLDN4', 'DSP', 'CGN', 'DSC2', 'ALDH1A3', 'JAG2', 'NOTCH1', 'HES4', 'HEY2', 'NOTCH2', 'NOTCH3']"
121,zebularine,0.2415770058865579,0.33416882589461183,F0,partial-EMT & NOTCH signaling,"['ELF3', 'GRHL2', 'CLDN4', 'DSP', 'CGN', 'DSC2', 'ALDH1A3', 'JAG2', 'NOTCH1', 'HES4', 'HEY2', 'NOTCH2', 'NOTCH3']"
122,PI-103,0.0701811481971652,0.7819964827789563,F0,partial-EMT & NOTCH signaling,"['ELF3', 'GRHL2', 'CLDN4', 'DSP', 'CGN', 'DSC2', 'ALDH1A3', 'JAG2', 'NOTCH1', 'HES4', 'HEY2', 'NOTCH2', 'NOTCH3']"
123,tubastatin-A,-0.5549463708459876,0.1533687211663533,F0,partial-EMT & NOTCH signaling,"['ELF3', 'GRHL2', 'CLDN4', 'DSP', 'CGN', 'DSC2', 'ALDH1A3', 'JAG2', 'NOTCH1', 'HES4', 'HEY2', 'NOTCH2', 'NOTCH3']"
124,SR-II-138A,-0.012891658848567078,0.959508952997401,F0,partial-EMT & NOTCH signaling,"['ELF3', 'GRHL2', 'CLDN4', 'DSP', 'CGN', 'DSC2', 'ALDH1A3', 'JAG2', 'NOTCH1', 'HES4', 'HEY2', 'NOTCH2', 'NOTCH3']"
125,parthenolide,-0.327802772468356,0.21517853475877002,F0,partial-EMT & NOTCH signaling,"['ELF3', 'GRHL2', 'CLDN4', 'DSP', 'CGN', 'DSC2', 'ALDH1A3', 'JAG2', 'NOTCH1', 'HES4', 'HEY2', 'NOTCH2', 'NOTCH3']"
126,Compound 7d-cis,-0.21786639449004017,0.47458481527390595,F0,partial-EMT & NOTCH signaling,"['ELF3', 'GRHL2', 'CLDN4', 'DSP', 'CGN', 'DSC2', 'ALDH1A3', 'JAG2', 'NOTCH1', 'HES4', 'HEY2', 'NOTCH2', 'NOTCH3']"
127,fedratinib,-0.17345641649337873,0.5205857163850756,F0,partial-EMT & NOTCH signaling,"['ELF3', 'GRHL2', 'CLDN4', 'DSP', 'CGN', 'DSC2', 'ALDH1A3', 'JAG2', 'NOTCH1', 'HES4', 'HEY2', 'NOTCH2', 'NOTCH3']"
128,pevonedistat,0.08760449730627051,0.7562164596690186,F0,partial-EMT & NOTCH signaling,"['ELF3', 'GRHL2', 'CLDN4', 'DSP', 'CGN', 'DSC2', 'ALDH1A3', 'JAG2', 'NOTCH1', 'HES4', 'HEY2', 'NOTCH2', 'NOTCH3']"
129,AZD7545,-0.2979091074409015,0.28084268382805766,F0,partial-EMT & NOTCH signaling,"['ELF3', 'GRHL2', 'CLDN4', 'DSP', 'CGN', 'DSC2', 'ALDH1A3', 'JAG2', 'NOTCH1', 'HES4', 'HEY2', 'NOTCH2', 'NOTCH3']"
130,VER-155008,-0.10850115035253267,0.6682487465207678,F0,partial-EMT & NOTCH signaling,"['ELF3', 'GRHL2', 'CLDN4', 'DSP', 'CGN', 'DSC2', 'ALDH1A3', 'JAG2', 'NOTCH1', 'HES4', 'HEY2', 'NOTCH2', 'NOTCH3']"
131,ML203,-0.13050097361860793,0.6176183282108101,F0,partial-EMT & NOTCH signaling,"['ELF3', 'GRHL2', 'CLDN4', 'DSP', 'CGN', 'DSC2', 'ALDH1A3', 'JAG2', 'NOTCH1', 'HES4', 'HEY2', 'NOTCH2', 'NOTCH3']"
132,SRT-1720,-0.07543901985403972,0.7893099155798095,F0,partial-EMT & NOTCH signaling,"['ELF3', 'GRHL2', 'CLDN4', 'DSP', 'CGN', 'DSC2', 'ALDH1A3', 'JAG2', 'NOTCH1', 'HES4', 'HEY2', 'NOTCH2', 'NOTCH3']"
133,CAY10594,0.048067950635823094,0.8596842557732083,F0,partial-EMT & NOTCH signaling,"['ELF3', 'GRHL2', 'CLDN4', 'DSP', 'CGN', 'DSC2', 'ALDH1A3', 'JAG2', 'NOTCH1', 'HES4', 'HEY2', 'NOTCH2', 'NOTCH3']"
134,Compound 1541A,0.19072006648361745,0.4634156828135503,F0,partial-EMT & NOTCH signaling,"['ELF3', 'GRHL2', 'CLDN4', 'DSP', 'CGN', 'DSC2', 'ALDH1A3', 'JAG2', 'NOTCH1', 'HES4', 'HEY2', 'NOTCH2', 'NOTCH3']"
135,RG108,0.07024111117894004,0.7818144798135906,F0,partial-EMT & NOTCH signaling,"['ELF3', 'GRHL2', 'CLDN4', 'DSP', 'CGN', 'DSC2', 'ALDH1A3', 'JAG2', 'NOTCH1', 'HES4', 'HEY2', 'NOTCH2', 'NOTCH3']"
136,PAC-1,-0.17665335065595988,0.4976155548245968,F0,partial-EMT & NOTCH signaling,"['ELF3', 'GRHL2', 'CLDN4', 'DSP', 'CGN', 'DSC2', 'ALDH1A3', 'JAG2', 'NOTCH1', 'HES4', 'HEY2', 'NOTCH2', 'NOTCH3']"
137,pluripotin,0.3041390707533588,0.23528393796773245,F0,partial-EMT & NOTCH signaling,"['ELF3', 'GRHL2', 'CLDN4', 'DSP', 'CGN', 'DSC2', 'ALDH1A3', 'JAG2', 'NOTCH1', 'HES4', 'HEY2', 'NOTCH2', 'NOTCH3']"
138,GMX-1778,-0.029927880313916178,0.9061601221809232,F0,partial-EMT & NOTCH signaling,"['ELF3', 'GRHL2', 'CLDN4', 'DSP', 'CGN', 'DSC2', 'ALDH1A3', 'JAG2', 'NOTCH1', 'HES4', 'HEY2', 'NOTCH2', 'NOTCH3']"
139,avrainvillamide,0.10397490157252466,0.7609531851237599,F0,partial-EMT & NOTCH signaling,"['ELF3', 'GRHL2', 'CLDN4', 'DSP', 'CGN', 'DSC2', 'ALDH1A3', 'JAG2', 'NOTCH1', 'HES4', 'HEY2', 'NOTCH2', 'NOTCH3']"
140,BMS-536924,0.12689814529774907,0.6395565765908278,F0,partial-EMT & NOTCH signaling,"['ELF3', 'GRHL2', 'CLDN4', 'DSP', 'CGN', 'DSC2', 'ALDH1A3', 'JAG2', 'NOTCH1', 'HES4', 'HEY2', 'NOTCH2', 'NOTCH3']"
141,gemcitabine,-0.04884453941379984,0.8574387157349945,F0,partial-EMT & NOTCH signaling,"['ELF3', 'GRHL2', 'CLDN4', 'DSP', 'CGN', 'DSC2', 'ALDH1A3', 'JAG2', 'NOTCH1', 'HES4', 'HEY2', 'NOTCH2', 'NOTCH3']"
142,olaparib,0.034177107305729676,0.8929045292751177,F0,partial-EMT & NOTCH signaling,"['ELF3', 'GRHL2', 'CLDN4', 'DSP', 'CGN', 'DSC2', 'ALDH1A3', 'JAG2', 'NOTCH1', 'HES4', 'HEY2', 'NOTCH2', 'NOTCH3']"
143,oligomycin A,0.06502734507011139,0.797678939307014,F0,partial-EMT & NOTCH signaling,"['ELF3', 'GRHL2', 'CLDN4', 'DSP', 'CGN', 'DSC2', 'ALDH1A3', 'JAG2', 'NOTCH1', 'HES4', 'HEY2', 'NOTCH2', 'NOTCH3']"
144,indisulam,-0.029034689601307034,0.9089495760961626,F0,partial-EMT & NOTCH signaling,"['ELF3', 'GRHL2', 'CLDN4', 'DSP', 'CGN', 'DSC2', 'ALDH1A3', 'JAG2', 'NOTCH1', 'HES4', 'HEY2', 'NOTCH2', 'NOTCH3']"
145,BRD-K02492147,-0.31245055742152245,0.25687326333918276,F0,partial-EMT & NOTCH signaling,"['ELF3', 'GRHL2', 'CLDN4', 'DSP', 'CGN', 'DSC2', 'ALDH1A3', 'JAG2', 'NOTCH1', 'HES4', 'HEY2', 'NOTCH2', 'NOTCH3']"
146,austocystin D,0.09126865901176663,0.7187168375889585,F0,partial-EMT & NOTCH signaling,"['ELF3', 'GRHL2', 'CLDN4', 'DSP', 'CGN', 'DSC2', 'ALDH1A3', 'JAG2', 'NOTCH1', 'HES4', 'HEY2', 'NOTCH2', 'NOTCH3']"
147,SJ-172550,0.04985303863132463,0.8493014427436109,F0,partial-EMT & NOTCH signaling,"['ELF3', 'GRHL2', 'CLDN4', 'DSP', 'CGN', 'DSC2', 'ALDH1A3', 'JAG2', 'NOTCH1', 'HES4', 'HEY2', 'NOTCH2', 'NOTCH3']"
148,BRD-K09587429,-0.13818054176492844,0.6098089627257983,F0,partial-EMT & NOTCH signaling,"['ELF3', 'GRHL2', 'CLDN4', 'DSP', 'CGN', 'DSC2', 'ALDH1A3', 'JAG2', 'NOTCH1', 'HES4', 'HEY2', 'NOTCH2', 'NOTCH3']"
149,pandacostat,0.17980681548939667,0.47526370056716116,F0,partial-EMT & NOTCH signaling,"['ELF3', 'GRHL2', 'CLDN4', 'DSP', 'CGN', 'DSC2', 'ALDH1A3', 'JAG2', 'NOTCH1', 'HES4', 'HEY2', 'NOTCH2', 'NOTCH3']"
150,cyanoquinoline 11,-0.3645061949770684,0.33481453549790713,F0,partial-EMT & NOTCH signaling,"['ELF3', 'GRHL2', 'CLDN4', 'DSP', 'CGN', 'DSC2', 'ALDH1A3', 'JAG2', 'NOTCH1', 'HES4', 'HEY2', 'NOTCH2', 'NOTCH3']"
151,tipifarnib,-0.6069202511419053,0.08307798040178285,F0,partial-EMT & NOTCH signaling,"['ELF3', 'GRHL2', 'CLDN4', 'DSP', 'CGN', 'DSC2', 'ALDH1A3', 'JAG2', 'NOTCH1', 'HES4', 'HEY2', 'NOTCH2', 'NOTCH3']"
152,tipifarnib-P1,0.062069742506582315,0.8129251446210134,F0,partial-EMT & NOTCH signaling,"['ELF3', 'GRHL2', 'CLDN4', 'DSP', 'CGN', 'DSC2', 'ALDH1A3', 'JAG2', 'NOTCH1', 'HES4', 'HEY2', 'NOTCH2', 'NOTCH3']"
153,Compound 23 citrate,0.18648779162707774,0.5232417544337201,F0,partial-EMT & NOTCH signaling,"['ELF3', 'GRHL2', 'CLDN4', 'DSP', 'CGN', 'DSC2', 'ALDH1A3', 'JAG2', 'NOTCH1', 'HES4', 'HEY2', 'NOTCH2', 'NOTCH3']"
154,nakiterpiosin,-0.05110521581131251,0.8403968024499294,F0,partial-EMT & NOTCH signaling,"['ELF3', 'GRHL2', 'CLDN4', 'DSP', 'CGN', 'DSC2', 'ALDH1A3', 'JAG2', 'NOTCH1', 'HES4', 'HEY2', 'NOTCH2', 'NOTCH3']"
155,CCT036477,0.1907634954427525,0.44830624858888746,F0,partial-EMT & NOTCH signaling,"['ELF3', 'GRHL2', 'CLDN4', 'DSP', 'CGN', 'DSC2', 'ALDH1A3', 'JAG2', 'NOTCH1', 'HES4', 'HEY2', 'NOTCH2', 'NOTCH3']"
156,R406,0.16652737178087756,0.537627392928312,F0,partial-EMT & NOTCH signaling,"['ELF3', 'GRHL2', 'CLDN4', 'DSP', 'CGN', 'DSC2', 'ALDH1A3', 'JAG2', 'NOTCH1', 'HES4', 'HEY2', 'NOTCH2', 'NOTCH3']"
157,YM-155,0.38670645771192763,0.15447913801337457,F0,partial-EMT & NOTCH signaling,"['ELF3', 'GRHL2', 'CLDN4', 'DSP', 'CGN', 'DSC2', 'ALDH1A3', 'JAG2', 'NOTCH1', 'HES4', 'HEY2', 'NOTCH2', 'NOTCH3']"
158,BMS-754807,0.5754418016661432,0.015651277382294458,F0,partial-EMT & NOTCH signaling,"['ELF3', 'GRHL2', 'CLDN4', 'DSP', 'CGN', 'DSC2', 'ALDH1A3', 'JAG2', 'NOTCH1', 'HES4', 'HEY2', 'NOTCH2', 'NOTCH3']"
159,BIBR-1532,0.32536944000939644,0.1876652102839697,F0,partial-EMT & NOTCH signaling,"['ELF3', 'GRHL2', 'CLDN4', 'DSP', 'CGN', 'DSC2', 'ALDH1A3', 'JAG2', 'NOTCH1', 'HES4', 'HEY2', 'NOTCH2', 'NOTCH3']"
160,tosedostat,0.21167239591593645,0.4147437215437302,F0,partial-EMT & NOTCH signaling,"['ELF3', 'GRHL2', 'CLDN4', 'DSP', 'CGN', 'DSC2', 'ALDH1A3', 'JAG2', 'NOTCH1', 'HES4', 'HEY2', 'NOTCH2', 'NOTCH3']"
161,neratinib,0.11012771965832077,0.6635504097925704,F0,partial-EMT & NOTCH signaling,"['ELF3', 'GRHL2', 'CLDN4', 'DSP', 'CGN', 'DSC2', 'ALDH1A3', 'JAG2', 'NOTCH1', 'HES4', 'HEY2', 'NOTCH2', 'NOTCH3']"
162,ICG-001,0.1459579530879219,0.5633316648783367,F0,partial-EMT & NOTCH signaling,"['ELF3', 'GRHL2', 'CLDN4', 'DSP', 'CGN', 'DSC2', 'ALDH1A3', 'JAG2', 'NOTCH1', 'HES4', 'HEY2', 'NOTCH2', 'NOTCH3']"
163,BRD8958,0.40635897490683176,0.13283078487969763,F0,partial-EMT & NOTCH signaling,"['ELF3', 'GRHL2', 'CLDN4', 'DSP', 'CGN', 'DSC2', 'ALDH1A3', 'JAG2', 'NOTCH1', 'HES4', 'HEY2', 'NOTCH2', 'NOTCH3']"
164,serdemetan,0.010775192635441867,0.9672607608677398,F0,partial-EMT & NOTCH signaling,"['ELF3', 'GRHL2', 'CLDN4', 'DSP', 'CGN', 'DSC2', 'ALDH1A3', 'JAG2', 'NOTCH1', 'HES4', 'HEY2', 'NOTCH2', 'NOTCH3']"
165,FK-866,0.15180262844108405,0.5891483952713719,F0,partial-EMT & NOTCH signaling,"['ELF3', 'GRHL2', 'CLDN4', 'DSP', 'CGN', 'DSC2', 'ALDH1A3', 'JAG2', 'NOTCH1', 'HES4', 'HEY2', 'NOTCH2', 'NOTCH3']"
166,MK-1775,0.15203512918269035,0.5602214088750167,F0,partial-EMT & NOTCH signaling,"['ELF3', 'GRHL2', 'CLDN4', 'DSP', 'CGN', 'DSC2', 'ALDH1A3', 'JAG2', 'NOTCH1', 'HES4', 'HEY2', 'NOTCH2', 'NOTCH3']"
167,tivozanib,0.03481391836030789,0.8909202196201784,F0,partial-EMT & NOTCH signaling,"['ELF3', 'GRHL2', 'CLDN4', 'DSP', 'CGN', 'DSC2', 'ALDH1A3', 'JAG2', 'NOTCH1', 'HES4', 'HEY2', 'NOTCH2', 'NOTCH3']"
168,Ko143,-0.24399898413621246,0.32919500403523383,F0,partial-EMT & NOTCH signaling,"['ELF3', 'GRHL2', 'CLDN4', 'DSP', 'CGN', 'DSC2', 'ALDH1A3', 'JAG2', 'NOTCH1', 'HES4', 'HEY2', 'NOTCH2', 'NOTCH3']"
169,CR-1-31B,-0.09887779859558292,0.6962812650313631,F0,partial-EMT & NOTCH signaling,"['ELF3', 'GRHL2', 'CLDN4', 'DSP', 'CGN', 'DSC2', 'ALDH1A3', 'JAG2', 'NOTCH1', 'HES4', 'HEY2', 'NOTCH2', 'NOTCH3']"
170,BRD-K26531177,0.16835035907231916,0.5486666862635322,F0,partial-EMT & NOTCH signaling,"['ELF3', 'GRHL2', 'CLDN4', 'DSP', 'CGN', 'DSC2', 'ALDH1A3', 'JAG2', 'NOTCH1', 'HES4', 'HEY2', 'NOTCH2', 'NOTCH3']"
171,BRD-K71781559,-0.3779567919738859,0.1489128078657509,F0,partial-EMT & NOTCH signaling,"['ELF3', 'GRHL2', 'CLDN4', 'DSP', 'CGN', 'DSC2', 'ALDH1A3', 'JAG2', 'NOTCH1', 'HES4', 'HEY2', 'NOTCH2', 'NOTCH3']"
172,BRD-K04800985,-0.15180901584009807,0.560811829548455,F0,partial-EMT & NOTCH signaling,"['ELF3', 'GRHL2', 'CLDN4', 'DSP', 'CGN', 'DSC2', 'ALDH1A3', 'JAG2', 'NOTCH1', 'HES4', 'HEY2', 'NOTCH2', 'NOTCH3']"
173,BRD-K19103580,-0.24712433505730172,0.3389439324563813,F0,partial-EMT & NOTCH signaling,"['ELF3', 'GRHL2', 'CLDN4', 'DSP', 'CGN', 'DSC2', 'ALDH1A3', 'JAG2', 'NOTCH1', 'HES4', 'HEY2', 'NOTCH2', 'NOTCH3']"
174,BRD-K64610608,0.3222653574588863,0.2071246509998616,F0,partial-EMT & NOTCH signaling,"['ELF3', 'GRHL2', 'CLDN4', 'DSP', 'CGN', 'DSC2', 'ALDH1A3', 'JAG2', 'NOTCH1', 'HES4', 'HEY2', 'NOTCH2', 'NOTCH3']"
175,BRD-K02251932,0.019933100467325382,0.9415902718849503,F0,partial-EMT & NOTCH signaling,"['ELF3', 'GRHL2', 'CLDN4', 'DSP', 'CGN', 'DSC2', 'ALDH1A3', 'JAG2', 'NOTCH1', 'HES4', 'HEY2', 'NOTCH2', 'NOTCH3']"
176,BRD-K55116708,0.019668674421513377,0.9423639097795178,F0,partial-EMT & NOTCH signaling,"['ELF3', 'GRHL2', 'CLDN4', 'DSP', 'CGN', 'DSC2', 'ALDH1A3', 'JAG2', 'NOTCH1', 'HES4', 'HEY2', 'NOTCH2', 'NOTCH3']"
177,NSC23766,0.04233993227196274,0.8718207264464134,F0,partial-EMT & NOTCH signaling,"['ELF3', 'GRHL2', 'CLDN4', 'DSP', 'CGN', 'DSC2', 'ALDH1A3', 'JAG2', 'NOTCH1', 'HES4', 'HEY2', 'NOTCH2', 'NOTCH3']"
178,pyrazolanthrone,-0.03518753382020606,0.8933459491634275,F0,partial-EMT & NOTCH signaling,"['ELF3', 'GRHL2', 'CLDN4', 'DSP', 'CGN', 'DSC2', 'ALDH1A3', 'JAG2', 'NOTCH1', 'HES4', 'HEY2', 'NOTCH2', 'NOTCH3']"
179,C6-ceramide,-0.188481629806405,0.4538548514908025,F0,partial-EMT & NOTCH signaling,"['ELF3', 'GRHL2', 'CLDN4', 'DSP', 'CGN', 'DSC2', 'ALDH1A3', 'JAG2', 'NOTCH1', 'HES4', 'HEY2', 'NOTCH2', 'NOTCH3']"
180,topotecan,-0.0952531453252859,0.7069399528592697,F0,partial-EMT & NOTCH signaling,"['ELF3', 'GRHL2', 'CLDN4', 'DSP', 'CGN', 'DSC2', 'ALDH1A3', 'JAG2', 'NOTCH1', 'HES4', 'HEY2', 'NOTCH2', 'NOTCH3']"
181,BRD-K16147474,-0.13754250134062168,0.6114766020918722,F0,partial-EMT & NOTCH signaling,"['ELF3', 'GRHL2', 'CLDN4', 'DSP', 'CGN', 'DSC2', 'ALDH1A3', 'JAG2', 'NOTCH1', 'HES4', 'HEY2', 'NOTCH2', 'NOTCH3']"
182,BRD-K33199242,-0.005399925367226575,0.9841650095414345,F0,partial-EMT & NOTCH signaling,"['ELF3', 'GRHL2', 'CLDN4', 'DSP', 'CGN', 'DSC2', 'ALDH1A3', 'JAG2', 'NOTCH1', 'HES4', 'HEY2', 'NOTCH2', 'NOTCH3']"
183,BRD-K52037352,-0.29522872569151143,0.3054907569634406,F0,partial-EMT & NOTCH signaling,"['ELF3', 'GRHL2', 'CLDN4', 'DSP', 'CGN', 'DSC2', 'ALDH1A3', 'JAG2', 'NOTCH1', 'HES4', 'HEY2', 'NOTCH2', 'NOTCH3']"
184,N9-isopropylolomoucine,0.3297680341146946,0.19614062812497882,F0,partial-EMT & NOTCH signaling,"['ELF3', 'GRHL2', 'CLDN4', 'DSP', 'CGN', 'DSC2', 'ALDH1A3', 'JAG2', 'NOTCH1', 'HES4', 'HEY2', 'NOTCH2', 'NOTCH3']"
185,BRD-K37390332,-0.2950691235299907,0.2502416335907342,F0,partial-EMT & NOTCH signaling,"['ELF3', 'GRHL2', 'CLDN4', 'DSP', 'CGN', 'DSC2', 'ALDH1A3', 'JAG2', 'NOTCH1', 'HES4', 'HEY2', 'NOTCH2', 'NOTCH3']"
186,tandutinib,0.30161047639245886,0.2562630005438022,F0,partial-EMT & NOTCH signaling,"['ELF3', 'GRHL2', 'CLDN4', 'DSP', 'CGN', 'DSC2', 'ALDH1A3', 'JAG2', 'NOTCH1', 'HES4', 'HEY2', 'NOTCH2', 'NOTCH3']"
187,importazole,0.2508049515955387,0.3154516647007415,F0,partial-EMT & NOTCH signaling,"['ELF3', 'GRHL2', 'CLDN4', 'DSP', 'CGN', 'DSC2', 'ALDH1A3', 'JAG2', 'NOTCH1', 'HES4', 'HEY2', 'NOTCH2', 'NOTCH3']"
188,isonicotinohydroxamic acid,0.5649620551258266,0.1129563994101389,F0,partial-EMT & NOTCH signaling,"['ELF3', 'GRHL2', 'CLDN4', 'DSP', 'CGN', 'DSC2', 'ALDH1A3', 'JAG2', 'NOTCH1', 'HES4', 'HEY2', 'NOTCH2', 'NOTCH3']"
189,HLI 373,0.007033276074749831,0.9779033652029732,F0,partial-EMT & NOTCH signaling,"['ELF3', 'GRHL2', 'CLDN4', 'DSP', 'CGN', 'DSC2', 'ALDH1A3', 'JAG2', 'NOTCH1', 'HES4', 'HEY2', 'NOTCH2', 'NOTCH3']"
190,etoposide,0.014917199828185406,0.954686174346637,F0,partial-EMT & NOTCH signaling,"['ELF3', 'GRHL2', 'CLDN4', 'DSP', 'CGN', 'DSC2', 'ALDH1A3', 'JAG2', 'NOTCH1', 'HES4', 'HEY2', 'NOTCH2', 'NOTCH3']"
191,PRIMA1,-0.3622730962009256,0.1845180066496037,F0,partial-EMT & NOTCH signaling,"['ELF3', 'GRHL2', 'CLDN4', 'DSP', 'CGN', 'DSC2', 'ALDH1A3', 'JAG2', 'NOTCH1', 'HES4', 'HEY2', 'NOTCH2', 'NOTCH3']"
192,tanespimycin,-0.1219790954994484,0.6296867230817078,F0,partial-EMT & NOTCH signaling,"['ELF3', 'GRHL2', 'CLDN4', 'DSP', 'CGN', 'DSC2', 'ALDH1A3', 'JAG2', 'NOTCH1', 'HES4', 'HEY2', 'NOTCH2', 'NOTCH3']"
193,cytochalasin-B,-0.07506847404754204,0.7671983344707105,F0,partial-EMT & NOTCH signaling,"['ELF3', 'GRHL2', 'CLDN4', 'DSP', 'CGN', 'DSC2', 'ALDH1A3', 'JAG2', 'NOTCH1', 'HES4', 'HEY2', 'NOTCH2', 'NOTCH3']"
194,NSC-95397,0.23101003566383108,0.40745960310776547,F0,partial-EMT & NOTCH signaling,"['ELF3', 'GRHL2', 'CLDN4', 'DSP', 'CGN', 'DSC2', 'ALDH1A3', 'JAG2', 'NOTCH1', 'HES4', 'HEY2', 'NOTCH2', 'NOTCH3']"
195,manumycin A,-0.43375944683237955,0.08194368609772563,F0,partial-EMT & NOTCH signaling,"['ELF3', 'GRHL2', 'CLDN4', 'DSP', 'CGN', 'DSC2', 'ALDH1A3', 'JAG2', 'NOTCH1', 'HES4', 'HEY2', 'NOTCH2', 'NOTCH3']"
196,mitomycin-C,0.012696142223437762,0.962779075500091,F0,partial-EMT & NOTCH signaling,"['ELF3', 'GRHL2', 'CLDN4', 'DSP', 'CGN', 'DSC2', 'ALDH1A3', 'JAG2', 'NOTCH1', 'HES4', 'HEY2', 'NOTCH2', 'NOTCH3']"
197,tacrolimus,-0.494304814479251,0.07238344208732493,F0,partial-EMT & NOTCH signaling,"['ELF3', 'GRHL2', 'CLDN4', 'DSP', 'CGN', 'DSC2', 'ALDH1A3', 'JAG2', 'NOTCH1', 'HES4', 'HEY2', 'NOTCH2', 'NOTCH3']"
198,pifithrin-alpha,0.16259669397081045,0.5474038465876934,F0,partial-EMT & NOTCH signaling,"['ELF3', 'GRHL2', 'CLDN4', 'DSP', 'CGN', 'DSC2', 'ALDH1A3', 'JAG2', 'NOTCH1', 'HES4', 'HEY2', 'NOTCH2', 'NOTCH3']"
199,SB-431542,0.02221817756758186,0.9302688304756681,F0,partial-EMT & NOTCH signaling,"['ELF3', 'GRHL2', 'CLDN4', 'DSP', 'CGN', 'DSC2', 'ALDH1A3', 'JAG2', 'NOTCH1', 'HES4', 'HEY2', 'NOTCH2', 'NOTCH3']"
200,SB-225002,-0.07197706733774618,0.7765501200967212,F0,partial-EMT & NOTCH signaling,"['ELF3', 'GRHL2', 'CLDN4', 'DSP', 'CGN', 'DSC2', 'ALDH1A3', 'JAG2', 'NOTCH1', 'HES4', 'HEY2', 'NOTCH2', 'NOTCH3']"
201,PD-153035,0.08674344470730617,0.8116700497173109,F0,partial-EMT & NOTCH signaling,"['ELF3', 'GRHL2', 'CLDN4', 'DSP', 'CGN', 'DSC2', 'ALDH1A3', 'JAG2', 'NOTCH1', 'HES4', 'HEY2', 'NOTCH2', 'NOTCH3']"
202,cerulenin,-0.08911906232456027,0.7250956919223397,F0,partial-EMT & NOTCH signaling,"['ELF3', 'GRHL2', 'CLDN4', 'DSP', 'CGN', 'DSC2', 'ALDH1A3', 'JAG2', 'NOTCH1', 'HES4', 'HEY2', 'NOTCH2', 'NOTCH3']"
203,purmorphamine,-0.29102273265461087,0.31275642557976685,F0,partial-EMT & NOTCH signaling,"['ELF3', 'GRHL2', 'CLDN4', 'DSP', 'CGN', 'DSC2', 'ALDH1A3', 'JAG2', 'NOTCH1', 'HES4', 'HEY2', 'NOTCH2', 'NOTCH3']"
204,GSK-3-inhibitor-IX,-0.1430187282837553,0.5839709015977879,F0,partial-EMT & NOTCH signaling,"['ELF3', 'GRHL2', 'CLDN4', 'DSP', 'CGN', 'DSC2', 'ALDH1A3', 'JAG2', 'NOTCH1', 'HES4', 'HEY2', 'NOTCH2', 'NOTCH3']"
205,dasatinib,0.04661232476908556,0.8542794934956043,F0,partial-EMT & NOTCH signaling,"['ELF3', 'GRHL2', 'CLDN4', 'DSP', 'CGN', 'DSC2', 'ALDH1A3', 'JAG2', 'NOTCH1', 'HES4', 'HEY2', 'NOTCH2', 'NOTCH3']"
206,gefitinib,0.31542763303800725,0.23402795385561548,F0,partial-EMT & NOTCH signaling,"['ELF3', 'GRHL2', 'CLDN4', 'DSP', 'CGN', 'DSC2', 'ALDH1A3', 'JAG2', 'NOTCH1', 'HES4', 'HEY2', 'NOTCH2', 'NOTCH3']"
207,erlotinib,-0.06628776010226212,0.8073005459159672,F0,partial-EMT & NOTCH signaling,"['ELF3', 'GRHL2', 'CLDN4', 'DSP', 'CGN', 'DSC2', 'ALDH1A3', 'JAG2', 'NOTCH1', 'HES4', 'HEY2', 'NOTCH2', 'NOTCH3']"
208,BRD-K94991378,0.17042973373173873,0.543666789023568,F0,partial-EMT & NOTCH signaling,"['ELF3', 'GRHL2', 'CLDN4', 'DSP', 'CGN', 'DSC2', 'ALDH1A3', 'JAG2', 'NOTCH1', 'HES4', 'HEY2', 'NOTCH2', 'NOTCH3']"
209,BIX-01294,0.04999257782497974,0.8488841847223283,F0,partial-EMT & NOTCH signaling,"['ELF3', 'GRHL2', 'CLDN4', 'DSP', 'CGN', 'DSC2', 'ALDH1A3', 'JAG2', 'NOTCH1', 'HES4', 'HEY2', 'NOTCH2', 'NOTCH3']"
210,tacedinaline,0.06912235218282486,0.8309732266402776,F0,partial-EMT & NOTCH signaling,"['ELF3', 'GRHL2', 'CLDN4', 'DSP', 'CGN', 'DSC2', 'ALDH1A3', 'JAG2', 'NOTCH1', 'HES4', 'HEY2', 'NOTCH2', 'NOTCH3']"
211,panobinostat,0.10334823464253956,0.6832098404614804,F0,partial-EMT & NOTCH signaling,"['ELF3', 'GRHL2', 'CLDN4', 'DSP', 'CGN', 'DSC2', 'ALDH1A3', 'JAG2', 'NOTCH1', 'HES4', 'HEY2', 'NOTCH2', 'NOTCH3']"
212,IC-87114,-0.16652797502571617,0.5229541851785297,F0,partial-EMT & NOTCH signaling,"['ELF3', 'GRHL2', 'CLDN4', 'DSP', 'CGN', 'DSC2', 'ALDH1A3', 'JAG2', 'NOTCH1', 'HES4', 'HEY2', 'NOTCH2', 'NOTCH3']"
213,ciclosporin,-0.14695710915083612,0.5870550349301396,F0,partial-EMT & NOTCH signaling,"['ELF3', 'GRHL2', 'CLDN4', 'DSP', 'CGN', 'DSC2', 'ALDH1A3', 'JAG2', 'NOTCH1', 'HES4', 'HEY2', 'NOTCH2', 'NOTCH3']"
214,vorinostat,0.33530860994517286,0.18827922704563366,F0,partial-EMT & NOTCH signaling,"['ELF3', 'GRHL2', 'CLDN4', 'DSP', 'CGN', 'DSC2', 'ALDH1A3', 'JAG2', 'NOTCH1', 'HES4', 'HEY2', 'NOTCH2', 'NOTCH3']"
215,sirolimus,-0.12220298481195518,0.6290534442330544,F0,partial-EMT & NOTCH signaling,"['ELF3', 'GRHL2', 'CLDN4', 'DSP', 'CGN', 'DSC2', 'ALDH1A3', 'JAG2', 'NOTCH1', 'HES4', 'HEY2', 'NOTCH2', 'NOTCH3']"
216,MIRA-1,-0.0648427517439276,0.8497707085396868,F0,partial-EMT & NOTCH signaling,"['ELF3', 'GRHL2', 'CLDN4', 'DSP', 'CGN', 'DSC2', 'ALDH1A3', 'JAG2', 'NOTCH1', 'HES4', 'HEY2', 'NOTCH2', 'NOTCH3']"
217,KU-55933,-0.19636531365200632,0.46606920532319496,F0,partial-EMT & NOTCH signaling,"['ELF3', 'GRHL2', 'CLDN4', 'DSP', 'CGN', 'DSC2', 'ALDH1A3', 'JAG2', 'NOTCH1', 'HES4', 'HEY2', 'NOTCH2', 'NOTCH3']"
218,AM-580,0.15652309478361648,0.5485588174738636,F0,partial-EMT & NOTCH signaling,"['ELF3', 'GRHL2', 'CLDN4', 'DSP', 'CGN', 'DSC2', 'ALDH1A3', 'JAG2', 'NOTCH1', 'HES4', 'HEY2', 'NOTCH2', 'NOTCH3']"
219,PDMP,-0.2539610845553224,0.36105358165527707,F0,partial-EMT & NOTCH signaling,"['ELF3', 'GRHL2', 'CLDN4', 'DSP', 'CGN', 'DSC2', 'ALDH1A3', 'JAG2', 'NOTCH1', 'HES4', 'HEY2', 'NOTCH2', 'NOTCH3']"
220,BRD-K71935468,0.33811286966001797,0.1843808442426774,F0,partial-EMT & NOTCH signaling,"['ELF3', 'GRHL2', 'CLDN4', 'DSP', 'CGN', 'DSC2', 'ALDH1A3', 'JAG2', 'NOTCH1', 'HES4', 'HEY2', 'NOTCH2', 'NOTCH3']"
221,NSC48300,0.10890217608694717,0.6670892875837441,F0,partial-EMT & NOTCH signaling,"['ELF3', 'GRHL2', 'CLDN4', 'DSP', 'CGN', 'DSC2', 'ALDH1A3', 'JAG2', 'NOTCH1', 'HES4', 'HEY2', 'NOTCH2', 'NOTCH3']"
222,PRIMA-1-Met,-0.5121557962419544,0.1586517122158262,F0,partial-EMT & NOTCH signaling,"['ELF3', 'GRHL2', 'CLDN4', 'DSP', 'CGN', 'DSC2', 'ALDH1A3', 'JAG2', 'NOTCH1', 'HES4', 'HEY2', 'NOTCH2', 'NOTCH3']"
223,evodiamine,0.013531281216539731,0.9588926544971617,F0,partial-EMT & NOTCH signaling,"['ELF3', 'GRHL2', 'CLDN4', 'DSP', 'CGN', 'DSC2', 'ALDH1A3', 'JAG2', 'NOTCH1', 'HES4', 'HEY2', 'NOTCH2', 'NOTCH3']"
224,UNC0638,0.08144759857779495,0.7819371730691305,F0,partial-EMT & NOTCH signaling,"['ELF3', 'GRHL2', 'CLDN4', 'DSP', 'CGN', 'DSC2', 'ALDH1A3', 'JAG2', 'NOTCH1', 'HES4', 'HEY2', 'NOTCH2', 'NOTCH3']"
225,cucurbitacin I,0.08970706447939808,0.7411069411953655,F0,partial-EMT & NOTCH signaling,"['ELF3', 'GRHL2', 'CLDN4', 'DSP', 'CGN', 'DSC2', 'ALDH1A3', 'JAG2', 'NOTCH1', 'HES4', 'HEY2', 'NOTCH2', 'NOTCH3']"
226,BRD-K50799972,-0.16692126749146288,0.5219590357098598,F0,partial-EMT & NOTCH signaling,"['ELF3', 'GRHL2', 'CLDN4', 'DSP', 'CGN', 'DSC2', 'ALDH1A3', 'JAG2', 'NOTCH1', 'HES4', 'HEY2', 'NOTCH2', 'NOTCH3']"
227,BRD-K17060750,-0.1970296102860835,0.4332501033778949,F0,partial-EMT & NOTCH signaling,"['ELF3', 'GRHL2', 'CLDN4', 'DSP', 'CGN', 'DSC2', 'ALDH1A3', 'JAG2', 'NOTCH1', 'HES4', 'HEY2', 'NOTCH2', 'NOTCH3']"
228,barasertib,0.19043688141874135,0.4640923672084103,F0,partial-EMT & NOTCH signaling,"['ELF3', 'GRHL2', 'CLDN4', 'DSP', 'CGN', 'DSC2', 'ALDH1A3', 'JAG2', 'NOTCH1', 'HES4', 'HEY2', 'NOTCH2', 'NOTCH3']"
229,entinostat,0.1735601620665371,0.49098343277923273,F0,partial-EMT & NOTCH signaling,"['ELF3', 'GRHL2', 'CLDN4', 'DSP', 'CGN', 'DSC2', 'ALDH1A3', 'JAG2', 'NOTCH1', 'HES4', 'HEY2', 'NOTCH2', 'NOTCH3']"
230,belinostat,0.13984326341883674,0.7197156120083055,F0,partial-EMT & NOTCH signaling,"['ELF3', 'GRHL2', 'CLDN4', 'DSP', 'CGN', 'DSC2', 'ALDH1A3', 'JAG2', 'NOTCH1', 'HES4', 'HEY2', 'NOTCH2', 'NOTCH3']"
231,linifanib,0.09403026596596513,0.7105478089011912,F0,partial-EMT & NOTCH signaling,"['ELF3', 'GRHL2', 'CLDN4', 'DSP', 'CGN', 'DSC2', 'ALDH1A3', 'JAG2', 'NOTCH1', 'HES4', 'HEY2', 'NOTCH2', 'NOTCH3']"
232,veliparib,-0.07961088959242824,0.7535127900893589,F0,partial-EMT & NOTCH signaling,"['ELF3', 'GRHL2', 'CLDN4', 'DSP', 'CGN', 'DSC2', 'ALDH1A3', 'JAG2', 'NOTCH1', 'HES4', 'HEY2', 'NOTCH2', 'NOTCH3']"
233,saracatinib,-0.11441119047071084,0.6619383453862878,F0,partial-EMT & NOTCH signaling,"['ELF3', 'GRHL2', 'CLDN4', 'DSP', 'CGN', 'DSC2', 'ALDH1A3', 'JAG2', 'NOTCH1', 'HES4', 'HEY2', 'NOTCH2', 'NOTCH3']"
234,afatinib,0.15833436338488924,0.5580925294422169,F0,partial-EMT & NOTCH signaling,"['ELF3', 'GRHL2', 'CLDN4', 'DSP', 'CGN', 'DSC2', 'ALDH1A3', 'JAG2', 'NOTCH1', 'HES4', 'HEY2', 'NOTCH2', 'NOTCH3']"
235,cediranib,0.19340002606470158,0.6180834918770615,F0,partial-EMT & NOTCH signaling,"['ELF3', 'GRHL2', 'CLDN4', 'DSP', 'CGN', 'DSC2', 'ALDH1A3', 'JAG2', 'NOTCH1', 'HES4', 'HEY2', 'NOTCH2', 'NOTCH3']"
236,canertinib,-0.0256672717153948,0.9194749544366903,F0,partial-EMT & NOTCH signaling,"['ELF3', 'GRHL2', 'CLDN4', 'DSP', 'CGN', 'DSC2', 'ALDH1A3', 'JAG2', 'NOTCH1', 'HES4', 'HEY2', 'NOTCH2', 'NOTCH3']"
237,obatoclax,0.189594903204315,0.46610722185236075,F0,partial-EMT & NOTCH signaling,"['ELF3', 'GRHL2', 'CLDN4', 'DSP', 'CGN', 'DSC2', 'ALDH1A3', 'JAG2', 'NOTCH1', 'HES4', 'HEY2', 'NOTCH2', 'NOTCH3']"
238,masitinib,0.09807875433596944,0.7080384602915524,F0,partial-EMT & NOTCH signaling,"['ELF3', 'GRHL2', 'CLDN4', 'DSP', 'CGN', 'DSC2', 'ALDH1A3', 'JAG2', 'NOTCH1', 'HES4', 'HEY2', 'NOTCH2', 'NOTCH3']"
239,ZSTK-474,-0.16136029134331303,0.5223941646332363,F0,partial-EMT & NOTCH signaling,"['ELF3', 'GRHL2', 'CLDN4', 'DSP', 'CGN', 'DSC2', 'ALDH1A3', 'JAG2', 'NOTCH1', 'HES4', 'HEY2', 'NOTCH2', 'NOTCH3']"
240,brivanib,0.10659541673989126,0.7053513337152395,F0,partial-EMT & NOTCH signaling,"['ELF3', 'GRHL2', 'CLDN4', 'DSP', 'CGN', 'DSC2', 'ALDH1A3', 'JAG2', 'NOTCH1', 'HES4', 'HEY2', 'NOTCH2', 'NOTCH3']"
241,GDC-0879,0.19899901597509928,0.42857325129251256,F0,partial-EMT & NOTCH signaling,"['ELF3', 'GRHL2', 'CLDN4', 'DSP', 'CGN', 'DSC2', 'ALDH1A3', 'JAG2', 'NOTCH1', 'HES4', 'HEY2', 'NOTCH2', 'NOTCH3']"
242,NVP-TAE684,0.03654765006391213,0.8855210506984111,F0,partial-EMT & NOTCH signaling,"['ELF3', 'GRHL2', 'CLDN4', 'DSP', 'CGN', 'DSC2', 'ALDH1A3', 'JAG2', 'NOTCH1', 'HES4', 'HEY2', 'NOTCH2', 'NOTCH3']"
243,BMS-387032,-0.12192348647729878,0.6651144333528984,F0,partial-EMT & NOTCH signaling,"['ELF3', 'GRHL2', 'CLDN4', 'DSP', 'CGN', 'DSC2', 'ALDH1A3', 'JAG2', 'NOTCH1', 'HES4', 'HEY2', 'NOTCH2', 'NOTCH3']"
244,PLX4720,0.0879317577189731,0.7286264046837188,F0,partial-EMT & NOTCH signaling,"['ELF3', 'GRHL2', 'CLDN4', 'DSP', 'CGN', 'DSC2', 'ALDH1A3', 'JAG2', 'NOTCH1', 'HES4', 'HEY2', 'NOTCH2', 'NOTCH3']"
245,TGX-221,-0.5349032597957308,0.026938835716925586,F0,partial-EMT & NOTCH signaling,"['ELF3', 'GRHL2', 'CLDN4', 'DSP', 'CGN', 'DSC2', 'ALDH1A3', 'JAG2', 'NOTCH1', 'HES4', 'HEY2', 'NOTCH2', 'NOTCH3']"
246,KU-0063794,0.27265630558375914,0.27367323043596653,F0,partial-EMT & NOTCH signaling,"['ELF3', 'GRHL2', 'CLDN4', 'DSP', 'CGN', 'DSC2', 'ALDH1A3', 'JAG2', 'NOTCH1', 'HES4', 'HEY2', 'NOTCH2', 'NOTCH3']"
247,TG100-115,-0.25282715292521063,0.31143481945347873,F0,partial-EMT & NOTCH signaling,"['ELF3', 'GRHL2', 'CLDN4', 'DSP', 'CGN', 'DSC2', 'ALDH1A3', 'JAG2', 'NOTCH1', 'HES4', 'HEY2', 'NOTCH2', 'NOTCH3']"
248,GSK1059615,0.030802024997574194,0.9242939506054789,F0,partial-EMT & NOTCH signaling,"['ELF3', 'GRHL2', 'CLDN4', 'DSP', 'CGN', 'DSC2', 'ALDH1A3', 'JAG2', 'NOTCH1', 'HES4', 'HEY2', 'NOTCH2', 'NOTCH3']"
249,SU11274,0.3324730000569168,0.17765114575890312,F0,partial-EMT & NOTCH signaling,"['ELF3', 'GRHL2', 'CLDN4', 'DSP', 'CGN', 'DSC2', 'ALDH1A3', 'JAG2', 'NOTCH1', 'HES4', 'HEY2', 'NOTCH2', 'NOTCH3']"
250,PCI-34051,0.02567477555105417,0.9248048809417941,F0,partial-EMT & NOTCH signaling,"['ELF3', 'GRHL2', 'CLDN4', 'DSP', 'CGN', 'DSC2', 'ALDH1A3', 'JAG2', 'NOTCH1', 'HES4', 'HEY2', 'NOTCH2', 'NOTCH3']"
251,LRRK2-IN-1,0.030050182690473562,0.9261373452845065,F0,partial-EMT & NOTCH signaling,"['ELF3', 'GRHL2', 'CLDN4', 'DSP', 'CGN', 'DSC2', 'ALDH1A3', 'JAG2', 'NOTCH1', 'HES4', 'HEY2', 'NOTCH2', 'NOTCH3']"
252,BRD8899,-0.2530081194649849,0.3110768434405536,F0,partial-EMT & NOTCH signaling,"['ELF3', 'GRHL2', 'CLDN4', 'DSP', 'CGN', 'DSC2', 'ALDH1A3', 'JAG2', 'NOTCH1', 'HES4', 'HEY2', 'NOTCH2', 'NOTCH3']"
253,EX-527,0.3416256707165401,0.21267536202192705,F0,partial-EMT & NOTCH signaling,"['ELF3', 'GRHL2', 'CLDN4', 'DSP', 'CGN', 'DSC2', 'ALDH1A3', 'JAG2', 'NOTCH1', 'HES4', 'HEY2', 'NOTCH2', 'NOTCH3']"
254,ELCPK,-0.029260617151013975,0.9451676503781903,F0,partial-EMT & NOTCH signaling,"['ELF3', 'GRHL2', 'CLDN4', 'DSP', 'CGN', 'DSC2', 'ALDH1A3', 'JAG2', 'NOTCH1', 'HES4', 'HEY2', 'NOTCH2', 'NOTCH3']"
255,NPC-26,-0.11474983793970417,0.6960789718232846,F0,partial-EMT & NOTCH signaling,"['ELF3', 'GRHL2', 'CLDN4', 'DSP', 'CGN', 'DSC2', 'ALDH1A3', 'JAG2', 'NOTCH1', 'HES4', 'HEY2', 'NOTCH2', 'NOTCH3']"
256,"1S,3R-RSL-3",-0.21482963666225863,0.39195803143675956,F0,partial-EMT & NOTCH signaling,"['ELF3', 'GRHL2', 'CLDN4', 'DSP', 'CGN', 'DSC2', 'ALDH1A3', 'JAG2', 'NOTCH1', 'HES4', 'HEY2', 'NOTCH2', 'NOTCH3']"
257,CIL55A,-0.19458281936981922,0.6158942637521069,F0,partial-EMT & NOTCH signaling,"['ELF3', 'GRHL2', 'CLDN4', 'DSP', 'CGN', 'DSC2', 'ALDH1A3', 'JAG2', 'NOTCH1', 'HES4', 'HEY2', 'NOTCH2', 'NOTCH3']"
258,SCH-529074,-0.11632129056645832,0.6797289088811919,F0,partial-EMT & NOTCH signaling,"['ELF3', 'GRHL2', 'CLDN4', 'DSP', 'CGN', 'DSC2', 'ALDH1A3', 'JAG2', 'NOTCH1', 'HES4', 'HEY2', 'NOTCH2', 'NOTCH3']"
259,stemregenin-1,0.027084588540448363,0.9206876758409224,F0,partial-EMT & NOTCH signaling,"['ELF3', 'GRHL2', 'CLDN4', 'DSP', 'CGN', 'DSC2', 'ALDH1A3', 'JAG2', 'NOTCH1', 'HES4', 'HEY2', 'NOTCH2', 'NOTCH3']"
260,FQI-2,-0.08938781107052499,0.7329782049362602,F0,partial-EMT & NOTCH signaling,"['ELF3', 'GRHL2', 'CLDN4', 'DSP', 'CGN', 'DSC2', 'ALDH1A3', 'JAG2', 'NOTCH1', 'HES4', 'HEY2', 'NOTCH2', 'NOTCH3']"
261,ML210,-0.10757201179858696,0.6709378461002877,F0,partial-EMT & NOTCH signaling,"['ELF3', 'GRHL2', 'CLDN4', 'DSP', 'CGN', 'DSC2', 'ALDH1A3', 'JAG2', 'NOTCH1', 'HES4', 'HEY2', 'NOTCH2', 'NOTCH3']"
262,darinaparsin,0.005477621466694569,0.9888413601895557,F0,partial-EMT & NOTCH signaling,"['ELF3', 'GRHL2', 'CLDN4', 'DSP', 'CGN', 'DSC2', 'ALDH1A3', 'JAG2', 'NOTCH1', 'HES4', 'HEY2', 'NOTCH2', 'NOTCH3']"
263,PX-12,-0.5013232518086351,0.056935112780395265,F0,partial-EMT & NOTCH signaling,"['ELF3', 'GRHL2', 'CLDN4', 'DSP', 'CGN', 'DSC2', 'ALDH1A3', 'JAG2', 'NOTCH1', 'HES4', 'HEY2', 'NOTCH2', 'NOTCH3']"
264,GANT-61,0.14832404384198578,0.5699456237197706,F0,partial-EMT & NOTCH signaling,"['ELF3', 'GRHL2', 'CLDN4', 'DSP', 'CGN', 'DSC2', 'ALDH1A3', 'JAG2', 'NOTCH1', 'HES4', 'HEY2', 'NOTCH2', 'NOTCH3']"
265,PL-DI,-0.26598858157320665,0.3021168695841925,F0,partial-EMT & NOTCH signaling,"['ELF3', 'GRHL2', 'CLDN4', 'DSP', 'CGN', 'DSC2', 'ALDH1A3', 'JAG2', 'NOTCH1', 'HES4', 'HEY2', 'NOTCH2', 'NOTCH3']"
266,TW-37,0.13354449477867142,0.6219666512802082,F0,partial-EMT & NOTCH signaling,"['ELF3', 'GRHL2', 'CLDN4', 'DSP', 'CGN', 'DSC2', 'ALDH1A3', 'JAG2', 'NOTCH1', 'HES4', 'HEY2', 'NOTCH2', 'NOTCH3']"
267,AZD8055,0.03626814592852494,0.8863911612520865,F0,partial-EMT & NOTCH signaling,"['ELF3', 'GRHL2', 'CLDN4', 'DSP', 'CGN', 'DSC2', 'ALDH1A3', 'JAG2', 'NOTCH1', 'HES4', 'HEY2', 'NOTCH2', 'NOTCH3']"
268,CHM-1,0.0005821560821264145,0.9982307390044047,F0,partial-EMT & NOTCH signaling,"['ELF3', 'GRHL2', 'CLDN4', 'DSP', 'CGN', 'DSC2', 'ALDH1A3', 'JAG2', 'NOTCH1', 'HES4', 'HEY2', 'NOTCH2', 'NOTCH3']"
269,ML239,-0.03331310262606433,0.895597742379117,F0,partial-EMT & NOTCH signaling,"['ELF3', 'GRHL2', 'CLDN4', 'DSP', 'CGN', 'DSC2', 'ALDH1A3', 'JAG2', 'NOTCH1', 'HES4', 'HEY2', 'NOTCH2', 'NOTCH3']"
270,apicidin,0.0811540865330024,0.748879038213744,F0,partial-EMT & NOTCH signaling,"['ELF3', 'GRHL2', 'CLDN4', 'DSP', 'CGN', 'DSC2', 'ALDH1A3', 'JAG2', 'NOTCH1', 'HES4', 'HEY2', 'NOTCH2', 'NOTCH3']"
271,salermide,0.46277288323323856,0.15176482164910077,F0,partial-EMT & NOTCH signaling,"['ELF3', 'GRHL2', 'CLDN4', 'DSP', 'CGN', 'DSC2', 'ALDH1A3', 'JAG2', 'NOTCH1', 'HES4', 'HEY2', 'NOTCH2', 'NOTCH3']"
272,fumonisin B1,-0.043203340873648896,0.8648404571221227,F0,partial-EMT & NOTCH signaling,"['ELF3', 'GRHL2', 'CLDN4', 'DSP', 'CGN', 'DSC2', 'ALDH1A3', 'JAG2', 'NOTCH1', 'HES4', 'HEY2', 'NOTCH2', 'NOTCH3']"
273,JQ1-(+),-0.04798229415237521,0.8548990612652805,F0,partial-EMT & NOTCH signaling,"['ELF3', 'GRHL2', 'CLDN4', 'DSP', 'CGN', 'DSC2', 'ALDH1A3', 'JAG2', 'NOTCH1', 'HES4', 'HEY2', 'NOTCH2', 'NOTCH3']"
274,BRD-K51490254,-0.08961445193470732,0.7413656985140398,F0,partial-EMT & NOTCH signaling,"['ELF3', 'GRHL2', 'CLDN4', 'DSP', 'CGN', 'DSC2', 'ALDH1A3', 'JAG2', 'NOTCH1', 'HES4', 'HEY2', 'NOTCH2', 'NOTCH3']"
275,BRD-K85133207,-0.2551489161647131,0.3068606675993658,F0,partial-EMT & NOTCH signaling,"['ELF3', 'GRHL2', 'CLDN4', 'DSP', 'CGN', 'DSC2', 'ALDH1A3', 'JAG2', 'NOTCH1', 'HES4', 'HEY2', 'NOTCH2', 'NOTCH3']"
276,Merck60,0.23374482750826706,0.36655493665061767,F0,partial-EMT & NOTCH signaling,"['ELF3', 'GRHL2', 'CLDN4', 'DSP', 'CGN', 'DSC2', 'ALDH1A3', 'JAG2', 'NOTCH1', 'HES4', 'HEY2', 'NOTCH2', 'NOTCH3']"
277,BRD-A94377914,-0.2867937207485197,0.4543269256169237,F0,partial-EMT & NOTCH signaling,"['ELF3', 'GRHL2', 'CLDN4', 'DSP', 'CGN', 'DSC2', 'ALDH1A3', 'JAG2', 'NOTCH1', 'HES4', 'HEY2', 'NOTCH2', 'NOTCH3']"
278,compound 1B,0.09725575150374399,0.7010445154988423,F0,partial-EMT & NOTCH signaling,"['ELF3', 'GRHL2', 'CLDN4', 'DSP', 'CGN', 'DSC2', 'ALDH1A3', 'JAG2', 'NOTCH1', 'HES4', 'HEY2', 'NOTCH2', 'NOTCH3']"
279,BMS-345541,-0.16678126511591784,0.5223131842430735,F0,partial-EMT & NOTCH signaling,"['ELF3', 'GRHL2', 'CLDN4', 'DSP', 'CGN', 'DSC2', 'ALDH1A3', 'JAG2', 'NOTCH1', 'HES4', 'HEY2', 'NOTCH2', 'NOTCH3']"
280,CAY10576,-0.05933368011529321,0.8403203254042703,F0,partial-EMT & NOTCH signaling,"['ELF3', 'GRHL2', 'CLDN4', 'DSP', 'CGN', 'DSC2', 'ALDH1A3', 'JAG2', 'NOTCH1', 'HES4', 'HEY2', 'NOTCH2', 'NOTCH3']"
281,vincristine,0.04295415619086165,0.8699759637277185,F0,partial-EMT & NOTCH signaling,"['ELF3', 'GRHL2', 'CLDN4', 'DSP', 'CGN', 'DSC2', 'ALDH1A3', 'JAG2', 'NOTCH1', 'HES4', 'HEY2', 'NOTCH2', 'NOTCH3']"
282,cytarabine,-0.10128844198044584,0.7089617692887555,F0,partial-EMT & NOTCH signaling,"['ELF3', 'GRHL2', 'CLDN4', 'DSP', 'CGN', 'DSC2', 'ALDH1A3', 'JAG2', 'NOTCH1', 'HES4', 'HEY2', 'NOTCH2', 'NOTCH3']"
283,Repligen 136,0.007706491274429651,0.9757888672404414,F0,partial-EMT & NOTCH signaling,"['ELF3', 'GRHL2', 'CLDN4', 'DSP', 'CGN', 'DSC2', 'ALDH1A3', 'JAG2', 'NOTCH1', 'HES4', 'HEY2', 'NOTCH2', 'NOTCH3']"
284,nintedanib,-0.10244857635730546,0.6956021743413283,F0,partial-EMT & NOTCH signaling,"['ELF3', 'GRHL2', 'CLDN4', 'DSP', 'CGN', 'DSC2', 'ALDH1A3', 'JAG2', 'NOTCH1', 'HES4', 'HEY2', 'NOTCH2', 'NOTCH3']"
285,crizotinib,0.05507827662139907,0.8281574423021114,F0,partial-EMT & NOTCH signaling,"['ELF3', 'GRHL2', 'CLDN4', 'DSP', 'CGN', 'DSC2', 'ALDH1A3', 'JAG2', 'NOTCH1', 'HES4', 'HEY2', 'NOTCH2', 'NOTCH3']"
286,foretinib,-0.06626327645702283,0.7939111750126697,F0,partial-EMT & NOTCH signaling,"['ELF3', 'GRHL2', 'CLDN4', 'DSP', 'CGN', 'DSC2', 'ALDH1A3', 'JAG2', 'NOTCH1', 'HES4', 'HEY2', 'NOTCH2', 'NOTCH3']"
287,regorafenib,0.23449963391934864,0.3649647321925472,F0,partial-EMT & NOTCH signaling,"['ELF3', 'GRHL2', 'CLDN4', 'DSP', 'CGN', 'DSC2', 'ALDH1A3', 'JAG2', 'NOTCH1', 'HES4', 'HEY2', 'NOTCH2', 'NOTCH3']"
288,WZ8040,-0.1412138791677382,0.6301348729142136,F0,partial-EMT & NOTCH signaling,"['ELF3', 'GRHL2', 'CLDN4', 'DSP', 'CGN', 'DSC2', 'ALDH1A3', 'JAG2', 'NOTCH1', 'HES4', 'HEY2', 'NOTCH2', 'NOTCH3']"
289,OSI-930,0.4306069571558196,0.12428703291114601,F0,partial-EMT & NOTCH signaling,"['ELF3', 'GRHL2', 'CLDN4', 'DSP', 'CGN', 'DSC2', 'ALDH1A3', 'JAG2', 'NOTCH1', 'HES4', 'HEY2', 'NOTCH2', 'NOTCH3']"
290,MGCD-265,-0.10939128853635069,0.6979542114523732,F0,partial-EMT & NOTCH signaling,"['ELF3', 'GRHL2', 'CLDN4', 'DSP', 'CGN', 'DSC2', 'ALDH1A3', 'JAG2', 'NOTCH1', 'HES4', 'HEY2', 'NOTCH2', 'NOTCH3']"
291,lenvatinib,0.06995324396775798,0.7826883285665246,F0,partial-EMT & NOTCH signaling,"['ELF3', 'GRHL2', 'CLDN4', 'DSP', 'CGN', 'DSC2', 'ALDH1A3', 'JAG2', 'NOTCH1', 'HES4', 'HEY2', 'NOTCH2', 'NOTCH3']"
292,YK-4-279,-0.17521114584239367,0.4868043907690843,F0,partial-EMT & NOTCH signaling,"['ELF3', 'GRHL2', 'CLDN4', 'DSP', 'CGN', 'DSC2', 'ALDH1A3', 'JAG2', 'NOTCH1', 'HES4', 'HEY2', 'NOTCH2', 'NOTCH3']"
293,GPP-78,-0.0515219477381017,0.8497048267628755,F0,partial-EMT & NOTCH signaling,"['ELF3', 'GRHL2', 'CLDN4', 'DSP', 'CGN', 'DSC2', 'ALDH1A3', 'JAG2', 'NOTCH1', 'HES4', 'HEY2', 'NOTCH2', 'NOTCH3']"
294,KU 0060648,-0.11838202590881519,0.6623596596942614,F0,partial-EMT & NOTCH signaling,"['ELF3', 'GRHL2', 'CLDN4', 'DSP', 'CGN', 'DSC2', 'ALDH1A3', 'JAG2', 'NOTCH1', 'HES4', 'HEY2', 'NOTCH2', 'NOTCH3']"
295,narciclasine,0.17384806003596232,0.5045765362504727,F0,partial-EMT & NOTCH signaling,"['ELF3', 'GRHL2', 'CLDN4', 'DSP', 'CGN', 'DSC2', 'ALDH1A3', 'JAG2', 'NOTCH1', 'HES4', 'HEY2', 'NOTCH2', 'NOTCH3']"
296,ixazomib,-0.24791812864258458,0.33734443115208695,F0,partial-EMT & NOTCH signaling,"['ELF3', 'GRHL2', 'CLDN4', 'DSP', 'CGN', 'DSC2', 'ALDH1A3', 'JAG2', 'NOTCH1', 'HES4', 'HEY2', 'NOTCH2', 'NOTCH3']"
297,ISOX,0.026695260623374982,0.9218244810654403,F0,partial-EMT & NOTCH signaling,"['ELF3', 'GRHL2', 'CLDN4', 'DSP', 'CGN', 'DSC2', 'ALDH1A3', 'JAG2', 'NOTCH1', 'HES4', 'HEY2', 'NOTCH2', 'NOTCH3']"
298,itraconazole,-0.3250350656948504,0.20302424149489895,F0,partial-EMT & NOTCH signaling,"['ELF3', 'GRHL2', 'CLDN4', 'DSP', 'CGN', 'DSC2', 'ALDH1A3', 'JAG2', 'NOTCH1', 'HES4', 'HEY2', 'NOTCH2', 'NOTCH3']"
299,lapatinib,-0.21254031111130814,0.3971441615969028,F0,partial-EMT & NOTCH signaling,"['ELF3', 'GRHL2', 'CLDN4', 'DSP', 'CGN', 'DSC2', 'ALDH1A3', 'JAG2', 'NOTCH1', 'HES4', 'HEY2', 'NOTCH2', 'NOTCH3']"
300,BRD-K29313308,-0.02173872486057446,0.9363088533809283,F0,partial-EMT & NOTCH signaling,"['ELF3', 'GRHL2', 'CLDN4', 'DSP', 'CGN', 'DSC2', 'ALDH1A3', 'JAG2', 'NOTCH1', 'HES4', 'HEY2', 'NOTCH2', 'NOTCH3']"
301,UNC0321,0.08760137111099511,0.7296098106747946,F0,partial-EMT & NOTCH signaling,"['ELF3', 'GRHL2', 'CLDN4', 'DSP', 'CGN', 'DSC2', 'ALDH1A3', 'JAG2', 'NOTCH1', 'HES4', 'HEY2', 'NOTCH2', 'NOTCH3']"
302,erastin,0.030720777082833804,0.9100775326810842,F0,partial-EMT & NOTCH signaling,"['ELF3', 'GRHL2', 'CLDN4', 'DSP', 'CGN', 'DSC2', 'ALDH1A3', 'JAG2', 'NOTCH1', 'HES4', 'HEY2', 'NOTCH2', 'NOTCH3']"
303,SGX523,-0.1788181855960548,0.5075709526690645,F0,partial-EMT & NOTCH signaling,"['ELF3', 'GRHL2', 'CLDN4', 'DSP', 'CGN', 'DSC2', 'ALDH1A3', 'JAG2', 'NOTCH1', 'HES4', 'HEY2', 'NOTCH2', 'NOTCH3']"
304,sonidegib,0.4123686267556078,0.08902334688578206,F0,partial-EMT & NOTCH signaling,"['ELF3', 'GRHL2', 'CLDN4', 'DSP', 'CGN', 'DSC2', 'ALDH1A3', 'JAG2', 'NOTCH1', 'HES4', 'HEY2', 'NOTCH2', 'NOTCH3']"
305,alisertib,-0.09378729140373915,0.7112653563194045,F0,partial-EMT & NOTCH signaling,"['ELF3', 'GRHL2', 'CLDN4', 'DSP', 'CGN', 'DSC2', 'ALDH1A3', 'JAG2', 'NOTCH1', 'HES4', 'HEY2', 'NOTCH2', 'NOTCH3']"
306,AZD6482,-0.38144802704683617,0.11831085364003846,F0,partial-EMT & NOTCH signaling,"['ELF3', 'GRHL2', 'CLDN4', 'DSP', 'CGN', 'DSC2', 'ALDH1A3', 'JAG2', 'NOTCH1', 'HES4', 'HEY2', 'NOTCH2', 'NOTCH3']"
307,ruxolitinib,0.021294066444536217,0.933162862229579,F0,partial-EMT & NOTCH signaling,"['ELF3', 'GRHL2', 'CLDN4', 'DSP', 'CGN', 'DSC2', 'ALDH1A3', 'JAG2', 'NOTCH1', 'HES4', 'HEY2', 'NOTCH2', 'NOTCH3']"
308,bleomycin,-0.19345665429898495,0.456901931922725,F0,partial-EMT & NOTCH signaling,"['ELF3', 'GRHL2', 'CLDN4', 'DSP', 'CGN', 'DSC2', 'ALDH1A3', 'JAG2', 'NOTCH1', 'HES4', 'HEY2', 'NOTCH2', 'NOTCH3']"
309,GDC-0941,0.10487828383346491,0.6787554261158755,F0,partial-EMT & NOTCH signaling,"['ELF3', 'GRHL2', 'CLDN4', 'DSP', 'CGN', 'DSC2', 'ALDH1A3', 'JAG2', 'NOTCH1', 'HES4', 'HEY2', 'NOTCH2', 'NOTCH3']"
310,SB-525334,0.2477807042005824,0.3376210311132675,F0,partial-EMT & NOTCH signaling,"['ELF3', 'GRHL2', 'CLDN4', 'DSP', 'CGN', 'DSC2', 'ALDH1A3', 'JAG2', 'NOTCH1', 'HES4', 'HEY2', 'NOTCH2', 'NOTCH3']"
311,PHA-793887,0.3902763244422254,0.13504828252273626,F0,partial-EMT & NOTCH signaling,"['ELF3', 'GRHL2', 'CLDN4', 'DSP', 'CGN', 'DSC2', 'ALDH1A3', 'JAG2', 'NOTCH1', 'HES4', 'HEY2', 'NOTCH2', 'NOTCH3']"
312,quizartinib,0.08312413318996843,0.7429754791892166,F0,partial-EMT & NOTCH signaling,"['ELF3', 'GRHL2', 'CLDN4', 'DSP', 'CGN', 'DSC2', 'ALDH1A3', 'JAG2', 'NOTCH1', 'HES4', 'HEY2', 'NOTCH2', 'NOTCH3']"
313,fingolimod,-0.2460529446007957,0.34110969138548686,F0,partial-EMT & NOTCH signaling,"['ELF3', 'GRHL2', 'CLDN4', 'DSP', 'CGN', 'DSC2', 'ALDH1A3', 'JAG2', 'NOTCH1', 'HES4', 'HEY2', 'NOTCH2', 'NOTCH3']"
314,pazopanib,0.4245247016767134,0.10122067927393438,F0,partial-EMT & NOTCH signaling,"['ELF3', 'GRHL2', 'CLDN4', 'DSP', 'CGN', 'DSC2', 'ALDH1A3', 'JAG2', 'NOTCH1', 'HES4', 'HEY2', 'NOTCH2', 'NOTCH3']"
315,WZ-4002,-0.030341433209474605,0.9336891832391947,F0,partial-EMT & NOTCH signaling,"['ELF3', 'GRHL2', 'CLDN4', 'DSP', 'CGN', 'DSC2', 'ALDH1A3', 'JAG2', 'NOTCH1', 'HES4', 'HEY2', 'NOTCH2', 'NOTCH3']"
316,BRD-K24690302,-0.014255328746503535,0.9566949221833976,F0,partial-EMT & NOTCH signaling,"['ELF3', 'GRHL2', 'CLDN4', 'DSP', 'CGN', 'DSC2', 'ALDH1A3', 'JAG2', 'NOTCH1', 'HES4', 'HEY2', 'NOTCH2', 'NOTCH3']"
317,BRD-K70511574,0.16234513500224618,0.5480321756268367,F0,partial-EMT & NOTCH signaling,"['ELF3', 'GRHL2', 'CLDN4', 'DSP', 'CGN', 'DSC2', 'ALDH1A3', 'JAG2', 'NOTCH1', 'HES4', 'HEY2', 'NOTCH2', 'NOTCH3']"
318,vemurafenib,0.033931284275420505,0.8971343398772592,F0,partial-EMT & NOTCH signaling,"['ELF3', 'GRHL2', 'CLDN4', 'DSP', 'CGN', 'DSC2', 'ALDH1A3', 'JAG2', 'NOTCH1', 'HES4', 'HEY2', 'NOTCH2', 'NOTCH3']"
319,BRD-K48477130,0.24884816050170544,0.5184879559468017,F0,partial-EMT & NOTCH signaling,"['ELF3', 'GRHL2', 'CLDN4', 'DSP', 'CGN', 'DSC2', 'ALDH1A3', 'JAG2', 'NOTCH1', 'HES4', 'HEY2', 'NOTCH2', 'NOTCH3']"
320,GSK461364,0.0018315744523750566,0.9946287293184662,F0,partial-EMT & NOTCH signaling,"['ELF3', 'GRHL2', 'CLDN4', 'DSP', 'CGN', 'DSC2', 'ALDH1A3', 'JAG2', 'NOTCH1', 'HES4', 'HEY2', 'NOTCH2', 'NOTCH3']"
321,YL54,-0.7492524252817746,0.001303423364266313,F0,partial-EMT & NOTCH signaling,"['ELF3', 'GRHL2', 'CLDN4', 'DSP', 'CGN', 'DSC2', 'ALDH1A3', 'JAG2', 'NOTCH1', 'HES4', 'HEY2', 'NOTCH2', 'NOTCH3']"
322,BRD-K20514654,0.05536597417797354,0.887497089134917,F0,partial-EMT & NOTCH signaling,"['ELF3', 'GRHL2', 'CLDN4', 'DSP', 'CGN', 'DSC2', 'ALDH1A3', 'JAG2', 'NOTCH1', 'HES4', 'HEY2', 'NOTCH2', 'NOTCH3']"
323,BRD-K55473186,-0.032418040456611244,0.9246164787609635,F0,partial-EMT & NOTCH signaling,"['ELF3', 'GRHL2', 'CLDN4', 'DSP', 'CGN', 'DSC2', 'ALDH1A3', 'JAG2', 'NOTCH1', 'HES4', 'HEY2', 'NOTCH2', 'NOTCH3']"
324,BRD-K28456706,-0.01350840488925258,0.9603994733352246,F0,partial-EMT & NOTCH signaling,"['ELF3', 'GRHL2', 'CLDN4', 'DSP', 'CGN', 'DSC2', 'ALDH1A3', 'JAG2', 'NOTCH1', 'HES4', 'HEY2', 'NOTCH2', 'NOTCH3']"
325,STF-31,0.05085123939687561,0.846317404917965,F0,partial-EMT & NOTCH signaling,"['ELF3', 'GRHL2', 'CLDN4', 'DSP', 'CGN', 'DSC2', 'ALDH1A3', 'JAG2', 'NOTCH1', 'HES4', 'HEY2', 'NOTCH2', 'NOTCH3']"
326,ML334 diastereomer,0.14668742320309688,0.6669169499865444,F0,partial-EMT & NOTCH signaling,"['ELF3', 'GRHL2', 'CLDN4', 'DSP', 'CGN', 'DSC2', 'ALDH1A3', 'JAG2', 'NOTCH1', 'HES4', 'HEY2', 'NOTCH2', 'NOTCH3']"
327,spautin-1,0.35594947893713613,0.14713223643412301,F0,partial-EMT & NOTCH signaling,"['ELF3', 'GRHL2', 'CLDN4', 'DSP', 'CGN', 'DSC2', 'ALDH1A3', 'JAG2', 'NOTCH1', 'HES4', 'HEY2', 'NOTCH2', 'NOTCH3']"
328,VAF-347,-0.43118259363824246,0.1616693793473756,F0,partial-EMT & NOTCH signaling,"['ELF3', 'GRHL2', 'CLDN4', 'DSP', 'CGN', 'DSC2', 'ALDH1A3', 'JAG2', 'NOTCH1', 'HES4', 'HEY2', 'NOTCH2', 'NOTCH3']"
329,BRD-A02303741,-0.18596829484735314,0.4904550821914696,F0,partial-EMT & NOTCH signaling,"['ELF3', 'GRHL2', 'CLDN4', 'DSP', 'CGN', 'DSC2', 'ALDH1A3', 'JAG2', 'NOTCH1', 'HES4', 'HEY2', 'NOTCH2', 'NOTCH3']"
330,ML320,-0.41618334998220236,0.13882890381801932,F0,partial-EMT & NOTCH signaling,"['ELF3', 'GRHL2', 'CLDN4', 'DSP', 'CGN', 'DSC2', 'ALDH1A3', 'JAG2', 'NOTCH1', 'HES4', 'HEY2', 'NOTCH2', 'NOTCH3']"
331,tigecycline,0.13351077687826615,0.732021893460812,F0,partial-EMT & NOTCH signaling,"['ELF3', 'GRHL2', 'CLDN4', 'DSP', 'CGN', 'DSC2', 'ALDH1A3', 'JAG2', 'NOTCH1', 'HES4', 'HEY2', 'NOTCH2', 'NOTCH3']"
332,PF-573228,0.09941202091638274,0.7042364868891897,F0,partial-EMT & NOTCH signaling,"['ELF3', 'GRHL2', 'CLDN4', 'DSP', 'CGN', 'DSC2', 'ALDH1A3', 'JAG2', 'NOTCH1', 'HES4', 'HEY2', 'NOTCH2', 'NOTCH3']"
333,ceranib-2,0.10954720018546697,0.6755565341306212,F0,partial-EMT & NOTCH signaling,"['ELF3', 'GRHL2', 'CLDN4', 'DSP', 'CGN', 'DSC2', 'ALDH1A3', 'JAG2', 'NOTCH1', 'HES4', 'HEY2', 'NOTCH2', 'NOTCH3']"
334,GSK4112,0.024069838818562773,0.9269397783070131,F0,partial-EMT & NOTCH signaling,"['ELF3', 'GRHL2', 'CLDN4', 'DSP', 'CGN', 'DSC2', 'ALDH1A3', 'JAG2', 'NOTCH1', 'HES4', 'HEY2', 'NOTCH2', 'NOTCH3']"
335,etomoxir,-0.09269422762087023,0.7144962187570978,F0,partial-EMT & NOTCH signaling,"['ELF3', 'GRHL2', 'CLDN4', 'DSP', 'CGN', 'DSC2', 'ALDH1A3', 'JAG2', 'NOTCH1', 'HES4', 'HEY2', 'NOTCH2', 'NOTCH3']"
336,HC-067047,-0.12921454213809958,0.6462611721823778,F0,partial-EMT & NOTCH signaling,"['ELF3', 'GRHL2', 'CLDN4', 'DSP', 'CGN', 'DSC2', 'ALDH1A3', 'JAG2', 'NOTCH1', 'HES4', 'HEY2', 'NOTCH2', 'NOTCH3']"
337,IPR-456,-0.22681794133245248,0.38132808758607406,F0,partial-EMT & NOTCH signaling,"['ELF3', 'GRHL2', 'CLDN4', 'DSP', 'CGN', 'DSC2', 'ALDH1A3', 'JAG2', 'NOTCH1', 'HES4', 'HEY2', 'NOTCH2', 'NOTCH3']"
338,KH-CB19,0.38861428498176787,0.23754135216302172,F0,partial-EMT & NOTCH signaling,"['ELF3', 'GRHL2', 'CLDN4', 'DSP', 'CGN', 'DSC2', 'ALDH1A3', 'JAG2', 'NOTCH1', 'HES4', 'HEY2', 'NOTCH2', 'NOTCH3']"
339,leptomycin B,0.04728204768379696,0.8522074167336209,F0,partial-EMT & NOTCH signaling,"['ELF3', 'GRHL2', 'CLDN4', 'DSP', 'CGN', 'DSC2', 'ALDH1A3', 'JAG2', 'NOTCH1', 'HES4', 'HEY2', 'NOTCH2', 'NOTCH3']"
340,AZ3146,0.1785505124698568,0.5413795804830497,F0,partial-EMT & NOTCH signaling,"['ELF3', 'GRHL2', 'CLDN4', 'DSP', 'CGN', 'DSC2', 'ALDH1A3', 'JAG2', 'NOTCH1', 'HES4', 'HEY2', 'NOTCH2', 'NOTCH3']"
341,VU0155056,-0.12252796687506765,0.6394362619346844,F0,partial-EMT & NOTCH signaling,"['ELF3', 'GRHL2', 'CLDN4', 'DSP', 'CGN', 'DSC2', 'ALDH1A3', 'JAG2', 'NOTCH1', 'HES4', 'HEY2', 'NOTCH2', 'NOTCH3']"
342,JQ-1:UNC0638,-0.004337565315319432,0.9868180060834749,F0,partial-EMT & NOTCH signaling,"['ELF3', 'GRHL2', 'CLDN4', 'DSP', 'CGN', 'DSC2', 'ALDH1A3', 'JAG2', 'NOTCH1', 'HES4', 'HEY2', 'NOTCH2', 'NOTCH3']"
343,carboplatin:UNC0638,0.3092788313528194,0.24376760736105563,F0,partial-EMT & NOTCH signaling,"['ELF3', 'GRHL2', 'CLDN4', 'DSP', 'CGN', 'DSC2', 'ALDH1A3', 'JAG2', 'NOTCH1', 'HES4', 'HEY2', 'NOTCH2', 'NOTCH3']"
344,vorinostat:carboplatin,0.32491723557308494,0.18831515171373375,F0,partial-EMT & NOTCH signaling,"['ELF3', 'GRHL2', 'CLDN4', 'DSP', 'CGN', 'DSC2', 'ALDH1A3', 'JAG2', 'NOTCH1', 'HES4', 'HEY2', 'NOTCH2', 'NOTCH3']"
345,serdemetan:SCH-529074,-0.29757499045696467,0.2629942961709152,F0,partial-EMT & NOTCH signaling,"['ELF3', 'GRHL2', 'CLDN4', 'DSP', 'CGN', 'DSC2', 'ALDH1A3', 'JAG2', 'NOTCH1', 'HES4', 'HEY2', 'NOTCH2', 'NOTCH3']"
346,selumetinib:PLX-4032,0.18733492464675341,0.47153678875491245,F0,partial-EMT & NOTCH signaling,"['ELF3', 'GRHL2', 'CLDN4', 'DSP', 'CGN', 'DSC2', 'ALDH1A3', 'JAG2', 'NOTCH1', 'HES4', 'HEY2', 'NOTCH2', 'NOTCH3']"
347,sirolimus:bortezomib,0.05356890869503123,0.832802900032855,F0,partial-EMT & NOTCH signaling,"['ELF3', 'GRHL2', 'CLDN4', 'DSP', 'CGN', 'DSC2', 'ALDH1A3', 'JAG2', 'NOTCH1', 'HES4', 'HEY2', 'NOTCH2', 'NOTCH3']"
348,BRD-K97651142,0.45277347153458136,0.059187362415804995,F0,partial-EMT & NOTCH signaling,"['ELF3', 'GRHL2', 'CLDN4', 'DSP', 'CGN', 'DSC2', 'ALDH1A3', 'JAG2', 'NOTCH1', 'HES4', 'HEY2', 'NOTCH2', 'NOTCH3']"
349,vorapaxar,-0.09753350260149289,0.7095951988371827,F0,partial-EMT & NOTCH signaling,"['ELF3', 'GRHL2', 'CLDN4', 'DSP', 'CGN', 'DSC2', 'ALDH1A3', 'JAG2', 'NOTCH1', 'HES4', 'HEY2', 'NOTCH2', 'NOTCH3']"
350,CH55,0.23236346235783004,0.36947515712851736,F0,partial-EMT & NOTCH signaling,"['ELF3', 'GRHL2', 'CLDN4', 'DSP', 'CGN', 'DSC2', 'ALDH1A3', 'JAG2', 'NOTCH1', 'HES4', 'HEY2', 'NOTCH2', 'NOTCH3']"
351,BRD-K79669418,-0.16014201302053827,0.7048278745250108,F0,partial-EMT & NOTCH signaling,"['ELF3', 'GRHL2', 'CLDN4', 'DSP', 'CGN', 'DSC2', 'ALDH1A3', 'JAG2', 'NOTCH1', 'HES4', 'HEY2', 'NOTCH2', 'NOTCH3']"
352,BRD-K99584050,-0.01162781317089294,0.9781998154130676,F0,partial-EMT & NOTCH signaling,"['ELF3', 'GRHL2', 'CLDN4', 'DSP', 'CGN', 'DSC2', 'ALDH1A3', 'JAG2', 'NOTCH1', 'HES4', 'HEY2', 'NOTCH2', 'NOTCH3']"
353,BRD-A71883111,0.014097502041080625,0.9557249156822436,F0,partial-EMT & NOTCH signaling,"['ELF3', 'GRHL2', 'CLDN4', 'DSP', 'CGN', 'DSC2', 'ALDH1A3', 'JAG2', 'NOTCH1', 'HES4', 'HEY2', 'NOTCH2', 'NOTCH3']"
354,navitoclax:birinapant,-0.07135209099886977,0.7855220058204593,F0,partial-EMT & NOTCH signaling,"['ELF3', 'GRHL2', 'CLDN4', 'DSP', 'CGN', 'DSC2', 'ALDH1A3', 'JAG2', 'NOTCH1', 'HES4', 'HEY2', 'NOTCH2', 'NOTCH3']"
355,ISOX:bortezomib,-0.4593889557648491,0.07343482938924815,F0,partial-EMT & NOTCH signaling,"['ELF3', 'GRHL2', 'CLDN4', 'DSP', 'CGN', 'DSC2', 'ALDH1A3', 'JAG2', 'NOTCH1', 'HES4', 'HEY2', 'NOTCH2', 'NOTCH3']"
356,selumetinib:GDC-0941,0.19418645911032684,0.45517263998396784,F0,partial-EMT & NOTCH signaling,"['ELF3', 'GRHL2', 'CLDN4', 'DSP', 'CGN', 'DSC2', 'ALDH1A3', 'JAG2', 'NOTCH1', 'HES4', 'HEY2', 'NOTCH2', 'NOTCH3']"
357,selumetinib:tretinoin,0.1959489716186657,0.45100997311111085,F0,partial-EMT & NOTCH signaling,"['ELF3', 'GRHL2', 'CLDN4', 'DSP', 'CGN', 'DSC2', 'ALDH1A3', 'JAG2', 'NOTCH1', 'HES4', 'HEY2', 'NOTCH2', 'NOTCH3']"
358,selumetinib:vorinostat,0.29624086449036574,0.24827659674361466,F0,partial-EMT & NOTCH signaling,"['ELF3', 'GRHL2', 'CLDN4', 'DSP', 'CGN', 'DSC2', 'ALDH1A3', 'JAG2', 'NOTCH1', 'HES4', 'HEY2', 'NOTCH2', 'NOTCH3']"
359,selumetinib:JQ-1,0.18197027255582987,0.48454924032598506,F0,partial-EMT & NOTCH signaling,"['ELF3', 'GRHL2', 'CLDN4', 'DSP', 'CGN', 'DSC2', 'ALDH1A3', 'JAG2', 'NOTCH1', 'HES4', 'HEY2', 'NOTCH2', 'NOTCH3']"
360,selumetinib:BRD-A02303741,0.17070404817825652,0.49825379397082126,F0,partial-EMT & NOTCH signaling,"['ELF3', 'GRHL2', 'CLDN4', 'DSP', 'CGN', 'DSC2', 'ALDH1A3', 'JAG2', 'NOTCH1', 'HES4', 'HEY2', 'NOTCH2', 'NOTCH3']"
361,tretinoin:navitoclax,-0.03157567712797183,0.9042435988394978,F0,partial-EMT & NOTCH signaling,"['ELF3', 'GRHL2', 'CLDN4', 'DSP', 'CGN', 'DSC2', 'ALDH1A3', 'JAG2', 'NOTCH1', 'HES4', 'HEY2', 'NOTCH2', 'NOTCH3']"
362,decitabine:navitoclax,0.05477425620482035,0.8346093487126498,F0,partial-EMT & NOTCH signaling,"['ELF3', 'GRHL2', 'CLDN4', 'DSP', 'CGN', 'DSC2', 'ALDH1A3', 'JAG2', 'NOTCH1', 'HES4', 'HEY2', 'NOTCH2', 'NOTCH3']"
363,tretinoin:carboplatin,0.09318383198048548,0.7130484782421118,F0,partial-EMT & NOTCH signaling,"['ELF3', 'GRHL2', 'CLDN4', 'DSP', 'CGN', 'DSC2', 'ALDH1A3', 'JAG2', 'NOTCH1', 'HES4', 'HEY2', 'NOTCH2', 'NOTCH3']"
364,necrostatin-7,-0.19800407170067252,0.4309326766316709,F0,partial-EMT & NOTCH signaling,"['ELF3', 'GRHL2', 'CLDN4', 'DSP', 'CGN', 'DSC2', 'ALDH1A3', 'JAG2', 'NOTCH1', 'HES4', 'HEY2', 'NOTCH2', 'NOTCH3']"
365,PYR-41,-0.109264880716139,0.6763499490444381,F0,partial-EMT & NOTCH signaling,"['ELF3', 'GRHL2', 'CLDN4', 'DSP', 'CGN', 'DSC2', 'ALDH1A3', 'JAG2', 'NOTCH1', 'HES4', 'HEY2', 'NOTCH2', 'NOTCH3']"
366,I-BET151,0.052037283894191225,0.8375222520837613,F0,partial-EMT & NOTCH signaling,"['ELF3', 'GRHL2', 'CLDN4', 'DSP', 'CGN', 'DSC2', 'ALDH1A3', 'JAG2', 'NOTCH1', 'HES4', 'HEY2', 'NOTCH2', 'NOTCH3']"
367,lomeguatrib,-0.0006569699943350119,0.9980033685321283,F0,partial-EMT & NOTCH signaling,"['ELF3', 'GRHL2', 'CLDN4', 'DSP', 'CGN', 'DSC2', 'ALDH1A3', 'JAG2', 'NOTCH1', 'HES4', 'HEY2', 'NOTCH2', 'NOTCH3']"
368,PF-184,-0.24525725503555854,0.3266281828964512,F0,partial-EMT & NOTCH signaling,"['ELF3', 'GRHL2', 'CLDN4', 'DSP', 'CGN', 'DSC2', 'ALDH1A3', 'JAG2', 'NOTCH1', 'HES4', 'HEY2', 'NOTCH2', 'NOTCH3']"
369,tanespimycin:gemcitabine,-0.051945083179277624,0.837806517626767,F0,partial-EMT & NOTCH signaling,"['ELF3', 'GRHL2', 'CLDN4', 'DSP', 'CGN', 'DSC2', 'ALDH1A3', 'JAG2', 'NOTCH1', 'HES4', 'HEY2', 'NOTCH2', 'NOTCH3']"
370,docetaxel:tanespimycin,-0.061354126998088274,0.808901670694257,F0,partial-EMT & NOTCH signaling,"['ELF3', 'GRHL2', 'CLDN4', 'DSP', 'CGN', 'DSC2', 'ALDH1A3', 'JAG2', 'NOTCH1', 'HES4', 'HEY2', 'NOTCH2', 'NOTCH3']"
371,selumetinib:MK-2206,-0.025638270573311053,0.9221921849468458,F0,partial-EMT & NOTCH signaling,"['ELF3', 'GRHL2', 'CLDN4', 'DSP', 'CGN', 'DSC2', 'ALDH1A3', 'JAG2', 'NOTCH1', 'HES4', 'HEY2', 'NOTCH2', 'NOTCH3']"
372,navitoclax:PLX-4032,-0.1305527311607168,0.6056148484090564,F0,partial-EMT & NOTCH signaling,"['ELF3', 'GRHL2', 'CLDN4', 'DSP', 'CGN', 'DSC2', 'ALDH1A3', 'JAG2', 'NOTCH1', 'HES4', 'HEY2', 'NOTCH2', 'NOTCH3']"
373,selumetinib:piperlongumine,0.09177118338083819,0.7172281444316184,F0,partial-EMT & NOTCH signaling,"['ELF3', 'GRHL2', 'CLDN4', 'DSP', 'CGN', 'DSC2', 'ALDH1A3', 'JAG2', 'NOTCH1', 'HES4', 'HEY2', 'NOTCH2', 'NOTCH3']"
374,tanespimycin:bortezomib,0.3253553514349166,0.23668309314665759,F0,partial-EMT & NOTCH signaling,"['ELF3', 'GRHL2', 'CLDN4', 'DSP', 'CGN', 'DSC2', 'ALDH1A3', 'JAG2', 'NOTCH1', 'HES4', 'HEY2', 'NOTCH2', 'NOTCH3']"
375,navitoclax:MST-312,0.09462254361757512,0.7087996779746487,F0,partial-EMT & NOTCH signaling,"['ELF3', 'GRHL2', 'CLDN4', 'DSP', 'CGN', 'DSC2', 'ALDH1A3', 'JAG2', 'NOTCH1', 'HES4', 'HEY2', 'NOTCH2', 'NOTCH3']"
376,carboplatin:etoposide,-0.0789744362554606,0.7554262125723279,F0,partial-EMT & NOTCH signaling,"['ELF3', 'GRHL2', 'CLDN4', 'DSP', 'CGN', 'DSC2', 'ALDH1A3', 'JAG2', 'NOTCH1', 'HES4', 'HEY2', 'NOTCH2', 'NOTCH3']"
377,piperlongumine:MST-312,-0.11177550352641008,0.7036271962385797,F0,partial-EMT & NOTCH signaling,"['ELF3', 'GRHL2', 'CLDN4', 'DSP', 'CGN', 'DSC2', 'ALDH1A3', 'JAG2', 'NOTCH1', 'HES4', 'HEY2', 'NOTCH2', 'NOTCH3']"
378,navitoclax:gemcitabine,-0.02931223782810992,0.9080826769680308,F0,partial-EMT & NOTCH signaling,"['ELF3', 'GRHL2', 'CLDN4', 'DSP', 'CGN', 'DSC2', 'ALDH1A3', 'JAG2', 'NOTCH1', 'HES4', 'HEY2', 'NOTCH2', 'NOTCH3']"
379,JW-480,0.34416051448278073,0.20907997469199266,F0,partial-EMT & NOTCH signaling,"['ELF3', 'GRHL2', 'CLDN4', 'DSP', 'CGN', 'DSC2', 'ALDH1A3', 'JAG2', 'NOTCH1', 'HES4', 'HEY2', 'NOTCH2', 'NOTCH3']"
380,BMS-195614,-0.0037812094516505223,0.988508676143291,F0,partial-EMT & NOTCH signaling,"['ELF3', 'GRHL2', 'CLDN4', 'DSP', 'CGN', 'DSC2', 'ALDH1A3', 'JAG2', 'NOTCH1', 'HES4', 'HEY2', 'NOTCH2', 'NOTCH3']"
381,BAM7,-0.013609283901461652,0.9586558759024667,F0,partial-EMT & NOTCH signaling,"['ELF3', 'GRHL2', 'CLDN4', 'DSP', 'CGN', 'DSC2', 'ALDH1A3', 'JAG2', 'NOTCH1', 'HES4', 'HEY2', 'NOTCH2', 'NOTCH3']"
382,BRD-K35604418,-0.2896412583996678,0.24368468638472368,F0,partial-EMT & NOTCH signaling,"['ELF3', 'GRHL2', 'CLDN4', 'DSP', 'CGN', 'DSC2', 'ALDH1A3', 'JAG2', 'NOTCH1', 'HES4', 'HEY2', 'NOTCH2', 'NOTCH3']"
383,SB-743921,-0.09885138848778013,0.7058343982333756,F0,partial-EMT & NOTCH signaling,"['ELF3', 'GRHL2', 'CLDN4', 'DSP', 'CGN', 'DSC2', 'ALDH1A3', 'JAG2', 'NOTCH1', 'HES4', 'HEY2', 'NOTCH2', 'NOTCH3']"
384,I-BET-762,-0.013210573430183729,0.9585080889539414,F0,partial-EMT & NOTCH signaling,"['ELF3', 'GRHL2', 'CLDN4', 'DSP', 'CGN', 'DSC2', 'ALDH1A3', 'JAG2', 'NOTCH1', 'HES4', 'HEY2', 'NOTCH2', 'NOTCH3']"
385,navitoclax:pluripotin,0.043727690562550055,0.863214568941377,F0,partial-EMT & NOTCH signaling,"['ELF3', 'GRHL2', 'CLDN4', 'DSP', 'CGN', 'DSC2', 'ALDH1A3', 'JAG2', 'NOTCH1', 'HES4', 'HEY2', 'NOTCH2', 'NOTCH3']"
386,JQ-1:carboplatin,-0.09404448325351113,0.729017842829027,F0,partial-EMT & NOTCH signaling,"['ELF3', 'GRHL2', 'CLDN4', 'DSP', 'CGN', 'DSC2', 'ALDH1A3', 'JAG2', 'NOTCH1', 'HES4', 'HEY2', 'NOTCH2', 'NOTCH3']"
387,selumetinib:navitoclax,0.1500897919036553,0.5653098189345196,F0,partial-EMT & NOTCH signaling,"['ELF3', 'GRHL2', 'CLDN4', 'DSP', 'CGN', 'DSC2', 'ALDH1A3', 'JAG2', 'NOTCH1', 'HES4', 'HEY2', 'NOTCH2', 'NOTCH3']"
388,selumetinib:decitabine,0.05716813570611575,0.8396298031669678,F0,partial-EMT & NOTCH signaling,"['ELF3', 'GRHL2', 'CLDN4', 'DSP', 'CGN', 'DSC2', 'ALDH1A3', 'JAG2', 'NOTCH1', 'HES4', 'HEY2', 'NOTCH2', 'NOTCH3']"
389,decitabine:carboplatin,-0.11413951490601038,0.6626963930252301,F0,partial-EMT & NOTCH signaling,"['ELF3', 'GRHL2', 'CLDN4', 'DSP', 'CGN', 'DSC2', 'ALDH1A3', 'JAG2', 'NOTCH1', 'HES4', 'HEY2', 'NOTCH2', 'NOTCH3']"
390,SNX-2112:bortezomib,0.20705535034630465,0.40972025313145793,F0,partial-EMT & NOTCH signaling,"['ELF3', 'GRHL2', 'CLDN4', 'DSP', 'CGN', 'DSC2', 'ALDH1A3', 'JAG2', 'NOTCH1', 'HES4', 'HEY2', 'NOTCH2', 'NOTCH3']"
391,JQ-1:navitoclax,-0.0803505681669677,0.7512907493246341,F0,partial-EMT & NOTCH signaling,"['ELF3', 'GRHL2', 'CLDN4', 'DSP', 'CGN', 'DSC2', 'ALDH1A3', 'JAG2', 'NOTCH1', 'HES4', 'HEY2', 'NOTCH2', 'NOTCH3']"
392,JQ-1:MK-0752,-0.18230209627586114,0.4837393513663099,F0,partial-EMT & NOTCH signaling,"['ELF3', 'GRHL2', 'CLDN4', 'DSP', 'CGN', 'DSC2', 'ALDH1A3', 'JAG2', 'NOTCH1', 'HES4', 'HEY2', 'NOTCH2', 'NOTCH3']"
393,BRD-A02303741:navitoclax,-0.17362782079641365,0.536016088400223,F0,partial-EMT & NOTCH signaling,"['ELF3', 'GRHL2', 'CLDN4', 'DSP', 'CGN', 'DSC2', 'ALDH1A3', 'JAG2', 'NOTCH1', 'HES4', 'HEY2', 'NOTCH2', 'NOTCH3']"
394,salermide:PLX-4032,0.08242068995738014,0.7615423528448182,F0,partial-EMT & NOTCH signaling,"['ELF3', 'GRHL2', 'CLDN4', 'DSP', 'CGN', 'DSC2', 'ALDH1A3', 'JAG2', 'NOTCH1', 'HES4', 'HEY2', 'NOTCH2', 'NOTCH3']"
395,UNC0638:navitoclax,0.07650645584597911,0.7704055153407594,F0,partial-EMT & NOTCH signaling,"['ELF3', 'GRHL2', 'CLDN4', 'DSP', 'CGN', 'DSC2', 'ALDH1A3', 'JAG2', 'NOTCH1', 'HES4', 'HEY2', 'NOTCH2', 'NOTCH3']"
396,BRD-A02303741:carboplatin,-0.10249735780719715,0.6856913141516481,F0,partial-EMT & NOTCH signaling,"['ELF3', 'GRHL2', 'CLDN4', 'DSP', 'CGN', 'DSC2', 'ALDH1A3', 'JAG2', 'NOTCH1', 'HES4', 'HEY2', 'NOTCH2', 'NOTCH3']"
397,doxorubicin:navitoclax,0.19326230459558016,0.4732838743227845,F0,partial-EMT & NOTCH signaling,"['ELF3', 'GRHL2', 'CLDN4', 'DSP', 'CGN', 'DSC2', 'ALDH1A3', 'JAG2', 'NOTCH1', 'HES4', 'HEY2', 'NOTCH2', 'NOTCH3']"
398,selumetinib:UNC0638,0.18867808460392851,0.4840413499437275,F0,partial-EMT & NOTCH signaling,"['ELF3', 'GRHL2', 'CLDN4', 'DSP', 'CGN', 'DSC2', 'ALDH1A3', 'JAG2', 'NOTCH1', 'HES4', 'HEY2', 'NOTCH2', 'NOTCH3']"
399,alisertib:navitoclax,-0.1325516788485843,0.6000564790858209,F0,partial-EMT & NOTCH signaling,"['ELF3', 'GRHL2', 'CLDN4', 'DSP', 'CGN', 'DSC2', 'ALDH1A3', 'JAG2', 'NOTCH1', 'HES4', 'HEY2', 'NOTCH2', 'NOTCH3']"
400,navitoclax:sorafenib,-0.061055297594376966,0.8222756675354764,F0,partial-EMT & NOTCH signaling,"['ELF3', 'GRHL2', 'CLDN4', 'DSP', 'CGN', 'DSC2', 'ALDH1A3', 'JAG2', 'NOTCH1', 'HES4', 'HEY2', 'NOTCH2', 'NOTCH3']"
401,navitoclax:piperlongumine,-0.21615658193313225,0.42136033069599255,F0,partial-EMT & NOTCH signaling,"['ELF3', 'GRHL2', 'CLDN4', 'DSP', 'CGN', 'DSC2', 'ALDH1A3', 'JAG2', 'NOTCH1', 'HES4', 'HEY2', 'NOTCH2', 'NOTCH3']"
402,SMER-3,-0.4888698190056971,0.06442133142914686,F0,partial-EMT & NOTCH signaling,"['ELF3', 'GRHL2', 'CLDN4', 'DSP', 'CGN', 'DSC2', 'ALDH1A3', 'JAG2', 'NOTCH1', 'HES4', 'HEY2', 'NOTCH2', 'NOTCH3']"
403,NVP-ADW742,0.1799968057345867,0.5209234283630477,F0,partial-EMT & NOTCH signaling,"['ELF3', 'GRHL2', 'CLDN4', 'DSP', 'CGN', 'DSC2', 'ALDH1A3', 'JAG2', 'NOTCH1', 'HES4', 'HEY2', 'NOTCH2', 'NOTCH3']"
404,clofarabine,-0.06344134551469843,0.8025201240353999,F0,partial-EMT & NOTCH signaling,"['ELF3', 'GRHL2', 'CLDN4', 'DSP', 'CGN', 'DSC2', 'ALDH1A3', 'JAG2', 'NOTCH1', 'HES4', 'HEY2', 'NOTCH2', 'NOTCH3']"
405,vorinostat:navitoclax,0.15250650870026405,0.5589914248276106,F0,partial-EMT & NOTCH signaling,"['ELF3', 'GRHL2', 'CLDN4', 'DSP', 'CGN', 'DSC2', 'ALDH1A3', 'JAG2', 'NOTCH1', 'HES4', 'HEY2', 'NOTCH2', 'NOTCH3']"
406,SAR-245409,-0.2069058655337031,0.41006595710176486,F0,partial-EMT & NOTCH signaling,"['ELF3', 'GRHL2', 'CLDN4', 'DSP', 'CGN', 'DSC2', 'ALDH1A3', 'JAG2', 'NOTCH1', 'HES4', 'HEY2', 'NOTCH2', 'NOTCH3']"
407,AZD1480,0.24585509768348765,0.5236950785086276,F0,partial-EMT & NOTCH signaling,"['ELF3', 'GRHL2', 'CLDN4', 'DSP', 'CGN', 'DSC2', 'ALDH1A3', 'JAG2', 'NOTCH1', 'HES4', 'HEY2', 'NOTCH2', 'NOTCH3']"
408,ML258,0.13870173092555735,0.5830877862484923,F0,partial-EMT & NOTCH signaling,"['ELF3', 'GRHL2', 'CLDN4', 'DSP', 'CGN', 'DSC2', 'ALDH1A3', 'JAG2', 'NOTCH1', 'HES4', 'HEY2', 'NOTCH2', 'NOTCH3']"
409,SR1001,-0.08892557381175618,0.7256707151644322,F0,partial-EMT & NOTCH signaling,"['ELF3', 'GRHL2', 'CLDN4', 'DSP', 'CGN', 'DSC2', 'ALDH1A3', 'JAG2', 'NOTCH1', 'HES4', 'HEY2', 'NOTCH2', 'NOTCH3']"
410,bardoxolone methyl,0.4441975982102486,0.08476001384227226,F0,partial-EMT & NOTCH signaling,"['ELF3', 'GRHL2', 'CLDN4', 'DSP', 'CGN', 'DSC2', 'ALDH1A3', 'JAG2', 'NOTCH1', 'HES4', 'HEY2', 'NOTCH2', 'NOTCH3']"
411,elocalcitol,-0.1320476817198891,0.6527161870640393,F0,partial-EMT & NOTCH signaling,"['ELF3', 'GRHL2', 'CLDN4', 'DSP', 'CGN', 'DSC2', 'ALDH1A3', 'JAG2', 'NOTCH1', 'HES4', 'HEY2', 'NOTCH2', 'NOTCH3']"
412,BMS-270394,0.11837222591027126,0.6399225047012957,F0,partial-EMT & NOTCH signaling,"['ELF3', 'GRHL2', 'CLDN4', 'DSP', 'CGN', 'DSC2', 'ALDH1A3', 'JAG2', 'NOTCH1', 'HES4', 'HEY2', 'NOTCH2', 'NOTCH3']"
413,fluvastatin,0.3987012356374908,0.14100477655531884,F0,partial-EMT & NOTCH signaling,"['ELF3', 'GRHL2', 'CLDN4', 'DSP', 'CGN', 'DSC2', 'ALDH1A3', 'JAG2', 'NOTCH1', 'HES4', 'HEY2', 'NOTCH2', 'NOTCH3']"
414,AZD4547,0.2610563270515137,0.2954046480875699,F0,partial-EMT & NOTCH signaling,"['ELF3', 'GRHL2', 'CLDN4', 'DSP', 'CGN', 'DSC2', 'ALDH1A3', 'JAG2', 'NOTCH1', 'HES4', 'HEY2', 'NOTCH2', 'NOTCH3']"
415,hyperforin,0.34354098856897447,0.1769877744643563,F0,partial-EMT & NOTCH signaling,"['ELF3', 'GRHL2', 'CLDN4', 'DSP', 'CGN', 'DSC2', 'ALDH1A3', 'JAG2', 'NOTCH1', 'HES4', 'HEY2', 'NOTCH2', 'NOTCH3']"
416,NVP-231,0.061174609048804646,0.8094510783045279,F0,partial-EMT & NOTCH signaling,"['ELF3', 'GRHL2', 'CLDN4', 'DSP', 'CGN', 'DSC2', 'ALDH1A3', 'JAG2', 'NOTCH1', 'HES4', 'HEY2', 'NOTCH2', 'NOTCH3']"
417,MK-0752,-0.02877712673151433,0.9126985738802027,F0,partial-EMT & NOTCH signaling,"['ELF3', 'GRHL2', 'CLDN4', 'DSP', 'CGN', 'DSC2', 'ALDH1A3', 'JAG2', 'NOTCH1', 'HES4', 'HEY2', 'NOTCH2', 'NOTCH3']"
418,semagacestat,-0.16465164909980926,0.5138292719737076,F0,partial-EMT & NOTCH signaling,"['ELF3', 'GRHL2', 'CLDN4', 'DSP', 'CGN', 'DSC2', 'ALDH1A3', 'JAG2', 'NOTCH1', 'HES4', 'HEY2', 'NOTCH2', 'NOTCH3']"
419,BRD-A05715709,0.30114132369497176,0.43101033824015167,F0,partial-EMT & NOTCH signaling,"['ELF3', 'GRHL2', 'CLDN4', 'DSP', 'CGN', 'DSC2', 'ALDH1A3', 'JAG2', 'NOTCH1', 'HES4', 'HEY2', 'NOTCH2', 'NOTCH3']"
420,bosutinib,0.04458825114382048,0.8605473038476665,F0,partial-EMT & NOTCH signaling,"['ELF3', 'GRHL2', 'CLDN4', 'DSP', 'CGN', 'DSC2', 'ALDH1A3', 'JAG2', 'NOTCH1', 'HES4', 'HEY2', 'NOTCH2', 'NOTCH3']"
421,temsirolimus,-0.42072902529263057,0.25947467686440406,F0,partial-EMT & NOTCH signaling,"['ELF3', 'GRHL2', 'CLDN4', 'DSP', 'CGN', 'DSC2', 'ALDH1A3', 'JAG2', 'NOTCH1', 'HES4', 'HEY2', 'NOTCH2', 'NOTCH3']"
422,docetaxel,0.23562601341310493,0.5416439279765299,F0,partial-EMT & NOTCH signaling,"['ELF3', 'GRHL2', 'CLDN4', 'DSP', 'CGN', 'DSC2', 'ALDH1A3', 'JAG2', 'NOTCH1', 'HES4', 'HEY2', 'NOTCH2', 'NOTCH3']"
423,nelarabine,-0.10312308496383724,0.7039100033137723,F0,partial-EMT & NOTCH signaling,"['ELF3', 'GRHL2', 'CLDN4', 'DSP', 'CGN', 'DSC2', 'ALDH1A3', 'JAG2', 'NOTCH1', 'HES4', 'HEY2', 'NOTCH2', 'NOTCH3']"
424,rigosertib,-0.07281319689480692,0.7887130561435498,F0,partial-EMT & NOTCH signaling,"['ELF3', 'GRHL2', 'CLDN4', 'DSP', 'CGN', 'DSC2', 'ALDH1A3', 'JAG2', 'NOTCH1', 'HES4', 'HEY2', 'NOTCH2', 'NOTCH3']"
425,AT7867,-0.07114715796701909,0.7934489721473008,F0,partial-EMT & NOTCH signaling,"['ELF3', 'GRHL2', 'CLDN4', 'DSP', 'CGN', 'DSC2', 'ALDH1A3', 'JAG2', 'NOTCH1', 'HES4', 'HEY2', 'NOTCH2', 'NOTCH3']"
426,PD-318088,0.37146213892272356,0.12907656394461844,F0,partial-EMT & NOTCH signaling,"['ELF3', 'GRHL2', 'CLDN4', 'DSP', 'CGN', 'DSC2', 'ALDH1A3', 'JAG2', 'NOTCH1', 'HES4', 'HEY2', 'NOTCH2', 'NOTCH3']"
427,KU-60019,-0.0720691296084761,0.7762711938104938,F0,partial-EMT & NOTCH signaling,"['ELF3', 'GRHL2', 'CLDN4', 'DSP', 'CGN', 'DSC2', 'ALDH1A3', 'JAG2', 'NOTCH1', 'HES4', 'HEY2', 'NOTCH2', 'NOTCH3']"
428,doramapimod,-0.07010850889656291,0.7964048952892567,F0,partial-EMT & NOTCH signaling,"['ELF3', 'GRHL2', 'CLDN4', 'DSP', 'CGN', 'DSC2', 'ALDH1A3', 'JAG2', 'NOTCH1', 'HES4', 'HEY2', 'NOTCH2', 'NOTCH3']"
429,KW-2449,0.1713973091465413,0.5106951543008881,F0,partial-EMT & NOTCH signaling,"['ELF3', 'GRHL2', 'CLDN4', 'DSP', 'CGN', 'DSC2', 'ALDH1A3', 'JAG2', 'NOTCH1', 'HES4', 'HEY2', 'NOTCH2', 'NOTCH3']"
430,RAF265,0.0068543745470825805,0.9840424550792826,F0,partial-EMT & NOTCH signaling,"['ELF3', 'GRHL2', 'CLDN4', 'DSP', 'CGN', 'DSC2', 'ALDH1A3', 'JAG2', 'NOTCH1', 'HES4', 'HEY2', 'NOTCH2', 'NOTCH3']"
431,CX-4945,0.5067916421607065,0.03788000216606165,F0,partial-EMT & NOTCH signaling,"['ELF3', 'GRHL2', 'CLDN4', 'DSP', 'CGN', 'DSC2', 'ALDH1A3', 'JAG2', 'NOTCH1', 'HES4', 'HEY2', 'NOTCH2', 'NOTCH3']"
432,BRD-K03911514,-0.5703112006513043,0.13991200109213311,F0,partial-EMT & NOTCH signaling,"['ELF3', 'GRHL2', 'CLDN4', 'DSP', 'CGN', 'DSC2', 'ALDH1A3', 'JAG2', 'NOTCH1', 'HES4', 'HEY2', 'NOTCH2', 'NOTCH3']"
433,cyt387,0.08279636077331003,0.7520645767933549,F0,partial-EMT & NOTCH signaling,"['ELF3', 'GRHL2', 'CLDN4', 'DSP', 'CGN', 'DSC2', 'ALDH1A3', 'JAG2', 'NOTCH1', 'HES4', 'HEY2', 'NOTCH2', 'NOTCH3']"
434,idelalisib,-0.38978487041012255,0.12195213355541361,F0,partial-EMT & NOTCH signaling,"['ELF3', 'GRHL2', 'CLDN4', 'DSP', 'CGN', 'DSC2', 'ALDH1A3', 'JAG2', 'NOTCH1', 'HES4', 'HEY2', 'NOTCH2', 'NOTCH3']"
435,WP1130,-0.017554382863594214,0.9448821898431599,F0,partial-EMT & NOTCH signaling,"['ELF3', 'GRHL2', 'CLDN4', 'DSP', 'CGN', 'DSC2', 'ALDH1A3', 'JAG2', 'NOTCH1', 'HES4', 'HEY2', 'NOTCH2', 'NOTCH3']"
436,OSI-027,-0.14285954613694857,0.5717318283482178,F0,partial-EMT & NOTCH signaling,"['ELF3', 'GRHL2', 'CLDN4', 'DSP', 'CGN', 'DSC2', 'ALDH1A3', 'JAG2', 'NOTCH1', 'HES4', 'HEY2', 'NOTCH2', 'NOTCH3']"
437,NVP-BSK805,-0.09012489552438022,0.7308528285747442,F0,partial-EMT & NOTCH signaling,"['ELF3', 'GRHL2', 'CLDN4', 'DSP', 'CGN', 'DSC2', 'ALDH1A3', 'JAG2', 'NOTCH1', 'HES4', 'HEY2', 'NOTCH2', 'NOTCH3']"
438,erlotinib:PLX-4032,0.025391684533181916,0.9284274628545112,F0,partial-EMT & NOTCH signaling,"['ELF3', 'GRHL2', 'CLDN4', 'DSP', 'CGN', 'DSC2', 'ALDH1A3', 'JAG2', 'NOTCH1', 'HES4', 'HEY2', 'NOTCH2', 'NOTCH3']"
439,PIK-93,0.3495023127761621,0.1845359538718585,F0,partial-EMT & NOTCH signaling,"['ELF3', 'GRHL2', 'CLDN4', 'DSP', 'CGN', 'DSC2', 'ALDH1A3', 'JAG2', 'NOTCH1', 'HES4', 'HEY2', 'NOTCH2', 'NOTCH3']"
440,AZD7762,-0.34615117852871374,0.15939437463458825,F0,partial-EMT & NOTCH signaling,"['ELF3', 'GRHL2', 'CLDN4', 'DSP', 'CGN', 'DSC2', 'ALDH1A3', 'JAG2', 'NOTCH1', 'HES4', 'HEY2', 'NOTCH2', 'NOTCH3']"
441,birinapant,-0.054883854419601204,0.8287555242218954,F0,partial-EMT & NOTCH signaling,"['ELF3', 'GRHL2', 'CLDN4', 'DSP', 'CGN', 'DSC2', 'ALDH1A3', 'JAG2', 'NOTCH1', 'HES4', 'HEY2', 'NOTCH2', 'NOTCH3']"
442,KX2-391,-0.028345234993295373,0.9170076909311748,F0,partial-EMT & NOTCH signaling,"['ELF3', 'GRHL2', 'CLDN4', 'DSP', 'CGN', 'DSC2', 'ALDH1A3', 'JAG2', 'NOTCH1', 'HES4', 'HEY2', 'NOTCH2', 'NOTCH3']"
443,3-Cl-AHPC,0.012963628529417688,0.9592830822105154,F0,partial-EMT & NOTCH signaling,"['ELF3', 'GRHL2', 'CLDN4', 'DSP', 'CGN', 'DSC2', 'ALDH1A3', 'JAG2', 'NOTCH1', 'HES4', 'HEY2', 'NOTCH2', 'NOTCH3']"
444,BRD-K27188169,-0.33573345528562765,0.37707903604926546,F0,partial-EMT & NOTCH signaling,"['ELF3', 'GRHL2', 'CLDN4', 'DSP', 'CGN', 'DSC2', 'ALDH1A3', 'JAG2', 'NOTCH1', 'HES4', 'HEY2', 'NOTCH2', 'NOTCH3']"
445,KHS-101,0.18727449993851228,0.4568041864946977,F0,partial-EMT & NOTCH signaling,"['ELF3', 'GRHL2', 'CLDN4', 'DSP', 'CGN', 'DSC2', 'ALDH1A3', 'JAG2', 'NOTCH1', 'HES4', 'HEY2', 'NOTCH2', 'NOTCH3']"
446,WAY-362450,-0.09779544764236142,0.7088471882063212,F0,partial-EMT & NOTCH signaling,"['ELF3', 'GRHL2', 'CLDN4', 'DSP', 'CGN', 'DSC2', 'ALDH1A3', 'JAG2', 'NOTCH1', 'HES4', 'HEY2', 'NOTCH2', 'NOTCH3']"
447,JQ-1:vorinostat,-0.01904799463820804,0.9441800367609292,F0,partial-EMT & NOTCH signaling,"['ELF3', 'GRHL2', 'CLDN4', 'DSP', 'CGN', 'DSC2', 'ALDH1A3', 'JAG2', 'NOTCH1', 'HES4', 'HEY2', 'NOTCH2', 'NOTCH3']"
448,cabozantinib,-0.14193359634145813,0.586857204326251,F0,partial-EMT & NOTCH signaling,"['ELF3', 'GRHL2', 'CLDN4', 'DSP', 'CGN', 'DSC2', 'ALDH1A3', 'JAG2', 'NOTCH1', 'HES4', 'HEY2', 'NOTCH2', 'NOTCH3']"
449,crizotinib:PLX-4032,0.10481133586045491,0.6992715598341525,F0,partial-EMT & NOTCH signaling,"['ELF3', 'GRHL2', 'CLDN4', 'DSP', 'CGN', 'DSC2', 'ALDH1A3', 'JAG2', 'NOTCH1', 'HES4', 'HEY2', 'NOTCH2', 'NOTCH3']"
450,BRD-M00053801,0.17198914353300568,0.6130887568014468,F0,partial-EMT & NOTCH signaling,"['ELF3', 'GRHL2', 'CLDN4', 'DSP', 'CGN', 'DSC2', 'ALDH1A3', 'JAG2', 'NOTCH1', 'HES4', 'HEY2', 'NOTCH2', 'NOTCH3']"
451,KPT-185,0.17521073948899585,0.5859858384506925,F0,partial-EMT & NOTCH signaling,"['ELF3', 'GRHL2', 'CLDN4', 'DSP', 'CGN', 'DSC2', 'ALDH1A3', 'JAG2', 'NOTCH1', 'HES4', 'HEY2', 'NOTCH2', 'NOTCH3']"
452,pitstop2,0.3880592725134134,0.26781705454946064,F0,partial-EMT & NOTCH signaling,"['ELF3', 'GRHL2', 'CLDN4', 'DSP', 'CGN', 'DSC2', 'ALDH1A3', 'JAG2', 'NOTCH1', 'HES4', 'HEY2', 'NOTCH2', 'NOTCH3']"
453,R-428,0.28767962865107727,0.4528717078256999,F0,partial-EMT & NOTCH signaling,"['ELF3', 'GRHL2', 'CLDN4', 'DSP', 'CGN', 'DSC2', 'ALDH1A3', 'JAG2', 'NOTCH1', 'HES4', 'HEY2', 'NOTCH2', 'NOTCH3']"
454,ibrutinib,0.1400757128076006,0.681230782025042,F0,partial-EMT & NOTCH signaling,"['ELF3', 'GRHL2', 'CLDN4', 'DSP', 'CGN', 'DSC2', 'ALDH1A3', 'JAG2', 'NOTCH1', 'HES4', 'HEY2', 'NOTCH2', 'NOTCH3']"
455,sotrastaurin,0.7438951024797488,0.008668930937957908,F0,partial-EMT & NOTCH signaling,"['ELF3', 'GRHL2', 'CLDN4', 'DSP', 'CGN', 'DSC2', 'ALDH1A3', 'JAG2', 'NOTCH1', 'HES4', 'HEY2', 'NOTCH2', 'NOTCH3']"
456,A-804598,-0.07751017504377522,0.8107720376714589,F0,partial-EMT & NOTCH signaling,"['ELF3', 'GRHL2', 'CLDN4', 'DSP', 'CGN', 'DSC2', 'ALDH1A3', 'JAG2', 'NOTCH1', 'HES4', 'HEY2', 'NOTCH2', 'NOTCH3']"
457,BRD-K27188169:navitoclax,0.41617722220181375,0.2652054343538779,F0,partial-EMT & NOTCH signaling,"['ELF3', 'GRHL2', 'CLDN4', 'DSP', 'CGN', 'DSC2', 'ALDH1A3', 'JAG2', 'NOTCH1', 'HES4', 'HEY2', 'NOTCH2', 'NOTCH3']"
458,COL-3,0.19524113085468744,0.5431215058233354,F0,partial-EMT & NOTCH signaling,"['ELF3', 'GRHL2', 'CLDN4', 'DSP', 'CGN', 'DSC2', 'ALDH1A3', 'JAG2', 'NOTCH1', 'HES4', 'HEY2', 'NOTCH2', 'NOTCH3']"
459,venetoclax,0.49225113874356735,0.17825987688682504,F0,partial-EMT & NOTCH signaling,"['ELF3', 'GRHL2', 'CLDN4', 'DSP', 'CGN', 'DSC2', 'ALDH1A3', 'JAG2', 'NOTCH1', 'HES4', 'HEY2', 'NOTCH2', 'NOTCH3']"
460,ETP-46464,0.7322511935479774,0.00677000680189832,F0,partial-EMT & NOTCH signaling,"['ELF3', 'GRHL2', 'CLDN4', 'DSP', 'CGN', 'DSC2', 'ALDH1A3', 'JAG2', 'NOTCH1', 'HES4', 'HEY2', 'NOTCH2', 'NOTCH3']"
461,marinopyrrole A,0.48159743642405867,0.11289542586255788,F0,partial-EMT & NOTCH signaling,"['ELF3', 'GRHL2', 'CLDN4', 'DSP', 'CGN', 'DSC2', 'ALDH1A3', 'JAG2', 'NOTCH1', 'HES4', 'HEY2', 'NOTCH2', 'NOTCH3']"
462,methylstat,-0.1953012485545742,0.5429948669769478,F0,partial-EMT & NOTCH signaling,"['ELF3', 'GRHL2', 'CLDN4', 'DSP', 'CGN', 'DSC2', 'ALDH1A3', 'JAG2', 'NOTCH1', 'HES4', 'HEY2', 'NOTCH2', 'NOTCH3']"
463,alpelisib,0.46877950674816343,0.1458229555521905,F0,partial-EMT & NOTCH signaling,"['ELF3', 'GRHL2', 'CLDN4', 'DSP', 'CGN', 'DSC2', 'ALDH1A3', 'JAG2', 'NOTCH1', 'HES4', 'HEY2', 'NOTCH2', 'NOTCH3']"
464,GSK2636771,0.22868232789847712,0.4746664377293616,F0,partial-EMT & NOTCH signaling,"['ELF3', 'GRHL2', 'CLDN4', 'DSP', 'CGN', 'DSC2', 'ALDH1A3', 'JAG2', 'NOTCH1', 'HES4', 'HEY2', 'NOTCH2', 'NOTCH3']"
465,JW-74,0.021190588013064907,0.953666398146076,F0,partial-EMT & NOTCH signaling,"['ELF3', 'GRHL2', 'CLDN4', 'DSP', 'CGN', 'DSC2', 'ALDH1A3', 'JAG2', 'NOTCH1', 'HES4', 'HEY2', 'NOTCH2', 'NOTCH3']"
466,necrosulfonamide,-0.09539273284610002,0.7802475400564232,F0,partial-EMT & NOTCH signaling,"['ELF3', 'GRHL2', 'CLDN4', 'DSP', 'CGN', 'DSC2', 'ALDH1A3', 'JAG2', 'NOTCH1', 'HES4', 'HEY2', 'NOTCH2', 'NOTCH3']"
467,HBX-41108,-0.03763862728934709,0.9075484284875044,F0,partial-EMT & NOTCH signaling,"['ELF3', 'GRHL2', 'CLDN4', 'DSP', 'CGN', 'DSC2', 'ALDH1A3', 'JAG2', 'NOTCH1', 'HES4', 'HEY2', 'NOTCH2', 'NOTCH3']"
468,palmostatin B,0.03721488535245922,0.9134958038301395,F0,partial-EMT & NOTCH signaling,"['ELF3', 'GRHL2', 'CLDN4', 'DSP', 'CGN', 'DSC2', 'ALDH1A3', 'JAG2', 'NOTCH1', 'HES4', 'HEY2', 'NOTCH2', 'NOTCH3']"
469,BRD-K03536150,0.006915173261309203,0.9789858971578229,F0,partial-EMT & NOTCH signaling,"['ELF3', 'GRHL2', 'CLDN4', 'DSP', 'CGN', 'DSC2', 'ALDH1A3', 'JAG2', 'NOTCH1', 'HES4', 'HEY2', 'NOTCH2', 'NOTCH3']"
470,BRD-K99006945,0.08800663364075141,0.8218674932345128,F0,partial-EMT & NOTCH signaling,"['ELF3', 'GRHL2', 'CLDN4', 'DSP', 'CGN', 'DSC2', 'ALDH1A3', 'JAG2', 'NOTCH1', 'HES4', 'HEY2', 'NOTCH2', 'NOTCH3']"
471,tivantinib,-0.11558164528312853,0.7671445650762773,F0,partial-EMT & NOTCH signaling,"['ELF3', 'GRHL2', 'CLDN4', 'DSP', 'CGN', 'DSC2', 'ALDH1A3', 'JAG2', 'NOTCH1', 'HES4', 'HEY2', 'NOTCH2', 'NOTCH3']"
472,trametinib,0.344250173356212,0.3643168071554566,F0,partial-EMT & NOTCH signaling,"['ELF3', 'GRHL2', 'CLDN4', 'DSP', 'CGN', 'DSC2', 'ALDH1A3', 'JAG2', 'NOTCH1', 'HES4', 'HEY2', 'NOTCH2', 'NOTCH3']"
473,RG4733,-0.2553954882331709,0.5071695700627441,F0,partial-EMT & NOTCH signaling,"['ELF3', 'GRHL2', 'CLDN4', 'DSP', 'CGN', 'DSC2', 'ALDH1A3', 'JAG2', 'NOTCH1', 'HES4', 'HEY2', 'NOTCH2', 'NOTCH3']"
474,dinaciclib,-0.2362096390475655,0.5406135689187528,F0,partial-EMT & NOTCH signaling,"['ELF3', 'GRHL2', 'CLDN4', 'DSP', 'CGN', 'DSC2', 'ALDH1A3', 'JAG2', 'NOTCH1', 'HES4', 'HEY2', 'NOTCH2', 'NOTCH3']"
475,MLN2480,0.1314784830057593,0.7359827312522421,F0,partial-EMT & NOTCH signaling,"['ELF3', 'GRHL2', 'CLDN4', 'DSP', 'CGN', 'DSC2', 'ALDH1A3', 'JAG2', 'NOTCH1', 'HES4', 'HEY2', 'NOTCH2', 'NOTCH3']"
476,BRD-K51831558,-0.15086660613709796,0.7213880979189892,F0,partial-EMT & NOTCH signaling,"['ELF3', 'GRHL2', 'CLDN4', 'DSP', 'CGN', 'DSC2', 'ALDH1A3', 'JAG2', 'NOTCH1', 'HES4', 'HEY2', 'NOTCH2', 'NOTCH3']"
477,istradefylline,0.17342578838185047,0.6554354946734673,F0,partial-EMT & NOTCH signaling,"['ELF3', 'GRHL2', 'CLDN4', 'DSP', 'CGN', 'DSC2', 'ALDH1A3', 'JAG2', 'NOTCH1', 'HES4', 'HEY2', 'NOTCH2', 'NOTCH3']"
478,MI-2,0.5777871512406294,0.10322904277144211,F0,partial-EMT & NOTCH signaling,"['ELF3', 'GRHL2', 'CLDN4', 'DSP', 'CGN', 'DSC2', 'ALDH1A3', 'JAG2', 'NOTCH1', 'HES4', 'HEY2', 'NOTCH2', 'NOTCH3']"
479,alvocidib,-0.3668174626629913,0.37142321566161474,F0,partial-EMT & NOTCH signaling,"['ELF3', 'GRHL2', 'CLDN4', 'DSP', 'CGN', 'DSC2', 'ALDH1A3', 'JAG2', 'NOTCH1', 'HES4', 'HEY2', 'NOTCH2', 'NOTCH3']"
480,CBB-1007,0.4540714765921743,0.2195322307119721,F0,partial-EMT & NOTCH signaling,"['ELF3', 'GRHL2', 'CLDN4', 'DSP', 'CGN', 'DSC2', 'ALDH1A3', 'JAG2', 'NOTCH1', 'HES4', 'HEY2', 'NOTCH2', 'NOTCH3']"
481,BRD-A86708339,-0.21658257878135576,0.575666803425797,F0,partial-EMT & NOTCH signaling,"['ELF3', 'GRHL2', 'CLDN4', 'DSP', 'CGN', 'DSC2', 'ALDH1A3', 'JAG2', 'NOTCH1', 'HES4', 'HEY2', 'NOTCH2', 'NOTCH3']"
482,PF-03758309,0.27969755961852294,0.4660556360489896,F0,partial-EMT & NOTCH signaling,"['ELF3', 'GRHL2', 'CLDN4', 'DSP', 'CGN', 'DSC2', 'ALDH1A3', 'JAG2', 'NOTCH1', 'HES4', 'HEY2', 'NOTCH2', 'NOTCH3']"
483,dabrafenib,0.2421675130907543,0.5301385528511682,F0,partial-EMT & NOTCH signaling,"['ELF3', 'GRHL2', 'CLDN4', 'DSP', 'CGN', 'DSC2', 'ALDH1A3', 'JAG2', 'NOTCH1', 'HES4', 'HEY2', 'NOTCH2', 'NOTCH3']"
484,SZ4TA2,0.38373293905562833,0.3079483697045788,F0,partial-EMT & NOTCH signaling,"['ELF3', 'GRHL2', 'CLDN4', 'DSP', 'CGN', 'DSC2', 'ALDH1A3', 'JAG2', 'NOTCH1', 'HES4', 'HEY2', 'NOTCH2', 'NOTCH3']"
485,AT13387,-0.23397281328462863,0.5445666303195479,F0,partial-EMT & NOTCH signaling,"['ELF3', 'GRHL2', 'CLDN4', 'DSP', 'CGN', 'DSC2', 'ALDH1A3', 'JAG2', 'NOTCH1', 'HES4', 'HEY2', 'NOTCH2', 'NOTCH3']"
486,BCL-LZH-4,0.3777364073447155,0.3162067685617635,F0,partial-EMT & NOTCH signaling,"['ELF3', 'GRHL2', 'CLDN4', 'DSP', 'CGN', 'DSC2', 'ALDH1A3', 'JAG2', 'NOTCH1', 'HES4', 'HEY2', 'NOTCH2', 'NOTCH3']"
487,skepinone-L,0.34531939177069276,0.3627293998863073,F0,partial-EMT & NOTCH signaling,"['ELF3', 'GRHL2', 'CLDN4', 'DSP', 'CGN', 'DSC2', 'ALDH1A3', 'JAG2', 'NOTCH1', 'HES4', 'HEY2', 'NOTCH2', 'NOTCH3']"
488,BRD-K34222889,-0.294229402762719,0.23595695069080277,F0,partial-EMT & NOTCH signaling,"['ELF3', 'GRHL2', 'CLDN4', 'DSP', 'CGN', 'DSC2', 'ALDH1A3', 'JAG2', 'NOTCH1', 'HES4', 'HEY2', 'NOTCH2', 'NOTCH3']"
489,PF-4800567,0.2231263802929636,0.5638889572096346,F0,partial-EMT & NOTCH signaling,"['ELF3', 'GRHL2', 'CLDN4', 'DSP', 'CGN', 'DSC2', 'ALDH1A3', 'JAG2', 'NOTCH1', 'HES4', 'HEY2', 'NOTCH2', 'NOTCH3']"
490,avicin D,-0.12241582216324766,0.7727531226940049,F0,partial-EMT & NOTCH signaling,"['ELF3', 'GRHL2', 'CLDN4', 'DSP', 'CGN', 'DSC2', 'ALDH1A3', 'JAG2', 'NOTCH1', 'HES4', 'HEY2', 'NOTCH2', 'NOTCH3']"
491,linsitinib,0.4402725352185954,0.08787912967696618,F0,partial-EMT & NOTCH signaling,"['ELF3', 'GRHL2', 'CLDN4', 'DSP', 'CGN', 'DSC2', 'ALDH1A3', 'JAG2', 'NOTCH1', 'HES4', 'HEY2', 'NOTCH2', 'NOTCH3']"
492,AT-406,0.4685080633914942,0.20336189577594768,F0,partial-EMT & NOTCH signaling,"['ELF3', 'GRHL2', 'CLDN4', 'DSP', 'CGN', 'DSC2', 'ALDH1A3', 'JAG2', 'NOTCH1', 'HES4', 'HEY2', 'NOTCH2', 'NOTCH3']"
493,ML031,0.23641037336845475,0.37803369375242846,F0,partial-EMT & NOTCH signaling,"['ELF3', 'GRHL2', 'CLDN4', 'DSP', 'CGN', 'DSC2', 'ALDH1A3', 'JAG2', 'NOTCH1', 'HES4', 'HEY2', 'NOTCH2', 'NOTCH3']"
494,CIL56,-0.11008502580770406,0.7779891133272141,F1,MYC-high & EMT & hypoxia | glycolysis,"['MYC', 'TGFBI', 'SNAI2', 'MMP2', 'FN1', 'CDH2', 'VIM', 'GSTP1', 'LDHB']"
495,FQI-1,-0.22986587449176413,0.5518531434156762,F1,MYC-high & EMT & hypoxia | glycolysis,"['MYC', 'TGFBI', 'SNAI2', 'MMP2', 'FN1', 'CDH2', 'VIM', 'GSTP1', 'LDHB']"
496,BRD-K92856060,0.04577902115568237,0.8568589436904458,F1,MYC-high & EMT & hypoxia | glycolysis,"['MYC', 'TGFBI', 'SNAI2', 'MMP2', 'FN1', 'CDH2', 'VIM', 'GSTP1', 'LDHB']"
497,B02,-0.21550187856402353,0.4228024436616369,F1,MYC-high & EMT & hypoxia | glycolysis,"['MYC', 'TGFBI', 'SNAI2', 'MMP2', 'FN1', 'CDH2', 'VIM', 'GSTP1', 'LDHB']"
498,BRD6340,-0.4736339367024233,0.05479694992890543,F1,MYC-high & EMT & hypoxia | glycolysis,"['MYC', 'TGFBI', 'SNAI2', 'MMP2', 'FN1', 'CDH2', 'VIM', 'GSTP1', 'LDHB']"
499,BRD-K45681478,0.04268095341274664,0.8707964243787756,F1,MYC-high & EMT & hypoxia | glycolysis,"['MYC', 'TGFBI', 'SNAI2', 'MMP2', 'FN1', 'CDH2', 'VIM', 'GSTP1', 'LDHB']"
500,ML050,0.11274889173087133,0.6665814403341472,F1,MYC-high & EMT & hypoxia | glycolysis,"['MYC', 'TGFBI', 'SNAI2', 'MMP2', 'FN1', 'CDH2', 'VIM', 'GSTP1', 'LDHB']"
501,ML162,-0.26730603094180366,0.29963783538785826,F1,MYC-high & EMT & hypoxia | glycolysis,"['MYC', 'TGFBI', 'SNAI2', 'MMP2', 'FN1', 'CDH2', 'VIM', 'GSTP1', 'LDHB']"
502,CIL41,0.28227583377923365,0.4617793910841783,F1,MYC-high & EMT & hypoxia | glycolysis,"['MYC', 'TGFBI', 'SNAI2', 'MMP2', 'FN1', 'CDH2', 'VIM', 'GSTP1', 'LDHB']"
503,ML006,-0.0936322930153544,0.7117232150420818,F1,MYC-high & EMT & hypoxia | glycolysis,"['MYC', 'TGFBI', 'SNAI2', 'MMP2', 'FN1', 'CDH2', 'VIM', 'GSTP1', 'LDHB']"
504,CIL55,0.05226316488458409,0.9021848616399736,F1,MYC-high & EMT & hypoxia | glycolysis,"['MYC', 'TGFBI', 'SNAI2', 'MMP2', 'FN1', 'CDH2', 'VIM', 'GSTP1', 'LDHB']"
505,NSC30930,-0.4143030439833029,0.09825310113078391,F1,MYC-high & EMT & hypoxia | glycolysis,"['MYC', 'TGFBI', 'SNAI2', 'MMP2', 'FN1', 'CDH2', 'VIM', 'GSTP1', 'LDHB']"
506,Bax channel blocker,0.09930990450265634,0.7144225196412327,F1,MYC-high & EMT & hypoxia | glycolysis,"['MYC', 'TGFBI', 'SNAI2', 'MMP2', 'FN1', 'CDH2', 'VIM', 'GSTP1', 'LDHB']"
507,CIL70,-0.14091643619745553,0.7176354845133509,F1,MYC-high & EMT & hypoxia | glycolysis,"['MYC', 'TGFBI', 'SNAI2', 'MMP2', 'FN1', 'CDH2', 'VIM', 'GSTP1', 'LDHB']"
508,MI-1,-0.07368172808695775,0.7862468886732752,F1,MYC-high & EMT & hypoxia | glycolysis,"['MYC', 'TGFBI', 'SNAI2', 'MMP2', 'FN1', 'CDH2', 'VIM', 'GSTP1', 'LDHB']"
509,BRD9876,0.15475771875462901,0.5671305823418099,F1,MYC-high & EMT & hypoxia | glycolysis,"['MYC', 'TGFBI', 'SNAI2', 'MMP2', 'FN1', 'CDH2', 'VIM', 'GSTP1', 'LDHB']"
510,DBeQ,-0.26055998434261823,0.3124602312706638,F1,MYC-high & EMT & hypoxia | glycolysis,"['MYC', 'TGFBI', 'SNAI2', 'MMP2', 'FN1', 'CDH2', 'VIM', 'GSTP1', 'LDHB']"
511,mdivi-1,0.6127937487318211,0.008912562986225645,F1,MYC-high & EMT & hypoxia | glycolysis,"['MYC', 'TGFBI', 'SNAI2', 'MMP2', 'FN1', 'CDH2', 'VIM', 'GSTP1', 'LDHB']"
512,tretinoin,-0.12094152273630289,0.6438117877209528,F1,MYC-high & EMT & hypoxia | glycolysis,"['MYC', 'TGFBI', 'SNAI2', 'MMP2', 'FN1', 'CDH2', 'VIM', 'GSTP1', 'LDHB']"
513,betulinic-acid,0.4459469430292813,0.08339578262718916,F1,MYC-high & EMT & hypoxia | glycolysis,"['MYC', 'TGFBI', 'SNAI2', 'MMP2', 'FN1', 'CDH2', 'VIM', 'GSTP1', 'LDHB']"
514,phloretin,-0.5347650389090247,0.03282099292172002,F1,MYC-high & EMT & hypoxia | glycolysis,"['MYC', 'TGFBI', 'SNAI2', 'MMP2', 'FN1', 'CDH2', 'VIM', 'GSTP1', 'LDHB']"
515,thalidomide,-0.6454527572737783,0.08389299018151876,F1,MYC-high & EMT & hypoxia | glycolysis,"['MYC', 'TGFBI', 'SNAI2', 'MMP2', 'FN1', 'CDH2', 'VIM', 'GSTP1', 'LDHB']"
516,gossypol,-0.3535488265154215,0.15007436333096932,F1,MYC-high & EMT & hypoxia | glycolysis,"['MYC', 'TGFBI', 'SNAI2', 'MMP2', 'FN1', 'CDH2', 'VIM', 'GSTP1', 'LDHB']"
517,chlorambucil,-0.035191166075253126,0.8897450020345095,F1,MYC-high & EMT & hypoxia | glycolysis,"['MYC', 'TGFBI', 'SNAI2', 'MMP2', 'FN1', 'CDH2', 'VIM', 'GSTP1', 'LDHB']"
518,5-fluorouracil,0.06181727506335326,0.8136734964085186,F1,MYC-high & EMT & hypoxia | glycolysis,"['MYC', 'TGFBI', 'SNAI2', 'MMP2', 'FN1', 'CDH2', 'VIM', 'GSTP1', 'LDHB']"
519,ML083,-0.3949492167905925,0.11665740818862845,F1,MYC-high & EMT & hypoxia | glycolysis,"['MYC', 'TGFBI', 'SNAI2', 'MMP2', 'FN1', 'CDH2', 'VIM', 'GSTP1', 'LDHB']"
520,CID-5951923,-0.14791606015697134,0.5710190508912902,F1,MYC-high & EMT & hypoxia | glycolysis,"['MYC', 'TGFBI', 'SNAI2', 'MMP2', 'FN1', 'CDH2', 'VIM', 'GSTP1', 'LDHB']"
521,azacitidine,-0.15636433175904285,0.5355199580653336,F1,MYC-high & EMT & hypoxia | glycolysis,"['MYC', 'TGFBI', 'SNAI2', 'MMP2', 'FN1', 'CDH2', 'VIM', 'GSTP1', 'LDHB']"
522,trifluoperazine,0.11383730314075499,0.6983920466249917,F1,MYC-high & EMT & hypoxia | glycolysis,"['MYC', 'TGFBI', 'SNAI2', 'MMP2', 'FN1', 'CDH2', 'VIM', 'GSTP1', 'LDHB']"
523,paclitaxel,-0.20468299125417347,0.4306701166607576,F1,MYC-high & EMT & hypoxia | glycolysis,"['MYC', 'TGFBI', 'SNAI2', 'MMP2', 'FN1', 'CDH2', 'VIM', 'GSTP1', 'LDHB']"
524,tamoxifen,-0.025169583497065523,0.9236106326469039,F1,MYC-high & EMT & hypoxia | glycolysis,"['MYC', 'TGFBI', 'SNAI2', 'MMP2', 'FN1', 'CDH2', 'VIM', 'GSTP1', 'LDHB']"
525,carboplatin,0.2623074328966366,0.2930120687225356,F1,MYC-high & EMT & hypoxia | glycolysis,"['MYC', 'TGFBI', 'SNAI2', 'MMP2', 'FN1', 'CDH2', 'VIM', 'GSTP1', 'LDHB']"
526,IU1,0.007747189896215072,0.976458154225754,F1,MYC-high & EMT & hypoxia | glycolysis,"['MYC', 'TGFBI', 'SNAI2', 'MMP2', 'FN1', 'CDH2', 'VIM', 'GSTP1', 'LDHB']"
527,dexamethasone,-0.06086150253378261,0.8294050125725568,F1,MYC-high & EMT & hypoxia | glycolysis,"['MYC', 'TGFBI', 'SNAI2', 'MMP2', 'FN1', 'CDH2', 'VIM', 'GSTP1', 'LDHB']"
528,teniposide,-0.258057837585003,0.5371937275618205,F1,MYC-high & EMT & hypoxia | glycolysis,"['MYC', 'TGFBI', 'SNAI2', 'MMP2', 'FN1', 'CDH2', 'VIM', 'GSTP1', 'LDHB']"
529,sildenafil,0.07385350297264844,0.778176576085994,F1,MYC-high & EMT & hypoxia | glycolysis,"['MYC', 'TGFBI', 'SNAI2', 'MMP2', 'FN1', 'CDH2', 'VIM', 'GSTP1', 'LDHB']"
530,simvastatin,-0.26420310210792575,0.3413303312309483,F1,MYC-high & EMT & hypoxia | glycolysis,"['MYC', 'TGFBI', 'SNAI2', 'MMP2', 'FN1', 'CDH2', 'VIM', 'GSTP1', 'LDHB']"
531,parbendazole,-0.38264654287555855,0.11706286725189746,F1,MYC-high & EMT & hypoxia | glycolysis,"['MYC', 'TGFBI', 'SNAI2', 'MMP2', 'FN1', 'CDH2', 'VIM', 'GSTP1', 'LDHB']"
532,procarbazine,0.19898753696430405,0.4770992584465302,F1,MYC-high & EMT & hypoxia | glycolysis,"['MYC', 'TGFBI', 'SNAI2', 'MMP2', 'FN1', 'CDH2', 'VIM', 'GSTP1', 'LDHB']"
533,curcumin,-0.4441510051723591,0.08479656707687841,F1,MYC-high & EMT & hypoxia | glycolysis,"['MYC', 'TGFBI', 'SNAI2', 'MMP2', 'FN1', 'CDH2', 'VIM', 'GSTP1', 'LDHB']"
534,ciclopirox,0.3411327063710409,0.19599371185886255,F1,MYC-high & EMT & hypoxia | glycolysis,"['MYC', 'TGFBI', 'SNAI2', 'MMP2', 'FN1', 'CDH2', 'VIM', 'GSTP1', 'LDHB']"
535,epigallocatechin-gallate-(-),0.39818089026555803,0.1998538728295389,F1,MYC-high & EMT & hypoxia | glycolysis,"['MYC', 'TGFBI', 'SNAI2', 'MMP2', 'FN1', 'CDH2', 'VIM', 'GSTP1', 'LDHB']"
536,ML311,-0.1702480938495629,0.4994192076546856,F1,MYC-high & EMT & hypoxia | glycolysis,"['MYC', 'TGFBI', 'SNAI2', 'MMP2', 'FN1', 'CDH2', 'VIM', 'GSTP1', 'LDHB']"
537,myricetin,0.1246753900103946,0.6579759239909188,F1,MYC-high & EMT & hypoxia | glycolysis,"['MYC', 'TGFBI', 'SNAI2', 'MMP2', 'FN1', 'CDH2', 'VIM', 'GSTP1', 'LDHB']"
538,methotrexate,0.1648265287087031,0.5272693877913416,F1,MYC-high & EMT & hypoxia | glycolysis,"['MYC', 'TGFBI', 'SNAI2', 'MMP2', 'FN1', 'CDH2', 'VIM', 'GSTP1', 'LDHB']"
539,lovastatin,-0.018647790220224024,0.9414544800016049,F1,MYC-high & EMT & hypoxia | glycolysis,"['MYC', 'TGFBI', 'SNAI2', 'MMP2', 'FN1', 'CDH2', 'VIM', 'GSTP1', 'LDHB']"
540,valdecoxib,-0.19760852643949392,0.44710819206318386,F1,MYC-high & EMT & hypoxia | glycolysis,"['MYC', 'TGFBI', 'SNAI2', 'MMP2', 'FN1', 'CDH2', 'VIM', 'GSTP1', 'LDHB']"
541,cyclophosphamide,-0.09209180885082621,0.813712955830558,F1,MYC-high & EMT & hypoxia | glycolysis,"['MYC', 'TGFBI', 'SNAI2', 'MMP2', 'FN1', 'CDH2', 'VIM', 'GSTP1', 'LDHB']"
542,dacarbazine,0.31958962399520263,0.211136683657066,F1,MYC-high & EMT & hypoxia | glycolysis,"['MYC', 'TGFBI', 'SNAI2', 'MMP2', 'FN1', 'CDH2', 'VIM', 'GSTP1', 'LDHB']"
543,niclosamide,-0.14843736434549415,0.6125474515101015,F1,MYC-high & EMT & hypoxia | glycolysis,"['MYC', 'TGFBI', 'SNAI2', 'MMP2', 'FN1', 'CDH2', 'VIM', 'GSTP1', 'LDHB']"
544,prochlorperazine,0.3676146455266254,0.1612721332041448,F1,MYC-high & EMT & hypoxia | glycolysis,"['MYC', 'TGFBI', 'SNAI2', 'MMP2', 'FN1', 'CDH2', 'VIM', 'GSTP1', 'LDHB']"
545,imatinib,-0.2717004584555861,0.29145708574855217,F1,MYC-high & EMT & hypoxia | glycolysis,"['MYC', 'TGFBI', 'SNAI2', 'MMP2', 'FN1', 'CDH2', 'VIM', 'GSTP1', 'LDHB']"
546,decitabine,0.276450924124757,0.26678463550236375,F1,MYC-high & EMT & hypoxia | glycolysis,"['MYC', 'TGFBI', 'SNAI2', 'MMP2', 'FN1', 'CDH2', 'VIM', 'GSTP1', 'LDHB']"
547,CHIR-99021,-0.14144727984605654,0.6012990323667035,F1,MYC-high & EMT & hypoxia | glycolysis,"['MYC', 'TGFBI', 'SNAI2', 'MMP2', 'FN1', 'CDH2', 'VIM', 'GSTP1', 'LDHB']"
548,BI-2536,-0.20146209682075894,0.4381148109129905,F1,MYC-high & EMT & hypoxia | glycolysis,"['MYC', 'TGFBI', 'SNAI2', 'MMP2', 'FN1', 'CDH2', 'VIM', 'GSTP1', 'LDHB']"
549,BRD-K61166597,0.014693127574061882,0.9569292804479297,F1,MYC-high & EMT & hypoxia | glycolysis,"['MYC', 'TGFBI', 'SNAI2', 'MMP2', 'FN1', 'CDH2', 'VIM', 'GSTP1', 'LDHB']"
550,axitinib,-0.35963919097175423,0.1426882680878813,F1,MYC-high & EMT & hypoxia | glycolysis,"['MYC', 'TGFBI', 'SNAI2', 'MMP2', 'FN1', 'CDH2', 'VIM', 'GSTP1', 'LDHB']"
551,selumetinib,-0.016901342582863126,0.9486659844447882,F1,MYC-high & EMT & hypoxia | glycolysis,"['MYC', 'TGFBI', 'SNAI2', 'MMP2', 'FN1', 'CDH2', 'VIM', 'GSTP1', 'LDHB']"
552,NVP-BEZ235,-0.08088860816291447,0.8026646028138011,F1,MYC-high & EMT & hypoxia | glycolysis,"['MYC', 'TGFBI', 'SNAI2', 'MMP2', 'FN1', 'CDH2', 'VIM', 'GSTP1', 'LDHB']"
553,GW-843682X,0.08707313130913263,0.7484761425560771,F1,MYC-high & EMT & hypoxia | glycolysis,"['MYC', 'TGFBI', 'SNAI2', 'MMP2', 'FN1', 'CDH2', 'VIM', 'GSTP1', 'LDHB']"
554,vandetanib,0.5649990059752356,0.02257750778048411,F1,MYC-high & EMT & hypoxia | glycolysis,"['MYC', 'TGFBI', 'SNAI2', 'MMP2', 'FN1', 'CDH2', 'VIM', 'GSTP1', 'LDHB']"
555,sorafenib,-0.3200429677675728,0.21045341962312278,F1,MYC-high & EMT & hypoxia | glycolysis,"['MYC', 'TGFBI', 'SNAI2', 'MMP2', 'FN1', 'CDH2', 'VIM', 'GSTP1', 'LDHB']"
556,ML029,-0.4109606332248815,0.12807714897106753,F1,MYC-high & EMT & hypoxia | glycolysis,"['MYC', 'TGFBI', 'SNAI2', 'MMP2', 'FN1', 'CDH2', 'VIM', 'GSTP1', 'LDHB']"
557,temozolomide,-0.32171869367755457,0.20794026889912132,F1,MYC-high & EMT & hypoxia | glycolysis,"['MYC', 'TGFBI', 'SNAI2', 'MMP2', 'FN1', 'CDH2', 'VIM', 'GSTP1', 'LDHB']"
558,ifosfamide,0.16427050640533197,0.697488951893574,F1,MYC-high & EMT & hypoxia | glycolysis,"['MYC', 'TGFBI', 'SNAI2', 'MMP2', 'FN1', 'CDH2', 'VIM', 'GSTP1', 'LDHB']"
559,BRD4132,-0.23314547911776792,0.3848473709151178,F1,MYC-high & EMT & hypoxia | glycolysis,"['MYC', 'TGFBI', 'SNAI2', 'MMP2', 'FN1', 'CDH2', 'VIM', 'GSTP1', 'LDHB']"
560,BRD-K90370028,0.03203794128935866,0.939969953292132,F1,MYC-high & EMT & hypoxia | glycolysis,"['MYC', 'TGFBI', 'SNAI2', 'MMP2', 'FN1', 'CDH2', 'VIM', 'GSTP1', 'LDHB']"
561,SNX-2112,0.36765259356021307,0.13335885510349668,F1,MYC-high & EMT & hypoxia | glycolysis,"['MYC', 'TGFBI', 'SNAI2', 'MMP2', 'FN1', 'CDH2', 'VIM', 'GSTP1', 'LDHB']"
562,navitoclax,-0.3249775853457379,0.18822832607724804,F1,MYC-high & EMT & hypoxia | glycolysis,"['MYC', 'TGFBI', 'SNAI2', 'MMP2', 'FN1', 'CDH2', 'VIM', 'GSTP1', 'LDHB']"
563,doxorubicin,-0.14661441969371194,0.5744494861583165,F1,MYC-high & EMT & hypoxia | glycolysis,"['MYC', 'TGFBI', 'SNAI2', 'MMP2', 'FN1', 'CDH2', 'VIM', 'GSTP1', 'LDHB']"
564,ouabain,-0.5342583184497286,0.022372436137867796,F1,MYC-high & EMT & hypoxia | glycolysis,"['MYC', 'TGFBI', 'SNAI2', 'MMP2', 'FN1', 'CDH2', 'VIM', 'GSTP1', 'LDHB']"
565,bexarotene,0.1206212787114079,0.6335326088774964,F1,MYC-high & EMT & hypoxia | glycolysis,"['MYC', 'TGFBI', 'SNAI2', 'MMP2', 'FN1', 'CDH2', 'VIM', 'GSTP1', 'LDHB']"
566,nilotinib,0.4549242110145117,0.07664217518061166,F1,MYC-high & EMT & hypoxia | glycolysis,"['MYC', 'TGFBI', 'SNAI2', 'MMP2', 'FN1', 'CDH2', 'VIM', 'GSTP1', 'LDHB']"
567,sunitinib,-0.04578257313009713,0.8568479457811555,F1,MYC-high & EMT & hypoxia | glycolysis,"['MYC', 'TGFBI', 'SNAI2', 'MMP2', 'FN1', 'CDH2', 'VIM', 'GSTP1', 'LDHB']"
568,bendamustine,-0.4226977235579817,0.11648187014731191,F1,MYC-high & EMT & hypoxia | glycolysis,"['MYC', 'TGFBI', 'SNAI2', 'MMP2', 'FN1', 'CDH2', 'VIM', 'GSTP1', 'LDHB']"
569,BRD9647,-0.040820103655570275,0.8722367492789957,F1,MYC-high & EMT & hypoxia | glycolysis,"['MYC', 'TGFBI', 'SNAI2', 'MMP2', 'FN1', 'CDH2', 'VIM', 'GSTP1', 'LDHB']"
570,homoharringtonine,0.026498181366182705,0.9348506434881527,F1,MYC-high & EMT & hypoxia | glycolysis,"['MYC', 'TGFBI', 'SNAI2', 'MMP2', 'FN1', 'CDH2', 'VIM', 'GSTP1', 'LDHB']"
571,CD-437,-0.14908974983665607,0.5548960253920484,F1,MYC-high & EMT & hypoxia | glycolysis,"['MYC', 'TGFBI', 'SNAI2', 'MMP2', 'FN1', 'CDH2', 'VIM', 'GSTP1', 'LDHB']"
572,SCH-79797,0.16883518119661406,0.5030388731022911,F1,MYC-high & EMT & hypoxia | glycolysis,"['MYC', 'TGFBI', 'SNAI2', 'MMP2', 'FN1', 'CDH2', 'VIM', 'GSTP1', 'LDHB']"
573,LE-135,-0.2667311044999618,0.28464683239031074,F1,MYC-high & EMT & hypoxia | glycolysis,"['MYC', 'TGFBI', 'SNAI2', 'MMP2', 'FN1', 'CDH2', 'VIM', 'GSTP1', 'LDHB']"
574,SKI-II,0.17085832265582848,0.49785976617951777,F1,MYC-high & EMT & hypoxia | glycolysis,"['MYC', 'TGFBI', 'SNAI2', 'MMP2', 'FN1', 'CDH2', 'VIM', 'GSTP1', 'LDHB']"
575,CI-976,0.0994586778336916,0.6945780895287107,F1,MYC-high & EMT & hypoxia | glycolysis,"['MYC', 'TGFBI', 'SNAI2', 'MMP2', 'FN1', 'CDH2', 'VIM', 'GSTP1', 'LDHB']"
576,cisplatin,-0.060781508379359486,0.810654443218125,F1,MYC-high & EMT & hypoxia | glycolysis,"['MYC', 'TGFBI', 'SNAI2', 'MMP2', 'FN1', 'CDH2', 'VIM', 'GSTP1', 'LDHB']"
577,necrostatin-1,0.18942295413092336,0.4822854484591806,F1,MYC-high & EMT & hypoxia | glycolysis,"['MYC', 'TGFBI', 'SNAI2', 'MMP2', 'FN1', 'CDH2', 'VIM', 'GSTP1', 'LDHB']"
578,GW-405833,0.09410891900826562,0.7193972996873496,F1,MYC-high & EMT & hypoxia | glycolysis,"['MYC', 'TGFBI', 'SNAI2', 'MMP2', 'FN1', 'CDH2', 'VIM', 'GSTP1', 'LDHB']"
579,AC-55649,0.19121189266378547,0.4622416119705142,F1,MYC-high & EMT & hypoxia | glycolysis,"['MYC', 'TGFBI', 'SNAI2', 'MMP2', 'FN1', 'CDH2', 'VIM', 'GSTP1', 'LDHB']"
580,RITA,0.01282350864608193,0.9597228393780728,F1,MYC-high & EMT & hypoxia | glycolysis,"['MYC', 'TGFBI', 'SNAI2', 'MMP2', 'FN1', 'CDH2', 'VIM', 'GSTP1', 'LDHB']"
581,LY2183240,-0.46518005278941127,0.0598929342495049,F1,MYC-high & EMT & hypoxia | glycolysis,"['MYC', 'TGFBI', 'SNAI2', 'MMP2', 'FN1', 'CDH2', 'VIM', 'GSTP1', 'LDHB']"
582,KI-8751,0.08134116697340937,0.7645829429269386,F1,MYC-high & EMT & hypoxia | glycolysis,"['MYC', 'TGFBI', 'SNAI2', 'MMP2', 'FN1', 'CDH2', 'VIM', 'GSTP1', 'LDHB']"
583,CD-1530,0.15327874738642572,0.5854886380371312,F1,MYC-high & EMT & hypoxia | glycolysis,"['MYC', 'TGFBI', 'SNAI2', 'MMP2', 'FN1', 'CDH2', 'VIM', 'GSTP1', 'LDHB']"
584,TPCA-1,-0.339553547877249,0.16803315841396738,F1,MYC-high & EMT & hypoxia | glycolysis,"['MYC', 'TGFBI', 'SNAI2', 'MMP2', 'FN1', 'CDH2', 'VIM', 'GSTP1', 'LDHB']"
585,oxaliplatin,-0.4708143845640608,0.05645917757738563,F1,MYC-high & EMT & hypoxia | glycolysis,"['MYC', 'TGFBI', 'SNAI2', 'MMP2', 'FN1', 'CDH2', 'VIM', 'GSTP1', 'LDHB']"
586,NSC632839,-0.17974297859794774,0.47542307394741945,F1,MYC-high & EMT & hypoxia | glycolysis,"['MYC', 'TGFBI', 'SNAI2', 'MMP2', 'FN1', 'CDH2', 'VIM', 'GSTP1', 'LDHB']"
587,pifithrin-mu,-0.21679017773581571,0.38754635831656425,F1,MYC-high & EMT & hypoxia | glycolysis,"['MYC', 'TGFBI', 'SNAI2', 'MMP2', 'FN1', 'CDH2', 'VIM', 'GSTP1', 'LDHB']"
588,camptothecin,-0.19613665023026733,0.48356248111272804,F1,MYC-high & EMT & hypoxia | glycolysis,"['MYC', 'TGFBI', 'SNAI2', 'MMP2', 'FN1', 'CDH2', 'VIM', 'GSTP1', 'LDHB']"
589,BRD-K80183349,0.19175324258142953,0.4768121260296523,F1,MYC-high & EMT & hypoxia | glycolysis,"['MYC', 'TGFBI', 'SNAI2', 'MMP2', 'FN1', 'CDH2', 'VIM', 'GSTP1', 'LDHB']"
590,BRD-K66532283,-0.2773055308340104,0.26524821061365933,F1,MYC-high & EMT & hypoxia | glycolysis,"['MYC', 'TGFBI', 'SNAI2', 'MMP2', 'FN1', 'CDH2', 'VIM', 'GSTP1', 'LDHB']"
591,MK-2206,-0.20530291348233665,0.4629313233870825,F1,MYC-high & EMT & hypoxia | glycolysis,"['MYC', 'TGFBI', 'SNAI2', 'MMP2', 'FN1', 'CDH2', 'VIM', 'GSTP1', 'LDHB']"
592,triazolothiadiazine,-0.34970950442050586,0.1548633461323371,F1,MYC-high & EMT & hypoxia | glycolysis,"['MYC', 'TGFBI', 'SNAI2', 'MMP2', 'FN1', 'CDH2', 'VIM', 'GSTP1', 'LDHB']"
593,BRD-K66453893,-0.4038816081504805,0.10788476931507954,F1,MYC-high & EMT & hypoxia | glycolysis,"['MYC', 'TGFBI', 'SNAI2', 'MMP2', 'FN1', 'CDH2', 'VIM', 'GSTP1', 'LDHB']"
594,BRD-K11533227,-0.22367225356292944,0.4229252856686742,F1,MYC-high & EMT & hypoxia | glycolysis,"['MYC', 'TGFBI', 'SNAI2', 'MMP2', 'FN1', 'CDH2', 'VIM', 'GSTP1', 'LDHB']"
595,Piplartine,-0.26350719020945357,0.29072874742295796,F1,MYC-high & EMT & hypoxia | glycolysis,"['MYC', 'TGFBI', 'SNAI2', 'MMP2', 'FN1', 'CDH2', 'VIM', 'GSTP1', 'LDHB']"
596,BRD-K14844214,-0.1567180474790691,0.56216919031494,F1,MYC-high & EMT & hypoxia | glycolysis,"['MYC', 'TGFBI', 'SNAI2', 'MMP2', 'FN1', 'CDH2', 'VIM', 'GSTP1', 'LDHB']"
597,BRD1835,0.07042139316340656,0.7812673429352581,F1,MYC-high & EMT & hypoxia | glycolysis,"['MYC', 'TGFBI', 'SNAI2', 'MMP2', 'FN1', 'CDH2', 'VIM', 'GSTP1', 'LDHB']"
598,BRD-K41597374,-0.35716950934648634,0.15930566144649605,F1,MYC-high & EMT & hypoxia | glycolysis,"['MYC', 'TGFBI', 'SNAI2', 'MMP2', 'FN1', 'CDH2', 'VIM', 'GSTP1', 'LDHB']"
599,BRD-K63431240,-0.020269253014295163,0.9363731940614675,F1,MYC-high & EMT & hypoxia | glycolysis,"['MYC', 'TGFBI', 'SNAI2', 'MMP2', 'FN1', 'CDH2', 'VIM', 'GSTP1', 'LDHB']"
600,BRD-K13999467,-0.08071912255397197,0.7581083131341817,F1,MYC-high & EMT & hypoxia | glycolysis,"['MYC', 'TGFBI', 'SNAI2', 'MMP2', 'FN1', 'CDH2', 'VIM', 'GSTP1', 'LDHB']"
601,brefeldin A,-0.045327660266877824,0.8582566871408817,F1,MYC-high & EMT & hypoxia | glycolysis,"['MYC', 'TGFBI', 'SNAI2', 'MMP2', 'FN1', 'CDH2', 'VIM', 'GSTP1', 'LDHB']"
602,AGK-2,-0.24003045970946613,0.3373675840826319,F1,MYC-high & EMT & hypoxia | glycolysis,"['MYC', 'TGFBI', 'SNAI2', 'MMP2', 'FN1', 'CDH2', 'VIM', 'GSTP1', 'LDHB']"
603,L-685458,-0.19728336261540366,0.43264601370847666,F1,MYC-high & EMT & hypoxia | glycolysis,"['MYC', 'TGFBI', 'SNAI2', 'MMP2', 'FN1', 'CDH2', 'VIM', 'GSTP1', 'LDHB']"
604,PF-750,-0.03663522976276215,0.8928507069626495,F1,MYC-high & EMT & hypoxia | glycolysis,"['MYC', 'TGFBI', 'SNAI2', 'MMP2', 'FN1', 'CDH2', 'VIM', 'GSTP1', 'LDHB']"
605,triptolide,-0.3519279953990537,0.15208351397149783,F1,MYC-high & EMT & hypoxia | glycolysis,"['MYC', 'TGFBI', 'SNAI2', 'MMP2', 'FN1', 'CDH2', 'VIM', 'GSTP1', 'LDHB']"
606,nutlin-3,0.04294468500389046,0.8656426803660995,F1,MYC-high & EMT & hypoxia | glycolysis,"['MYC', 'TGFBI', 'SNAI2', 'MMP2', 'FN1', 'CDH2', 'VIM', 'GSTP1', 'LDHB']"
607,AA-COCF3,0.3350882599921121,0.188587838300923,F1,MYC-high & EMT & hypoxia | glycolysis,"['MYC', 'TGFBI', 'SNAI2', 'MMP2', 'FN1', 'CDH2', 'VIM', 'GSTP1', 'LDHB']"
608,16-beta-bromoandrosterone,-0.18723070057958657,0.45691138219838723,F1,MYC-high & EMT & hypoxia | glycolysis,"['MYC', 'TGFBI', 'SNAI2', 'MMP2', 'FN1', 'CDH2', 'VIM', 'GSTP1', 'LDHB']"
609,PRL-3 inhibitor I,-0.1511556318139285,0.5907554192119338,F1,MYC-high & EMT & hypoxia | glycolysis,"['MYC', 'TGFBI', 'SNAI2', 'MMP2', 'FN1', 'CDH2', 'VIM', 'GSTP1', 'LDHB']"
610,SID 26681509,-0.6787485759628413,0.010747453036937308,F1,MYC-high & EMT & hypoxia | glycolysis,"['MYC', 'TGFBI', 'SNAI2', 'MMP2', 'FN1', 'CDH2', 'VIM', 'GSTP1', 'LDHB']"
611,ISX-9,-0.1420755182664906,0.5738659101047261,F1,MYC-high & EMT & hypoxia | glycolysis,"['MYC', 'TGFBI', 'SNAI2', 'MMP2', 'FN1', 'CDH2', 'VIM', 'GSTP1', 'LDHB']"
612,STAT3-inhibitor-VI,0.15649835632568831,0.548622807958374,F1,MYC-high & EMT & hypoxia | glycolysis,"['MYC', 'TGFBI', 'SNAI2', 'MMP2', 'FN1', 'CDH2', 'VIM', 'GSTP1', 'LDHB']"
613,bortezomib,-0.062008541690984624,0.8131065390905092,F1,MYC-high & EMT & hypoxia | glycolysis,"['MYC', 'TGFBI', 'SNAI2', 'MMP2', 'FN1', 'CDH2', 'VIM', 'GSTP1', 'LDHB']"
614,ABT-737,-0.16453958843855487,0.5141197913353676,F1,MYC-high & EMT & hypoxia | glycolysis,"['MYC', 'TGFBI', 'SNAI2', 'MMP2', 'FN1', 'CDH2', 'VIM', 'GSTP1', 'LDHB']"
615,zebularine,-0.1420806762779269,0.573851859150879,F1,MYC-high & EMT & hypoxia | glycolysis,"['MYC', 'TGFBI', 'SNAI2', 'MMP2', 'FN1', 'CDH2', 'VIM', 'GSTP1', 'LDHB']"
616,PI-103,-0.28381926048767225,0.2537188353763086,F1,MYC-high & EMT & hypoxia | glycolysis,"['MYC', 'TGFBI', 'SNAI2', 'MMP2', 'FN1', 'CDH2', 'VIM', 'GSTP1', 'LDHB']"
617,tubastatin-A,0.5027295237586044,0.20416293869798358,F1,MYC-high & EMT & hypoxia | glycolysis,"['MYC', 'TGFBI', 'SNAI2', 'MMP2', 'FN1', 'CDH2', 'VIM', 'GSTP1', 'LDHB']"
618,SR-II-138A,-0.06564851240331224,0.7957847596227638,F1,MYC-high & EMT & hypoxia | glycolysis,"['MYC', 'TGFBI', 'SNAI2', 'MMP2', 'FN1', 'CDH2', 'VIM', 'GSTP1', 'LDHB']"
619,parthenolide,-0.13725299679575637,0.6122338680876902,F1,MYC-high & EMT & hypoxia | glycolysis,"['MYC', 'TGFBI', 'SNAI2', 'MMP2', 'FN1', 'CDH2', 'VIM', 'GSTP1', 'LDHB']"
620,Compound 7d-cis,-0.18068746413577108,0.5547005976374286,F1,MYC-high & EMT & hypoxia | glycolysis,"['MYC', 'TGFBI', 'SNAI2', 'MMP2', 'FN1', 'CDH2', 'VIM', 'GSTP1', 'LDHB']"
621,fedratinib,-0.21073380775298298,0.43338209826726376,F1,MYC-high & EMT & hypoxia | glycolysis,"['MYC', 'TGFBI', 'SNAI2', 'MMP2', 'FN1', 'CDH2', 'VIM', 'GSTP1', 'LDHB']"
622,pevonedistat,-0.17408512175122445,0.534926009463369,F1,MYC-high & EMT & hypoxia | glycolysis,"['MYC', 'TGFBI', 'SNAI2', 'MMP2', 'FN1', 'CDH2', 'VIM', 'GSTP1', 'LDHB']"
623,AZD7545,-0.18069300260771956,0.5192854034670543,F1,MYC-high & EMT & hypoxia | glycolysis,"['MYC', 'TGFBI', 'SNAI2', 'MMP2', 'FN1', 'CDH2', 'VIM', 'GSTP1', 'LDHB']"
624,VER-155008,-0.3709294816948018,0.12966944944619752,F1,MYC-high & EMT & hypoxia | glycolysis,"['MYC', 'TGFBI', 'SNAI2', 'MMP2', 'FN1', 'CDH2', 'VIM', 'GSTP1', 'LDHB']"
625,ML203,-0.34635403798377773,0.17323536256924985,F1,MYC-high & EMT & hypoxia | glycolysis,"['MYC', 'TGFBI', 'SNAI2', 'MMP2', 'FN1', 'CDH2', 'VIM', 'GSTP1', 'LDHB']"
626,SRT-1720,0.07487827228858968,0.7908438411803984,F1,MYC-high & EMT & hypoxia | glycolysis,"['MYC', 'TGFBI', 'SNAI2', 'MMP2', 'FN1', 'CDH2', 'VIM', 'GSTP1', 'LDHB']"
627,CAY10594,0.050387476917059346,0.8529803000844052,F1,MYC-high & EMT & hypoxia | glycolysis,"['MYC', 'TGFBI', 'SNAI2', 'MMP2', 'FN1', 'CDH2', 'VIM', 'GSTP1', 'LDHB']"
628,Compound 1541A,-0.2061831710223288,0.4272252365866992,F1,MYC-high & EMT & hypoxia | glycolysis,"['MYC', 'TGFBI', 'SNAI2', 'MMP2', 'FN1', 'CDH2', 'VIM', 'GSTP1', 'LDHB']"
629,RG108,0.01386336582025354,0.9564595867607215,F1,MYC-high & EMT & hypoxia | glycolysis,"['MYC', 'TGFBI', 'SNAI2', 'MMP2', 'FN1', 'CDH2', 'VIM', 'GSTP1', 'LDHB']"
630,PAC-1,0.29618808457773427,0.24836490132442793,F1,MYC-high & EMT & hypoxia | glycolysis,"['MYC', 'TGFBI', 'SNAI2', 'MMP2', 'FN1', 'CDH2', 'VIM', 'GSTP1', 'LDHB']"
631,pluripotin,-0.28644580706965794,0.2650015409337831,F1,MYC-high & EMT & hypoxia | glycolysis,"['MYC', 'TGFBI', 'SNAI2', 'MMP2', 'FN1', 'CDH2', 'VIM', 'GSTP1', 'LDHB']"
632,GMX-1778,0.08537332553070899,0.7362520756650802,F1,MYC-high & EMT & hypoxia | glycolysis,"['MYC', 'TGFBI', 'SNAI2', 'MMP2', 'FN1', 'CDH2', 'VIM', 'GSTP1', 'LDHB']"
633,avrainvillamide,0.5144179771855091,0.10545241302026732,F1,MYC-high & EMT & hypoxia | glycolysis,"['MYC', 'TGFBI', 'SNAI2', 'MMP2', 'FN1', 'CDH2', 'VIM', 'GSTP1', 'LDHB']"
634,BMS-536924,-0.10939658944243635,0.68672425478016,F1,MYC-high & EMT & hypoxia | glycolysis,"['MYC', 'TGFBI', 'SNAI2', 'MMP2', 'FN1', 'CDH2', 'VIM', 'GSTP1', 'LDHB']"
635,gemcitabine,0.29224434978229846,0.27205036801628607,F1,MYC-high & EMT & hypoxia | glycolysis,"['MYC', 'TGFBI', 'SNAI2', 'MMP2', 'FN1', 'CDH2', 'VIM', 'GSTP1', 'LDHB']"
636,olaparib,-0.27123975141615825,0.27627263575587196,F1,MYC-high & EMT & hypoxia | glycolysis,"['MYC', 'TGFBI', 'SNAI2', 'MMP2', 'FN1', 'CDH2', 'VIM', 'GSTP1', 'LDHB']"
637,oligomycin A,-0.3076296035052878,0.21429174547797103,F1,MYC-high & EMT & hypoxia | glycolysis,"['MYC', 'TGFBI', 'SNAI2', 'MMP2', 'FN1', 'CDH2', 'VIM', 'GSTP1', 'LDHB']"
638,indisulam,0.022378264062419807,0.9297675724244394,F1,MYC-high & EMT & hypoxia | glycolysis,"['MYC', 'TGFBI', 'SNAI2', 'MMP2', 'FN1', 'CDH2', 'VIM', 'GSTP1', 'LDHB']"
639,BRD-K02492147,-0.2735792283023682,0.32381892017945885,F1,MYC-high & EMT & hypoxia | glycolysis,"['MYC', 'TGFBI', 'SNAI2', 'MMP2', 'FN1', 'CDH2', 'VIM', 'GSTP1', 'LDHB']"
640,austocystin D,0.2752389013450461,0.2689730807342332,F1,MYC-high & EMT & hypoxia | glycolysis,"['MYC', 'TGFBI', 'SNAI2', 'MMP2', 'FN1', 'CDH2', 'VIM', 'GSTP1', 'LDHB']"
641,SJ-172550,-0.11834284813595834,0.6510030218807201,F1,MYC-high & EMT & hypoxia | glycolysis,"['MYC', 'TGFBI', 'SNAI2', 'MMP2', 'FN1', 'CDH2', 'VIM', 'GSTP1', 'LDHB']"
642,BRD-K09587429,-0.4117879525437238,0.11301150649631628,F1,MYC-high & EMT & hypoxia | glycolysis,"['MYC', 'TGFBI', 'SNAI2', 'MMP2', 'FN1', 'CDH2', 'VIM', 'GSTP1', 'LDHB']"
643,pandacostat,-0.04676586967527428,0.8538043554258784,F1,MYC-high & EMT & hypoxia | glycolysis,"['MYC', 'TGFBI', 'SNAI2', 'MMP2', 'FN1', 'CDH2', 'VIM', 'GSTP1', 'LDHB']"
644,cyanoquinoline 11,0.059051805009819734,0.880049683797065,F1,MYC-high & EMT & hypoxia | glycolysis,"['MYC', 'TGFBI', 'SNAI2', 'MMP2', 'FN1', 'CDH2', 'VIM', 'GSTP1', 'LDHB']"
645,tipifarnib,-0.4118684178433488,0.2706910946722127,F1,MYC-high & EMT & hypoxia | glycolysis,"['MYC', 'TGFBI', 'SNAI2', 'MMP2', 'FN1', 'CDH2', 'VIM', 'GSTP1', 'LDHB']"
646,tipifarnib-P1,-0.08198115690307801,0.7544348142691186,F1,MYC-high & EMT & hypoxia | glycolysis,"['MYC', 'TGFBI', 'SNAI2', 'MMP2', 'FN1', 'CDH2', 'VIM', 'GSTP1', 'LDHB']"
647,Compound 23 citrate,0.11592098226998822,0.6931139756345079,F1,MYC-high & EMT & hypoxia | glycolysis,"['MYC', 'TGFBI', 'SNAI2', 'MMP2', 'FN1', 'CDH2', 'VIM', 'GSTP1', 'LDHB']"
648,nakiterpiosin,-0.24693189056421733,0.3232302574317678,F1,MYC-high & EMT & hypoxia | glycolysis,"['MYC', 'TGFBI', 'SNAI2', 'MMP2', 'FN1', 'CDH2', 'VIM', 'GSTP1', 'LDHB']"
649,CCT036477,-0.3741226645338422,0.12614363705142254,F1,MYC-high & EMT & hypoxia | glycolysis,"['MYC', 'TGFBI', 'SNAI2', 'MMP2', 'FN1', 'CDH2', 'VIM', 'GSTP1', 'LDHB']"
650,R406,0.33830567166682274,0.19996600999609376,F1,MYC-high & EMT & hypoxia | glycolysis,"['MYC', 'TGFBI', 'SNAI2', 'MMP2', 'FN1', 'CDH2', 'VIM', 'GSTP1', 'LDHB']"
651,YM-155,0.30296178491075937,0.2723678664302533,F1,MYC-high & EMT & hypoxia | glycolysis,"['MYC', 'TGFBI', 'SNAI2', 'MMP2', 'FN1', 'CDH2', 'VIM', 'GSTP1', 'LDHB']"
652,BMS-754807,-0.29883524278421014,0.2439602622355936,F1,MYC-high & EMT & hypoxia | glycolysis,"['MYC', 'TGFBI', 'SNAI2', 'MMP2', 'FN1', 'CDH2', 'VIM', 'GSTP1', 'LDHB']"
653,BIBR-1532,0.2621429024780893,0.29332603969692117,F1,MYC-high & EMT & hypoxia | glycolysis,"['MYC', 'TGFBI', 'SNAI2', 'MMP2', 'FN1', 'CDH2', 'VIM', 'GSTP1', 'LDHB']"
654,tosedostat,-0.5564796866968709,0.020341290570779283,F1,MYC-high & EMT & hypoxia | glycolysis,"['MYC', 'TGFBI', 'SNAI2', 'MMP2', 'FN1', 'CDH2', 'VIM', 'GSTP1', 'LDHB']"
655,neratinib,0.22578870296147419,0.36765133935784694,F1,MYC-high & EMT & hypoxia | glycolysis,"['MYC', 'TGFBI', 'SNAI2', 'MMP2', 'FN1', 'CDH2', 'VIM', 'GSTP1', 'LDHB']"
656,ICG-001,-0.25039079016743465,0.31627811452666954,F1,MYC-high & EMT & hypoxia | glycolysis,"['MYC', 'TGFBI', 'SNAI2', 'MMP2', 'FN1', 'CDH2', 'VIM', 'GSTP1', 'LDHB']"
657,BRD8958,-0.263761680098159,0.3421676345765012,F1,MYC-high & EMT & hypoxia | glycolysis,"['MYC', 'TGFBI', 'SNAI2', 'MMP2', 'FN1', 'CDH2', 'VIM', 'GSTP1', 'LDHB']"
658,serdemetan,-0.3542925189615978,0.1629344146816957,F1,MYC-high & EMT & hypoxia | glycolysis,"['MYC', 'TGFBI', 'SNAI2', 'MMP2', 'FN1', 'CDH2', 'VIM', 'GSTP1', 'LDHB']"
659,FK-866,0.20905139881907972,0.45462073881692555,F1,MYC-high & EMT & hypoxia | glycolysis,"['MYC', 'TGFBI', 'SNAI2', 'MMP2', 'FN1', 'CDH2', 'VIM', 'GSTP1', 'LDHB']"
660,MK-1775,-0.44726659613932984,0.07184183722459501,F1,MYC-high & EMT & hypoxia | glycolysis,"['MYC', 'TGFBI', 'SNAI2', 'MMP2', 'FN1', 'CDH2', 'VIM', 'GSTP1', 'LDHB']"
661,tivozanib,-0.23665674297898182,0.34440686313326996,F1,MYC-high & EMT & hypoxia | glycolysis,"['MYC', 'TGFBI', 'SNAI2', 'MMP2', 'FN1', 'CDH2', 'VIM', 'GSTP1', 'LDHB']"
662,Ko143,-0.028776700704499055,0.9097554710666791,F1,MYC-high & EMT & hypoxia | glycolysis,"['MYC', 'TGFBI', 'SNAI2', 'MMP2', 'FN1', 'CDH2', 'VIM', 'GSTP1', 'LDHB']"
663,CR-1-31B,-0.034158011712924756,0.8929640407393555,F1,MYC-high & EMT & hypoxia | glycolysis,"['MYC', 'TGFBI', 'SNAI2', 'MMP2', 'FN1', 'CDH2', 'VIM', 'GSTP1', 'LDHB']"
664,BRD-K26531177,-0.22086064769739283,0.4289301561712542,F1,MYC-high & EMT & hypoxia | glycolysis,"['MYC', 'TGFBI', 'SNAI2', 'MMP2', 'FN1', 'CDH2', 'VIM', 'GSTP1', 'LDHB']"
665,BRD-K71781559,0.05288379567319377,0.8457759100095963,F1,MYC-high & EMT & hypoxia | glycolysis,"['MYC', 'TGFBI', 'SNAI2', 'MMP2', 'FN1', 'CDH2', 'VIM', 'GSTP1', 'LDHB']"
666,BRD-K04800985,-0.17834805154187797,0.49343268824746234,F1,MYC-high & EMT & hypoxia | glycolysis,"['MYC', 'TGFBI', 'SNAI2', 'MMP2', 'FN1', 'CDH2', 'VIM', 'GSTP1', 'LDHB']"
667,BRD-K19103580,-0.20743129953633846,0.4243701445422369,F1,MYC-high & EMT & hypoxia | glycolysis,"['MYC', 'TGFBI', 'SNAI2', 'MMP2', 'FN1', 'CDH2', 'VIM', 'GSTP1', 'LDHB']"
668,BRD-K64610608,-0.1420437510038824,0.5865639381490729,F1,MYC-high & EMT & hypoxia | glycolysis,"['MYC', 'TGFBI', 'SNAI2', 'MMP2', 'FN1', 'CDH2', 'VIM', 'GSTP1', 'LDHB']"
669,BRD-K02251932,-0.17614139016789893,0.5140493817984695,F1,MYC-high & EMT & hypoxia | glycolysis,"['MYC', 'TGFBI', 'SNAI2', 'MMP2', 'FN1', 'CDH2', 'VIM', 'GSTP1', 'LDHB']"
670,BRD-K55116708,0.30665201409385157,0.24800432636679964,F1,MYC-high & EMT & hypoxia | glycolysis,"['MYC', 'TGFBI', 'SNAI2', 'MMP2', 'FN1', 'CDH2', 'VIM', 'GSTP1', 'LDHB']"
671,NSC23766,-0.34227441122405844,0.17869486369020765,F1,MYC-high & EMT & hypoxia | glycolysis,"['MYC', 'TGFBI', 'SNAI2', 'MMP2', 'FN1', 'CDH2', 'VIM', 'GSTP1', 'LDHB']"
672,pyrazolanthrone,-0.3005540460216337,0.24112680891787702,F1,MYC-high & EMT & hypoxia | glycolysis,"['MYC', 'TGFBI', 'SNAI2', 'MMP2', 'FN1', 'CDH2', 'VIM', 'GSTP1', 'LDHB']"
673,C6-ceramide,0.19407988277076374,0.4403045187959487,F1,MYC-high & EMT & hypoxia | glycolysis,"['MYC', 'TGFBI', 'SNAI2', 'MMP2', 'FN1', 'CDH2', 'VIM', 'GSTP1', 'LDHB']"
674,topotecan,-0.07731365692556348,0.760425508620703,F1,MYC-high & EMT & hypoxia | glycolysis,"['MYC', 'TGFBI', 'SNAI2', 'MMP2', 'FN1', 'CDH2', 'VIM', 'GSTP1', 'LDHB']"
675,BRD-K16147474,0.11915987698277825,0.6602649124193838,F1,MYC-high & EMT & hypoxia | glycolysis,"['MYC', 'TGFBI', 'SNAI2', 'MMP2', 'FN1', 'CDH2', 'VIM', 'GSTP1', 'LDHB']"
676,BRD-K33199242,-0.08544584949917922,0.7530392047474284,F1,MYC-high & EMT & hypoxia | glycolysis,"['MYC', 'TGFBI', 'SNAI2', 'MMP2', 'FN1', 'CDH2', 'VIM', 'GSTP1', 'LDHB']"
677,BRD-K52037352,0.05952524400392996,0.8398108490961256,F1,MYC-high & EMT & hypoxia | glycolysis,"['MYC', 'TGFBI', 'SNAI2', 'MMP2', 'FN1', 'CDH2', 'VIM', 'GSTP1', 'LDHB']"
678,N9-isopropylolomoucine,-0.2636726652051527,0.30650423690019485,F1,MYC-high & EMT & hypoxia | glycolysis,"['MYC', 'TGFBI', 'SNAI2', 'MMP2', 'FN1', 'CDH2', 'VIM', 'GSTP1', 'LDHB']"
679,BRD-K37390332,-0.6792109865528844,0.002712331093330113,F1,MYC-high & EMT & hypoxia | glycolysis,"['MYC', 'TGFBI', 'SNAI2', 'MMP2', 'FN1', 'CDH2', 'VIM', 'GSTP1', 'LDHB']"
680,tandutinib,-0.09743514585872996,0.7196088578423412,F1,MYC-high & EMT & hypoxia | glycolysis,"['MYC', 'TGFBI', 'SNAI2', 'MMP2', 'FN1', 'CDH2', 'VIM', 'GSTP1', 'LDHB']"
681,importazole,-0.14773355001185676,0.5585421628936997,F1,MYC-high & EMT & hypoxia | glycolysis,"['MYC', 'TGFBI', 'SNAI2', 'MMP2', 'FN1', 'CDH2', 'VIM', 'GSTP1', 'LDHB']"
682,isonicotinohydroxamic acid,-0.10383548828343268,0.790359451422428,F1,MYC-high & EMT & hypoxia | glycolysis,"['MYC', 'TGFBI', 'SNAI2', 'MMP2', 'FN1', 'CDH2', 'VIM', 'GSTP1', 'LDHB']"
683,HLI 373,0.4246548877311,0.07899273927598235,F1,MYC-high & EMT & hypoxia | glycolysis,"['MYC', 'TGFBI', 'SNAI2', 'MMP2', 'FN1', 'CDH2', 'VIM', 'GSTP1', 'LDHB']"
684,etoposide,-0.13374053201746147,0.6088377132602736,F1,MYC-high & EMT & hypoxia | glycolysis,"['MYC', 'TGFBI', 'SNAI2', 'MMP2', 'FN1', 'CDH2', 'VIM', 'GSTP1', 'LDHB']"
685,PRIMA1,-0.4332207211621537,0.10672028374124197,F1,MYC-high & EMT & hypoxia | glycolysis,"['MYC', 'TGFBI', 'SNAI2', 'MMP2', 'FN1', 'CDH2', 'VIM', 'GSTP1', 'LDHB']"
686,tanespimycin,0.13444156725191653,0.5948206257869126,F1,MYC-high & EMT & hypoxia | glycolysis,"['MYC', 'TGFBI', 'SNAI2', 'MMP2', 'FN1', 'CDH2', 'VIM', 'GSTP1', 'LDHB']"
687,cytochalasin-B,-0.10721938533087504,0.6719594113980669,F1,MYC-high & EMT & hypoxia | glycolysis,"['MYC', 'TGFBI', 'SNAI2', 'MMP2', 'FN1', 'CDH2', 'VIM', 'GSTP1', 'LDHB']"
688,NSC-95397,0.2236059104075475,0.4230664769069026,F1,MYC-high & EMT & hypoxia | glycolysis,"['MYC', 'TGFBI', 'SNAI2', 'MMP2', 'FN1', 'CDH2', 'VIM', 'GSTP1', 'LDHB']"
689,manumycin A,-0.12787873079854095,0.6247618481569898,F1,MYC-high & EMT & hypoxia | glycolysis,"['MYC', 'TGFBI', 'SNAI2', 'MMP2', 'FN1', 'CDH2', 'VIM', 'GSTP1', 'LDHB']"
690,mitomycin-C,0.10491390610436732,0.6989900687755304,F1,MYC-high & EMT & hypoxia | glycolysis,"['MYC', 'TGFBI', 'SNAI2', 'MMP2', 'FN1', 'CDH2', 'VIM', 'GSTP1', 'LDHB']"
691,tacrolimus,0.18927060250009545,0.5169475550826923,F1,MYC-high & EMT & hypoxia | glycolysis,"['MYC', 'TGFBI', 'SNAI2', 'MMP2', 'FN1', 'CDH2', 'VIM', 'GSTP1', 'LDHB']"
692,pifithrin-alpha,0.37616002101576596,0.15101245722464213,F1,MYC-high & EMT & hypoxia | glycolysis,"['MYC', 'TGFBI', 'SNAI2', 'MMP2', 'FN1', 'CDH2', 'VIM', 'GSTP1', 'LDHB']"
693,SB-431542,0.13234975707798485,0.6006170053923074,F1,MYC-high & EMT & hypoxia | glycolysis,"['MYC', 'TGFBI', 'SNAI2', 'MMP2', 'FN1', 'CDH2', 'VIM', 'GSTP1', 'LDHB']"
694,SB-225002,-0.31355115361830643,0.20514499186088025,F1,MYC-high & EMT & hypoxia | glycolysis,"['MYC', 'TGFBI', 'SNAI2', 'MMP2', 'FN1', 'CDH2', 'VIM', 'GSTP1', 'LDHB']"
695,PD-153035,0.6782633564054429,0.031094707788256834,F1,MYC-high & EMT & hypoxia | glycolysis,"['MYC', 'TGFBI', 'SNAI2', 'MMP2', 'FN1', 'CDH2', 'VIM', 'GSTP1', 'LDHB']"
696,cerulenin,-0.478930077600559,0.04434246157286095,F1,MYC-high & EMT & hypoxia | glycolysis,"['MYC', 'TGFBI', 'SNAI2', 'MMP2', 'FN1', 'CDH2', 'VIM', 'GSTP1', 'LDHB']"
697,purmorphamine,0.13254089351133688,0.6514938652956103,F1,MYC-high & EMT & hypoxia | glycolysis,"['MYC', 'TGFBI', 'SNAI2', 'MMP2', 'FN1', 'CDH2', 'VIM', 'GSTP1', 'LDHB']"
698,GSK-3-inhibitor-IX,-0.6756333312632763,0.002913100491019709,F1,MYC-high & EMT & hypoxia | glycolysis,"['MYC', 'TGFBI', 'SNAI2', 'MMP2', 'FN1', 'CDH2', 'VIM', 'GSTP1', 'LDHB']"
699,dasatinib,0.11933767991576229,0.63717651855903,F1,MYC-high & EMT & hypoxia | glycolysis,"['MYC', 'TGFBI', 'SNAI2', 'MMP2', 'FN1', 'CDH2', 'VIM', 'GSTP1', 'LDHB']"
700,gefitinib,0.5547573208574298,0.025723275467454277,F1,MYC-high & EMT & hypoxia | glycolysis,"['MYC', 'TGFBI', 'SNAI2', 'MMP2', 'FN1', 'CDH2', 'VIM', 'GSTP1', 'LDHB']"
701,erlotinib,0.737339503202195,0.0011163670273463726,F1,MYC-high & EMT & hypoxia | glycolysis,"['MYC', 'TGFBI', 'SNAI2', 'MMP2', 'FN1', 'CDH2', 'VIM', 'GSTP1', 'LDHB']"
702,BRD-K94991378,-0.4051248791951961,0.13412575876327176,F1,MYC-high & EMT & hypoxia | glycolysis,"['MYC', 'TGFBI', 'SNAI2', 'MMP2', 'FN1', 'CDH2', 'VIM', 'GSTP1', 'LDHB']"
703,BIX-01294,0.06158522607785005,0.814361459242116,F1,MYC-high & EMT & hypoxia | glycolysis,"['MYC', 'TGFBI', 'SNAI2', 'MMP2', 'FN1', 'CDH2', 'VIM', 'GSTP1', 'LDHB']"
704,tacedinaline,-0.13175187519271866,0.6831548903407424,F1,MYC-high & EMT & hypoxia | glycolysis,"['MYC', 'TGFBI', 'SNAI2', 'MMP2', 'FN1', 'CDH2', 'VIM', 'GSTP1', 'LDHB']"
705,panobinostat,-0.07111660326424454,0.7791583704588053,F1,MYC-high & EMT & hypoxia | glycolysis,"['MYC', 'TGFBI', 'SNAI2', 'MMP2', 'FN1', 'CDH2', 'VIM', 'GSTP1', 'LDHB']"
706,IC-87114,-0.1461266514951925,0.5757372312427655,F1,MYC-high & EMT & hypoxia | glycolysis,"['MYC', 'TGFBI', 'SNAI2', 'MMP2', 'FN1', 'CDH2', 'VIM', 'GSTP1', 'LDHB']"
707,ciclosporin,-0.07994267274519729,0.7685267412850496,F1,MYC-high & EMT & hypoxia | glycolysis,"['MYC', 'TGFBI', 'SNAI2', 'MMP2', 'FN1', 'CDH2', 'VIM', 'GSTP1', 'LDHB']"
708,vorinostat,0.10965211714750416,0.6752617635768202,F1,MYC-high & EMT & hypoxia | glycolysis,"['MYC', 'TGFBI', 'SNAI2', 'MMP2', 'FN1', 'CDH2', 'VIM', 'GSTP1', 'LDHB']"
709,sirolimus,0.0976575762406085,0.6998635333347734,F1,MYC-high & EMT & hypoxia | glycolysis,"['MYC', 'TGFBI', 'SNAI2', 'MMP2', 'FN1', 'CDH2', 'VIM', 'GSTP1', 'LDHB']"
710,MIRA-1,0.08823613459042018,0.796422917205536,F1,MYC-high & EMT & hypoxia | glycolysis,"['MYC', 'TGFBI', 'SNAI2', 'MMP2', 'FN1', 'CDH2', 'VIM', 'GSTP1', 'LDHB']"
711,KU-55933,0.2600375786733719,0.3307284465592587,F1,MYC-high & EMT & hypoxia | glycolysis,"['MYC', 'TGFBI', 'SNAI2', 'MMP2', 'FN1', 'CDH2', 'VIM', 'GSTP1', 'LDHB']"
712,AM-580,0.19990127066989563,0.44174614931434353,F1,MYC-high & EMT & hypoxia | glycolysis,"['MYC', 'TGFBI', 'SNAI2', 'MMP2', 'FN1', 'CDH2', 'VIM', 'GSTP1', 'LDHB']"
713,PDMP,0.05209379490290279,0.8537163042639978,F1,MYC-high & EMT & hypoxia | glycolysis,"['MYC', 'TGFBI', 'SNAI2', 'MMP2', 'FN1', 'CDH2', 'VIM', 'GSTP1', 'LDHB']"
714,BRD-K71935468,-0.3162708972958413,0.21618228382650276,F1,MYC-high & EMT & hypoxia | glycolysis,"['MYC', 'TGFBI', 'SNAI2', 'MMP2', 'FN1', 'CDH2', 'VIM', 'GSTP1', 'LDHB']"
715,NSC48300,-0.23619169728242032,0.34538376682187666,F1,MYC-high & EMT & hypoxia | glycolysis,"['MYC', 'TGFBI', 'SNAI2', 'MMP2', 'FN1', 'CDH2', 'VIM', 'GSTP1', 'LDHB']"
716,PRIMA-1-Met,0.1353833232375357,0.7283772331957941,F1,MYC-high & EMT & hypoxia | glycolysis,"['MYC', 'TGFBI', 'SNAI2', 'MMP2', 'FN1', 'CDH2', 'VIM', 'GSTP1', 'LDHB']"
717,evodiamine,-0.07432522728835962,0.7767933197294206,F1,MYC-high & EMT & hypoxia | glycolysis,"['MYC', 'TGFBI', 'SNAI2', 'MMP2', 'FN1', 'CDH2', 'VIM', 'GSTP1', 'LDHB']"
718,UNC0638,0.41655248408884293,0.1384432002509195,F1,MYC-high & EMT & hypoxia | glycolysis,"['MYC', 'TGFBI', 'SNAI2', 'MMP2', 'FN1', 'CDH2', 'VIM', 'GSTP1', 'LDHB']"
719,cucurbitacin I,-0.24751214991511444,0.35536461832614885,F1,MYC-high & EMT & hypoxia | glycolysis,"['MYC', 'TGFBI', 'SNAI2', 'MMP2', 'FN1', 'CDH2', 'VIM', 'GSTP1', 'LDHB']"
720,BRD-K50799972,0.0606325694337517,0.8171871696131849,F1,MYC-high & EMT & hypoxia | glycolysis,"['MYC', 'TGFBI', 'SNAI2', 'MMP2', 'FN1', 'CDH2', 'VIM', 'GSTP1', 'LDHB']"
721,BRD-K17060750,-0.3546904732421466,0.1486702104582372,F1,MYC-high & EMT & hypoxia | glycolysis,"['MYC', 'TGFBI', 'SNAI2', 'MMP2', 'FN1', 'CDH2', 'VIM', 'GSTP1', 'LDHB']"
722,barasertib,0.038442779707986686,0.8835396423959277,F1,MYC-high & EMT & hypoxia | glycolysis,"['MYC', 'TGFBI', 'SNAI2', 'MMP2', 'FN1', 'CDH2', 'VIM', 'GSTP1', 'LDHB']"
723,entinostat,0.005791003690840506,0.9818055698579149,F1,MYC-high & EMT & hypoxia | glycolysis,"['MYC', 'TGFBI', 'SNAI2', 'MMP2', 'FN1', 'CDH2', 'VIM', 'GSTP1', 'LDHB']"
724,belinostat,0.28147661761636117,0.46310314667506036,F1,MYC-high & EMT & hypoxia | glycolysis,"['MYC', 'TGFBI', 'SNAI2', 'MMP2', 'FN1', 'CDH2', 'VIM', 'GSTP1', 'LDHB']"
725,linifanib,-0.417968341402474,0.08434307266576652,F1,MYC-high & EMT & hypoxia | glycolysis,"['MYC', 'TGFBI', 'SNAI2', 'MMP2', 'FN1', 'CDH2', 'VIM', 'GSTP1', 'LDHB']"
726,veliparib,-0.5652665118223454,0.014500064689305796,F1,MYC-high & EMT & hypoxia | glycolysis,"['MYC', 'TGFBI', 'SNAI2', 'MMP2', 'FN1', 'CDH2', 'VIM', 'GSTP1', 'LDHB']"
727,saracatinib,0.7017813064042385,0.001689569987988102,F1,MYC-high & EMT & hypoxia | glycolysis,"['MYC', 'TGFBI', 'SNAI2', 'MMP2', 'FN1', 'CDH2', 'VIM', 'GSTP1', 'LDHB']"
728,afatinib,0.3019616506764532,0.2556823071743869,F1,MYC-high & EMT & hypoxia | glycolysis,"['MYC', 'TGFBI', 'SNAI2', 'MMP2', 'FN1', 'CDH2', 'VIM', 'GSTP1', 'LDHB']"
729,cediranib,-0.19802473137105261,0.6095385784248402,F1,MYC-high & EMT & hypoxia | glycolysis,"['MYC', 'TGFBI', 'SNAI2', 'MMP2', 'FN1', 'CDH2', 'VIM', 'GSTP1', 'LDHB']"
730,canertinib,0.5936380583594076,0.009396116956490907,F1,MYC-high & EMT & hypoxia | glycolysis,"['MYC', 'TGFBI', 'SNAI2', 'MMP2', 'FN1', 'CDH2', 'VIM', 'GSTP1', 'LDHB']"
731,obatoclax,-0.2174965485641998,0.40171480030351875,F1,MYC-high & EMT & hypoxia | glycolysis,"['MYC', 'TGFBI', 'SNAI2', 'MMP2', 'FN1', 'CDH2', 'VIM', 'GSTP1', 'LDHB']"
732,masitinib,0.14051581262277577,0.5906372059690527,F1,MYC-high & EMT & hypoxia | glycolysis,"['MYC', 'TGFBI', 'SNAI2', 'MMP2', 'FN1', 'CDH2', 'VIM', 'GSTP1', 'LDHB']"
733,ZSTK-474,-0.03644764216923471,0.8858323660823285,F1,MYC-high & EMT & hypoxia | glycolysis,"['MYC', 'TGFBI', 'SNAI2', 'MMP2', 'FN1', 'CDH2', 'VIM', 'GSTP1', 'LDHB']"
734,brivanib,-0.48304197426675527,0.06815922133646785,F1,MYC-high & EMT & hypoxia | glycolysis,"['MYC', 'TGFBI', 'SNAI2', 'MMP2', 'FN1', 'CDH2', 'VIM', 'GSTP1', 'LDHB']"
735,GDC-0879,0.052136397366806204,0.8372166950568634,F1,MYC-high & EMT & hypoxia | glycolysis,"['MYC', 'TGFBI', 'SNAI2', 'MMP2', 'FN1', 'CDH2', 'VIM', 'GSTP1', 'LDHB']"
736,NVP-TAE684,0.24673869766595866,0.32362119111204307,F1,MYC-high & EMT & hypoxia | glycolysis,"['MYC', 'TGFBI', 'SNAI2', 'MMP2', 'FN1', 'CDH2', 'VIM', 'GSTP1', 'LDHB']"
737,BMS-387032,-0.2980644820698061,0.28057975769173754,F1,MYC-high & EMT & hypoxia | glycolysis,"['MYC', 'TGFBI', 'SNAI2', 'MMP2', 'FN1', 'CDH2', 'VIM', 'GSTP1', 'LDHB']"
738,PLX4720,0.007743091775390897,0.9756739132067326,F1,MYC-high & EMT & hypoxia | glycolysis,"['MYC', 'TGFBI', 'SNAI2', 'MMP2', 'FN1', 'CDH2', 'VIM', 'GSTP1', 'LDHB']"
739,TGX-221,-0.2114888647306755,0.4151578881636901,F1,MYC-high & EMT & hypoxia | glycolysis,"['MYC', 'TGFBI', 'SNAI2', 'MMP2', 'FN1', 'CDH2', 'VIM', 'GSTP1', 'LDHB']"
740,KU-0063794,-0.1413677549102056,0.5757953237495284,F1,MYC-high & EMT & hypoxia | glycolysis,"['MYC', 'TGFBI', 'SNAI2', 'MMP2', 'FN1', 'CDH2', 'VIM', 'GSTP1', 'LDHB']"
741,TG100-115,-0.17208681070238002,0.4947274730830471,F1,MYC-high & EMT & hypoxia | glycolysis,"['MYC', 'TGFBI', 'SNAI2', 'MMP2', 'FN1', 'CDH2', 'VIM', 'GSTP1', 'LDHB']"
742,GSK1059615,0.02627044740153331,0.9354095236025904,F1,MYC-high & EMT & hypoxia | glycolysis,"['MYC', 'TGFBI', 'SNAI2', 'MMP2', 'FN1', 'CDH2', 'VIM', 'GSTP1', 'LDHB']"
743,SU11274,-0.01077424104268411,0.9661555344366453,F1,MYC-high & EMT & hypoxia | glycolysis,"['MYC', 'TGFBI', 'SNAI2', 'MMP2', 'FN1', 'CDH2', 'VIM', 'GSTP1', 'LDHB']"
744,PCI-34051,-0.04149588624367306,0.8787264535737238,F1,MYC-high & EMT & hypoxia | glycolysis,"['MYC', 'TGFBI', 'SNAI2', 'MMP2', 'FN1', 'CDH2', 'VIM', 'GSTP1', 'LDHB']"
745,LRRK2-IN-1,0.2514945251579342,0.4303994516197316,F1,MYC-high & EMT & hypoxia | glycolysis,"['MYC', 'TGFBI', 'SNAI2', 'MMP2', 'FN1', 'CDH2', 'VIM', 'GSTP1', 'LDHB']"
746,BRD8899,-0.3510755491120778,0.1531475679485253,F1,MYC-high & EMT & hypoxia | glycolysis,"['MYC', 'TGFBI', 'SNAI2', 'MMP2', 'FN1', 'CDH2', 'VIM', 'GSTP1', 'LDHB']"
747,EX-527,-0.30721206414827357,0.26535945108927866,F1,MYC-high & EMT & hypoxia | glycolysis,"['MYC', 'TGFBI', 'SNAI2', 'MMP2', 'FN1', 'CDH2', 'VIM', 'GSTP1', 'LDHB']"
748,ELCPK,-0.39152413918310514,0.3374636828893036,F1,MYC-high & EMT & hypoxia | glycolysis,"['MYC', 'TGFBI', 'SNAI2', 'MMP2', 'FN1', 'CDH2', 'VIM', 'GSTP1', 'LDHB']"
749,NPC-26,0.43215810189982506,0.122787259690972,F1,MYC-high & EMT & hypoxia | glycolysis,"['MYC', 'TGFBI', 'SNAI2', 'MMP2', 'FN1', 'CDH2', 'VIM', 'GSTP1', 'LDHB']"
750,"1S,3R-RSL-3",-0.15409279651757643,0.541537056430163,F1,MYC-high & EMT & hypoxia | glycolysis,"['MYC', 'TGFBI', 'SNAI2', 'MMP2', 'FN1', 'CDH2', 'VIM', 'GSTP1', 'LDHB']"
751,CIL55A,-0.6393307122834537,0.06374815441155722,F1,MYC-high & EMT & hypoxia | glycolysis,"['MYC', 'TGFBI', 'SNAI2', 'MMP2', 'FN1', 'CDH2', 'VIM', 'GSTP1', 'LDHB']"
752,SCH-529074,0.011192786430608838,0.9684204036421579,F1,MYC-high & EMT & hypoxia | glycolysis,"['MYC', 'TGFBI', 'SNAI2', 'MMP2', 'FN1', 'CDH2', 'VIM', 'GSTP1', 'LDHB']"
753,stemregenin-1,-0.08347806846943506,0.7585673017852986,F1,MYC-high & EMT & hypoxia | glycolysis,"['MYC', 'TGFBI', 'SNAI2', 'MMP2', 'FN1', 'CDH2', 'VIM', 'GSTP1', 'LDHB']"
754,FQI-2,-0.30458701221182033,0.23456024990403096,F1,MYC-high & EMT & hypoxia | glycolysis,"['MYC', 'TGFBI', 'SNAI2', 'MMP2', 'FN1', 'CDH2', 'VIM', 'GSTP1', 'LDHB']"
755,ML210,-0.10108856140075344,0.6898066143808552,F1,MYC-high & EMT & hypoxia | glycolysis,"['MYC', 'TGFBI', 'SNAI2', 'MMP2', 'FN1', 'CDH2', 'VIM', 'GSTP1', 'LDHB']"
756,darinaparsin,0.2572220217469802,0.5040299280678163,F1,MYC-high & EMT & hypoxia | glycolysis,"['MYC', 'TGFBI', 'SNAI2', 'MMP2', 'FN1', 'CDH2', 'VIM', 'GSTP1', 'LDHB']"
757,PX-12,-0.4257636507043524,0.11357657105067676,F1,MYC-high & EMT & hypoxia | glycolysis,"['MYC', 'TGFBI', 'SNAI2', 'MMP2', 'FN1', 'CDH2', 'VIM', 'GSTP1', 'LDHB']"
758,GANT-61,0.33650058006305483,0.18661559692613805,F1,MYC-high & EMT & hypoxia | glycolysis,"['MYC', 'TGFBI', 'SNAI2', 'MMP2', 'FN1', 'CDH2', 'VIM', 'GSTP1', 'LDHB']"
759,PL-DI,-0.33971189019295317,0.1821820742864767,F1,MYC-high & EMT & hypoxia | glycolysis,"['MYC', 'TGFBI', 'SNAI2', 'MMP2', 'FN1', 'CDH2', 'VIM', 'GSTP1', 'LDHB']"
760,TW-37,0.0872251965391393,0.7480501333177235,F1,MYC-high & EMT & hypoxia | glycolysis,"['MYC', 'TGFBI', 'SNAI2', 'MMP2', 'FN1', 'CDH2', 'VIM', 'GSTP1', 'LDHB']"
761,AZD8055,-0.08614117443908913,0.7339609227573471,F1,MYC-high & EMT & hypoxia | glycolysis,"['MYC', 'TGFBI', 'SNAI2', 'MMP2', 'FN1', 'CDH2', 'VIM', 'GSTP1', 'LDHB']"
762,CHM-1,-0.3310315437390461,0.19432921773737236,F1,MYC-high & EMT & hypoxia | glycolysis,"['MYC', 'TGFBI', 'SNAI2', 'MMP2', 'FN1', 'CDH2', 'VIM', 'GSTP1', 'LDHB']"
763,ML239,-0.4234973291708407,0.07990066498462792,F1,MYC-high & EMT & hypoxia | glycolysis,"['MYC', 'TGFBI', 'SNAI2', 'MMP2', 'FN1', 'CDH2', 'VIM', 'GSTP1', 'LDHB']"
764,apicidin,0.0004809136258133024,0.9984889269960593,F1,MYC-high & EMT & hypoxia | glycolysis,"['MYC', 'TGFBI', 'SNAI2', 'MMP2', 'FN1', 'CDH2', 'VIM', 'GSTP1', 'LDHB']"
765,salermide,0.5894782157630467,0.05631986465010067,F1,MYC-high & EMT & hypoxia | glycolysis,"['MYC', 'TGFBI', 'SNAI2', 'MMP2', 'FN1', 'CDH2', 'VIM', 'GSTP1', 'LDHB']"
766,fumonisin B1,-0.4785952088792805,0.044512532981761305,F1,MYC-high & EMT & hypoxia | glycolysis,"['MYC', 'TGFBI', 'SNAI2', 'MMP2', 'FN1', 'CDH2', 'VIM', 'GSTP1', 'LDHB']"
767,JQ1-(+),-0.036490818781350264,0.8894180207914365,F1,MYC-high & EMT & hypoxia | glycolysis,"['MYC', 'TGFBI', 'SNAI2', 'MMP2', 'FN1', 'CDH2', 'VIM', 'GSTP1', 'LDHB']"
768,BRD-K51490254,-0.2825625350206093,0.28897659851469415,F1,MYC-high & EMT & hypoxia | glycolysis,"['MYC', 'TGFBI', 'SNAI2', 'MMP2', 'FN1', 'CDH2', 'VIM', 'GSTP1', 'LDHB']"
769,BRD-K85133207,-0.24355933522921458,0.330094642479009,F1,MYC-high & EMT & hypoxia | glycolysis,"['MYC', 'TGFBI', 'SNAI2', 'MMP2', 'FN1', 'CDH2', 'VIM', 'GSTP1', 'LDHB']"
770,Merck60,0.03423755110515218,0.8962105540301578,F1,MYC-high & EMT & hypoxia | glycolysis,"['MYC', 'TGFBI', 'SNAI2', 'MMP2', 'FN1', 'CDH2', 'VIM', 'GSTP1', 'LDHB']"
771,BRD-A94377914,0.3321154979085442,0.3825634409119786,F1,MYC-high & EMT & hypoxia | glycolysis,"['MYC', 'TGFBI', 'SNAI2', 'MMP2', 'FN1', 'CDH2', 'VIM', 'GSTP1', 'LDHB']"
772,compound 1B,-0.45258014709261807,0.05930937239801991,F1,MYC-high & EMT & hypoxia | glycolysis,"['MYC', 'TGFBI', 'SNAI2', 'MMP2', 'FN1', 'CDH2', 'VIM', 'GSTP1', 'LDHB']"
773,BMS-345541,-0.25882851647225735,0.3158026650909701,F1,MYC-high & EMT & hypoxia | glycolysis,"['MYC', 'TGFBI', 'SNAI2', 'MMP2', 'FN1', 'CDH2', 'VIM', 'GSTP1', 'LDHB']"
774,CAY10576,0.6110013720526669,0.020272077968610344,F1,MYC-high & EMT & hypoxia | glycolysis,"['MYC', 'TGFBI', 'SNAI2', 'MMP2', 'FN1', 'CDH2', 'VIM', 'GSTP1', 'LDHB']"
775,vincristine,-0.34675418854749324,0.1727059507976329,F1,MYC-high & EMT & hypoxia | glycolysis,"['MYC', 'TGFBI', 'SNAI2', 'MMP2', 'FN1', 'CDH2', 'VIM', 'GSTP1', 'LDHB']"
776,cytarabine,-0.17523016246966236,0.5162634271259113,F1,MYC-high & EMT & hypoxia | glycolysis,"['MYC', 'TGFBI', 'SNAI2', 'MMP2', 'FN1', 'CDH2', 'VIM', 'GSTP1', 'LDHB']"
777,Repligen 136,0.30586904370120455,0.2170615409206197,F1,MYC-high & EMT & hypoxia | glycolysis,"['MYC', 'TGFBI', 'SNAI2', 'MMP2', 'FN1', 'CDH2', 'VIM', 'GSTP1', 'LDHB']"
778,nintedanib,0.4728516326164201,0.05525443833088804,F1,MYC-high & EMT & hypoxia | glycolysis,"['MYC', 'TGFBI', 'SNAI2', 'MMP2', 'FN1', 'CDH2', 'VIM', 'GSTP1', 'LDHB']"
779,crizotinib,-0.23910780500197243,0.3392843592432655,F1,MYC-high & EMT & hypoxia | glycolysis,"['MYC', 'TGFBI', 'SNAI2', 'MMP2', 'FN1', 'CDH2', 'VIM', 'GSTP1', 'LDHB']"
780,foretinib,-0.2433518694009329,0.33051967101698176,F1,MYC-high & EMT & hypoxia | glycolysis,"['MYC', 'TGFBI', 'SNAI2', 'MMP2', 'FN1', 'CDH2', 'VIM', 'GSTP1', 'LDHB']"
781,regorafenib,0.11808798050741037,0.6517098914744325,F1,MYC-high & EMT & hypoxia | glycolysis,"['MYC', 'TGFBI', 'SNAI2', 'MMP2', 'FN1', 'CDH2', 'VIM', 'GSTP1', 'LDHB']"
782,WZ8040,0.6677168916064349,0.00906807123094718,F1,MYC-high & EMT & hypoxia | glycolysis,"['MYC', 'TGFBI', 'SNAI2', 'MMP2', 'FN1', 'CDH2', 'VIM', 'GSTP1', 'LDHB']"
783,OSI-930,-0.09495999744942465,0.7467621332879324,F1,MYC-high & EMT & hypoxia | glycolysis,"['MYC', 'TGFBI', 'SNAI2', 'MMP2', 'FN1', 'CDH2', 'VIM', 'GSTP1', 'LDHB']"
784,MGCD-265,0.31075204787305066,0.25960643184290894,F1,MYC-high & EMT & hypoxia | glycolysis,"['MYC', 'TGFBI', 'SNAI2', 'MMP2', 'FN1', 'CDH2', 'VIM', 'GSTP1', 'LDHB']"
785,lenvatinib,-0.4817978043788772,0.04290618571938752,F1,MYC-high & EMT & hypoxia | glycolysis,"['MYC', 'TGFBI', 'SNAI2', 'MMP2', 'FN1', 'CDH2', 'VIM', 'GSTP1', 'LDHB']"
786,YK-4-279,-0.18374015642989955,0.4654951004263919,F1,MYC-high & EMT & hypoxia | glycolysis,"['MYC', 'TGFBI', 'SNAI2', 'MMP2', 'FN1', 'CDH2', 'VIM', 'GSTP1', 'LDHB']"
787,GPP-78,0.16041678445055313,0.5528591753744883,F1,MYC-high & EMT & hypoxia | glycolysis,"['MYC', 'TGFBI', 'SNAI2', 'MMP2', 'FN1', 'CDH2', 'VIM', 'GSTP1', 'LDHB']"
788,KU 0060648,-0.27636640157813985,0.3001317775788587,F1,MYC-high & EMT & hypoxia | glycolysis,"['MYC', 'TGFBI', 'SNAI2', 'MMP2', 'FN1', 'CDH2', 'VIM', 'GSTP1', 'LDHB']"
789,narciclasine,-0.08432555680963177,0.7476240398480974,F1,MYC-high & EMT & hypoxia | glycolysis,"['MYC', 'TGFBI', 'SNAI2', 'MMP2', 'FN1', 'CDH2', 'VIM', 'GSTP1', 'LDHB']"
790,ixazomib,0.017606303247749585,0.9465276429639053,F1,MYC-high & EMT & hypoxia | glycolysis,"['MYC', 'TGFBI', 'SNAI2', 'MMP2', 'FN1', 'CDH2', 'VIM', 'GSTP1', 'LDHB']"
791,ISOX,-0.18031603885245387,0.5039625199933984,F1,MYC-high & EMT & hypoxia | glycolysis,"['MYC', 'TGFBI', 'SNAI2', 'MMP2', 'FN1', 'CDH2', 'VIM', 'GSTP1', 'LDHB']"
792,itraconazole,-0.16975601652517597,0.5148121754015198,F1,MYC-high & EMT & hypoxia | glycolysis,"['MYC', 'TGFBI', 'SNAI2', 'MMP2', 'FN1', 'CDH2', 'VIM', 'GSTP1', 'LDHB']"
793,lapatinib,0.1837120478452763,0.4655645496685331,F1,MYC-high & EMT & hypoxia | glycolysis,"['MYC', 'TGFBI', 'SNAI2', 'MMP2', 'FN1', 'CDH2', 'VIM', 'GSTP1', 'LDHB']"
794,BRD-K29313308,0.330907969218202,0.21060611302799848,F1,MYC-high & EMT & hypoxia | glycolysis,"['MYC', 'TGFBI', 'SNAI2', 'MMP2', 'FN1', 'CDH2', 'VIM', 'GSTP1', 'LDHB']"
795,UNC0321,0.1506204405986578,0.5507934354381466,F1,MYC-high & EMT & hypoxia | glycolysis,"['MYC', 'TGFBI', 'SNAI2', 'MMP2', 'FN1', 'CDH2', 'VIM', 'GSTP1', 'LDHB']"
796,erastin,-0.16554084736440455,0.540073752643809,F1,MYC-high & EMT & hypoxia | glycolysis,"['MYC', 'TGFBI', 'SNAI2', 'MMP2', 'FN1', 'CDH2', 'VIM', 'GSTP1', 'LDHB']"
797,SGX523,-0.39740273664090053,0.12744607796270604,F1,MYC-high & EMT & hypoxia | glycolysis,"['MYC', 'TGFBI', 'SNAI2', 'MMP2', 'FN1', 'CDH2', 'VIM', 'GSTP1', 'LDHB']"
798,sonidegib,0.07604854345336357,0.7642398486513606,F1,MYC-high & EMT & hypoxia | glycolysis,"['MYC', 'TGFBI', 'SNAI2', 'MMP2', 'FN1', 'CDH2', 'VIM', 'GSTP1', 'LDHB']"
799,alisertib,-0.14194866322275418,0.574211522590252,F1,MYC-high & EMT & hypoxia | glycolysis,"['MYC', 'TGFBI', 'SNAI2', 'MMP2', 'FN1', 'CDH2', 'VIM', 'GSTP1', 'LDHB']"
800,AZD6482,-0.12009805482018719,0.6350169861908759,F1,MYC-high & EMT & hypoxia | glycolysis,"['MYC', 'TGFBI', 'SNAI2', 'MMP2', 'FN1', 'CDH2', 'VIM', 'GSTP1', 'LDHB']"
801,ruxolitinib,-0.31674537330647873,0.2003190370726811,F1,MYC-high & EMT & hypoxia | glycolysis,"['MYC', 'TGFBI', 'SNAI2', 'MMP2', 'FN1', 'CDH2', 'VIM', 'GSTP1', 'LDHB']"
802,bleomycin,0.055035882975886095,0.833829676182294,F1,MYC-high & EMT & hypoxia | glycolysis,"['MYC', 'TGFBI', 'SNAI2', 'MMP2', 'FN1', 'CDH2', 'VIM', 'GSTP1', 'LDHB']"
803,GDC-0941,0.042864174486772266,0.8658924099201444,F1,MYC-high & EMT & hypoxia | glycolysis,"['MYC', 'TGFBI', 'SNAI2', 'MMP2', 'FN1', 'CDH2', 'VIM', 'GSTP1', 'LDHB']"
804,SB-525334,-0.21798866406276274,0.40062410496721057,F1,MYC-high & EMT & hypoxia | glycolysis,"['MYC', 'TGFBI', 'SNAI2', 'MMP2', 'FN1', 'CDH2', 'VIM', 'GSTP1', 'LDHB']"
805,PHA-793887,0.02059662411208084,0.9396492011235269,F1,MYC-high & EMT & hypoxia | glycolysis,"['MYC', 'TGFBI', 'SNAI2', 'MMP2', 'FN1', 'CDH2', 'VIM', 'GSTP1', 'LDHB']"
806,quizartinib,-0.032925633389981813,0.8968058881473597,F1,MYC-high & EMT & hypoxia | glycolysis,"['MYC', 'TGFBI', 'SNAI2', 'MMP2', 'FN1', 'CDH2', 'VIM', 'GSTP1', 'LDHB']"
807,fingolimod,0.20439558180555517,0.4313317416414619,F1,MYC-high & EMT & hypoxia | glycolysis,"['MYC', 'TGFBI', 'SNAI2', 'MMP2', 'FN1', 'CDH2', 'VIM', 'GSTP1', 'LDHB']"
808,pazopanib,-0.4147889570061129,0.1101509061330782,F1,MYC-high & EMT & hypoxia | glycolysis,"['MYC', 'TGFBI', 'SNAI2', 'MMP2', 'FN1', 'CDH2', 'VIM', 'GSTP1', 'LDHB']"
809,WZ-4002,-0.11851080828503484,0.7443680376846094,F1,MYC-high & EMT & hypoxia | glycolysis,"['MYC', 'TGFBI', 'SNAI2', 'MMP2', 'FN1', 'CDH2', 'VIM', 'GSTP1', 'LDHB']"
810,BRD-K24690302,-0.21050331292044358,0.4173856792097568,F1,MYC-high & EMT & hypoxia | glycolysis,"['MYC', 'TGFBI', 'SNAI2', 'MMP2', 'FN1', 'CDH2', 'VIM', 'GSTP1', 'LDHB']"
811,BRD-K70511574,-0.20525212375308693,0.4457110542123208,F1,MYC-high & EMT & hypoxia | glycolysis,"['MYC', 'TGFBI', 'SNAI2', 'MMP2', 'FN1', 'CDH2', 'VIM', 'GSTP1', 'LDHB']"
812,vemurafenib,0.1441242763048041,0.5810364024225478,F1,MYC-high & EMT & hypoxia | glycolysis,"['MYC', 'TGFBI', 'SNAI2', 'MMP2', 'FN1', 'CDH2', 'VIM', 'GSTP1', 'LDHB']"
813,BRD-K48477130,-0.48295502231839854,0.1878663715167824,F1,MYC-high & EMT & hypoxia | glycolysis,"['MYC', 'TGFBI', 'SNAI2', 'MMP2', 'FN1', 'CDH2', 'VIM', 'GSTP1', 'LDHB']"
814,GSK461364,-0.22242878678208702,0.4076752150713742,F1,MYC-high & EMT & hypoxia | glycolysis,"['MYC', 'TGFBI', 'SNAI2', 'MMP2', 'FN1', 'CDH2', 'VIM', 'GSTP1', 'LDHB']"
815,YL54,0.18454683480780526,0.5102605614038961,F1,MYC-high & EMT & hypoxia | glycolysis,"['MYC', 'TGFBI', 'SNAI2', 'MMP2', 'FN1', 'CDH2', 'VIM', 'GSTP1', 'LDHB']"
816,BRD-K20514654,-0.31595328715569276,0.40751360578081935,F1,MYC-high & EMT & hypoxia | glycolysis,"['MYC', 'TGFBI', 'SNAI2', 'MMP2', 'FN1', 'CDH2', 'VIM', 'GSTP1', 'LDHB']"
817,BRD-K55473186,-0.09700573210522428,0.7766123795015352,F1,MYC-high & EMT & hypoxia | glycolysis,"['MYC', 'TGFBI', 'SNAI2', 'MMP2', 'FN1', 'CDH2', 'VIM', 'GSTP1', 'LDHB']"
818,BRD-K28456706,-0.3391665968458134,0.19875083310129266,F1,MYC-high & EMT & hypoxia | glycolysis,"['MYC', 'TGFBI', 'SNAI2', 'MMP2', 'FN1', 'CDH2', 'VIM', 'GSTP1', 'LDHB']"
819,STF-31,0.2720571843983256,0.290798960476555,F1,MYC-high & EMT & hypoxia | glycolysis,"['MYC', 'TGFBI', 'SNAI2', 'MMP2', 'FN1', 'CDH2', 'VIM', 'GSTP1', 'LDHB']"
820,ML334 diastereomer,-0.5907707025677426,0.055647291336708336,F1,MYC-high & EMT & hypoxia | glycolysis,"['MYC', 'TGFBI', 'SNAI2', 'MMP2', 'FN1', 'CDH2', 'VIM', 'GSTP1', 'LDHB']"
821,spautin-1,-0.06143836431005893,0.8086438950172063,F1,MYC-high & EMT & hypoxia | glycolysis,"['MYC', 'TGFBI', 'SNAI2', 'MMP2', 'FN1', 'CDH2', 'VIM', 'GSTP1', 'LDHB']"
822,VAF-347,0.2339984080522614,0.4641676775993312,F1,MYC-high & EMT & hypoxia | glycolysis,"['MYC', 'TGFBI', 'SNAI2', 'MMP2', 'FN1', 'CDH2', 'VIM', 'GSTP1', 'LDHB']"
823,BRD-A02303741,0.2656622149775415,0.31999364795360374,F1,MYC-high & EMT & hypoxia | glycolysis,"['MYC', 'TGFBI', 'SNAI2', 'MMP2', 'FN1', 'CDH2', 'VIM', 'GSTP1', 'LDHB']"
824,ML320,-0.020909977025984836,0.9434372650990254,F1,MYC-high & EMT & hypoxia | glycolysis,"['MYC', 'TGFBI', 'SNAI2', 'MMP2', 'FN1', 'CDH2', 'VIM', 'GSTP1', 'LDHB']"
825,tigecycline,0.17417397740040544,0.6540238035996088,F1,MYC-high & EMT & hypoxia | glycolysis,"['MYC', 'TGFBI', 'SNAI2', 'MMP2', 'FN1', 'CDH2', 'VIM', 'GSTP1', 'LDHB']"
826,PF-573228,-0.3339285974803202,0.19021750864112918,F1,MYC-high & EMT & hypoxia | glycolysis,"['MYC', 'TGFBI', 'SNAI2', 'MMP2', 'FN1', 'CDH2', 'VIM', 'GSTP1', 'LDHB']"
827,ceranib-2,-0.1441904204374333,0.5808610297056748,F1,MYC-high & EMT & hypoxia | glycolysis,"['MYC', 'TGFBI', 'SNAI2', 'MMP2', 'FN1', 'CDH2', 'VIM', 'GSTP1', 'LDHB']"
828,GSK4112,0.09001408644217049,0.7311722277662999,F1,MYC-high & EMT & hypoxia | glycolysis,"['MYC', 'TGFBI', 'SNAI2', 'MMP2', 'FN1', 'CDH2', 'VIM', 'GSTP1', 'LDHB']"
829,etomoxir,-0.4735104142600006,0.04715639752744532,F1,MYC-high & EMT & hypoxia | glycolysis,"['MYC', 'TGFBI', 'SNAI2', 'MMP2', 'FN1', 'CDH2', 'VIM', 'GSTP1', 'LDHB']"
830,HC-067047,0.03927637498238253,0.8894720629642698,F1,MYC-high & EMT & hypoxia | glycolysis,"['MYC', 'TGFBI', 'SNAI2', 'MMP2', 'FN1', 'CDH2', 'VIM', 'GSTP1', 'LDHB']"
831,IPR-456,-0.03262387819843066,0.9010792313939356,F1,MYC-high & EMT & hypoxia | glycolysis,"['MYC', 'TGFBI', 'SNAI2', 'MMP2', 'FN1', 'CDH2', 'VIM', 'GSTP1', 'LDHB']"
832,KH-CB19,-0.5453086194159177,0.08274970902555175,F1,MYC-high & EMT & hypoxia | glycolysis,"['MYC', 'TGFBI', 'SNAI2', 'MMP2', 'FN1', 'CDH2', 'VIM', 'GSTP1', 'LDHB']"
833,leptomycin B,-0.21797158314945644,0.3849011741332613,F1,MYC-high & EMT & hypoxia | glycolysis,"['MYC', 'TGFBI', 'SNAI2', 'MMP2', 'FN1', 'CDH2', 'VIM', 'GSTP1', 'LDHB']"
834,AZ3146,0.6250149210595173,0.01684880056925699,F1,MYC-high & EMT & hypoxia | glycolysis,"['MYC', 'TGFBI', 'SNAI2', 'MMP2', 'FN1', 'CDH2', 'VIM', 'GSTP1', 'LDHB']"
835,VU0155056,0.25081622221226896,0.3315417421051897,F1,MYC-high & EMT & hypoxia | glycolysis,"['MYC', 'TGFBI', 'SNAI2', 'MMP2', 'FN1', 'CDH2', 'VIM', 'GSTP1', 'LDHB']"
836,JQ-1:UNC0638,-0.25706590931042395,0.31922671479586817,F1,MYC-high & EMT & hypoxia | glycolysis,"['MYC', 'TGFBI', 'SNAI2', 'MMP2', 'FN1', 'CDH2', 'VIM', 'GSTP1', 'LDHB']"
837,carboplatin:UNC0638,0.15874529965333,0.5570581091847242,F1,MYC-high & EMT & hypoxia | glycolysis,"['MYC', 'TGFBI', 'SNAI2', 'MMP2', 'FN1', 'CDH2', 'VIM', 'GSTP1', 'LDHB']"
838,vorinostat:carboplatin,0.1945606338613011,0.43915074268245813,F1,MYC-high & EMT & hypoxia | glycolysis,"['MYC', 'TGFBI', 'SNAI2', 'MMP2', 'FN1', 'CDH2', 'VIM', 'GSTP1', 'LDHB']"
839,serdemetan:SCH-529074,0.0875627348367316,0.7471047674101379,F1,MYC-high & EMT & hypoxia | glycolysis,"['MYC', 'TGFBI', 'SNAI2', 'MMP2', 'FN1', 'CDH2', 'VIM', 'GSTP1', 'LDHB']"
840,selumetinib:PLX-4032,0.02368196748784939,0.9281142180580476,F1,MYC-high & EMT & hypoxia | glycolysis,"['MYC', 'TGFBI', 'SNAI2', 'MMP2', 'FN1', 'CDH2', 'VIM', 'GSTP1', 'LDHB']"
841,sirolimus:bortezomib,0.04020492913051969,0.8741475843565991,F1,MYC-high & EMT & hypoxia | glycolysis,"['MYC', 'TGFBI', 'SNAI2', 'MMP2', 'FN1', 'CDH2', 'VIM', 'GSTP1', 'LDHB']"
842,BRD-K97651142,-0.15764704728916212,0.5321356520908538,F1,MYC-high & EMT & hypoxia | glycolysis,"['MYC', 'TGFBI', 'SNAI2', 'MMP2', 'FN1', 'CDH2', 'VIM', 'GSTP1', 'LDHB']"
843,vorapaxar,0.28640081908129106,0.26507992160234134,F1,MYC-high & EMT & hypoxia | glycolysis,"['MYC', 'TGFBI', 'SNAI2', 'MMP2', 'FN1', 'CDH2', 'VIM', 'GSTP1', 'LDHB']"
844,CH55,0.004333369993126378,0.986830754758238,F1,MYC-high & EMT & hypoxia | glycolysis,"['MYC', 'TGFBI', 'SNAI2', 'MMP2', 'FN1', 'CDH2', 'VIM', 'GSTP1', 'LDHB']"
845,BRD-K79669418,-0.04281506566819691,0.9198198048878219,F1,MYC-high & EMT & hypoxia | glycolysis,"['MYC', 'TGFBI', 'SNAI2', 'MMP2', 'FN1', 'CDH2', 'VIM', 'GSTP1', 'LDHB']"
846,BRD-K99584050,-0.26828105441063077,0.5205886693308985,F1,MYC-high & EMT & hypoxia | glycolysis,"['MYC', 'TGFBI', 'SNAI2', 'MMP2', 'FN1', 'CDH2', 'VIM', 'GSTP1', 'LDHB']"
847,BRD-A71883111,0.33512877126439533,0.1740012905239956,F1,MYC-high & EMT & hypoxia | glycolysis,"['MYC', 'TGFBI', 'SNAI2', 'MMP2', 'FN1', 'CDH2', 'VIM', 'GSTP1', 'LDHB']"
848,navitoclax:birinapant,-0.33300787720969266,0.19151798807107337,F1,MYC-high & EMT & hypoxia | glycolysis,"['MYC', 'TGFBI', 'SNAI2', 'MMP2', 'FN1', 'CDH2', 'VIM', 'GSTP1', 'LDHB']"
849,ISOX:bortezomib,0.09293208843472463,0.7321126915034128,F1,MYC-high & EMT & hypoxia | glycolysis,"['MYC', 'TGFBI', 'SNAI2', 'MMP2', 'FN1', 'CDH2', 'VIM', 'GSTP1', 'LDHB']"
850,selumetinib:GDC-0941,0.180653230118993,0.48777025210619296,F1,MYC-high & EMT & hypoxia | glycolysis,"['MYC', 'TGFBI', 'SNAI2', 'MMP2', 'FN1', 'CDH2', 'VIM', 'GSTP1', 'LDHB']"
851,selumetinib:tretinoin,0.04581743678128445,0.8613848810941159,F1,MYC-high & EMT & hypoxia | glycolysis,"['MYC', 'TGFBI', 'SNAI2', 'MMP2', 'FN1', 'CDH2', 'VIM', 'GSTP1', 'LDHB']"
852,selumetinib:vorinostat,0.08886319151468668,0.7344920598574305,F1,MYC-high & EMT & hypoxia | glycolysis,"['MYC', 'TGFBI', 'SNAI2', 'MMP2', 'FN1', 'CDH2', 'VIM', 'GSTP1', 'LDHB']"
853,selumetinib:JQ-1,0.14413205018885292,0.581015789811008,F1,MYC-high & EMT & hypoxia | glycolysis,"['MYC', 'TGFBI', 'SNAI2', 'MMP2', 'FN1', 'CDH2', 'VIM', 'GSTP1', 'LDHB']"
854,selumetinib:BRD-A02303741,-0.003295566501984831,0.989645296372748,F1,MYC-high & EMT & hypoxia | glycolysis,"['MYC', 'TGFBI', 'SNAI2', 'MMP2', 'FN1', 'CDH2', 'VIM', 'GSTP1', 'LDHB']"
855,tretinoin:navitoclax,-0.3905878028166817,0.12111809135164923,F1,MYC-high & EMT & hypoxia | glycolysis,"['MYC', 'TGFBI', 'SNAI2', 'MMP2', 'FN1', 'CDH2', 'VIM', 'GSTP1', 'LDHB']"
856,decitabine:navitoclax,0.10542898557235501,0.6871617517808003,F1,MYC-high & EMT & hypoxia | glycolysis,"['MYC', 'TGFBI', 'SNAI2', 'MMP2', 'FN1', 'CDH2', 'VIM', 'GSTP1', 'LDHB']"
857,tretinoin:carboplatin,-0.27193861536265085,0.2749883143880345,F1,MYC-high & EMT & hypoxia | glycolysis,"['MYC', 'TGFBI', 'SNAI2', 'MMP2', 'FN1', 'CDH2', 'VIM', 'GSTP1', 'LDHB']"
858,necrostatin-7,0.18415445308827727,0.46447208062454054,F1,MYC-high & EMT & hypoxia | glycolysis,"['MYC', 'TGFBI', 'SNAI2', 'MMP2', 'FN1', 'CDH2', 'VIM', 'GSTP1', 'LDHB']"
859,PYR-41,-0.24943855203789828,0.3342929243864038,F1,MYC-high & EMT & hypoxia | glycolysis,"['MYC', 'TGFBI', 'SNAI2', 'MMP2', 'FN1', 'CDH2', 'VIM', 'GSTP1', 'LDHB']"
860,I-BET151,-0.00400201278684825,0.9874257861817737,F1,MYC-high & EMT & hypoxia | glycolysis,"['MYC', 'TGFBI', 'SNAI2', 'MMP2', 'FN1', 'CDH2', 'VIM', 'GSTP1', 'LDHB']"
861,lomeguatrib,-0.4011951261733434,0.11047238643177092,F1,MYC-high & EMT & hypoxia | glycolysis,"['MYC', 'TGFBI', 'SNAI2', 'MMP2', 'FN1', 'CDH2', 'VIM', 'GSTP1', 'LDHB']"
862,PF-184,-0.2680851959797948,0.282115689781538,F1,MYC-high & EMT & hypoxia | glycolysis,"['MYC', 'TGFBI', 'SNAI2', 'MMP2', 'FN1', 'CDH2', 'VIM', 'GSTP1', 'LDHB']"
863,tanespimycin:gemcitabine,0.09484226303130111,0.708151518820473,F1,MYC-high & EMT & hypoxia | glycolysis,"['MYC', 'TGFBI', 'SNAI2', 'MMP2', 'FN1', 'CDH2', 'VIM', 'GSTP1', 'LDHB']"
864,docetaxel:tanespimycin,-0.0020065061725427586,0.9936954365600135,F1,MYC-high & EMT & hypoxia | glycolysis,"['MYC', 'TGFBI', 'SNAI2', 'MMP2', 'FN1', 'CDH2', 'VIM', 'GSTP1', 'LDHB']"
865,selumetinib:MK-2206,-0.2945712000708227,0.25107959898734533,F1,MYC-high & EMT & hypoxia | glycolysis,"['MYC', 'TGFBI', 'SNAI2', 'MMP2', 'FN1', 'CDH2', 'VIM', 'GSTP1', 'LDHB']"
866,navitoclax:PLX-4032,-0.17539551119591895,0.4863387967865466,F1,MYC-high & EMT & hypoxia | glycolysis,"['MYC', 'TGFBI', 'SNAI2', 'MMP2', 'FN1', 'CDH2', 'VIM', 'GSTP1', 'LDHB']"
867,selumetinib:piperlongumine,-0.0062593769342494275,0.980334273175808,F1,MYC-high & EMT & hypoxia | glycolysis,"['MYC', 'TGFBI', 'SNAI2', 'MMP2', 'FN1', 'CDH2', 'VIM', 'GSTP1', 'LDHB']"
868,tanespimycin:bortezomib,-0.04945792903592019,0.8610500152097196,F1,MYC-high & EMT & hypoxia | glycolysis,"['MYC', 'TGFBI', 'SNAI2', 'MMP2', 'FN1', 'CDH2', 'VIM', 'GSTP1', 'LDHB']"
869,navitoclax:MST-312,-0.3565436253078551,0.1464102656385275,F1,MYC-high & EMT & hypoxia | glycolysis,"['MYC', 'TGFBI', 'SNAI2', 'MMP2', 'FN1', 'CDH2', 'VIM', 'GSTP1', 'LDHB']"
870,carboplatin:etoposide,-0.14187231018494748,0.5744195868612442,F1,MYC-high & EMT & hypoxia | glycolysis,"['MYC', 'TGFBI', 'SNAI2', 'MMP2', 'FN1', 'CDH2', 'VIM', 'GSTP1', 'LDHB']"
871,piperlongumine:MST-312,-0.3911676733301463,0.16665983477968438,F1,MYC-high & EMT & hypoxia | glycolysis,"['MYC', 'TGFBI', 'SNAI2', 'MMP2', 'FN1', 'CDH2', 'VIM', 'GSTP1', 'LDHB']"
872,navitoclax:gemcitabine,0.3338328385510581,0.17577593645787182,F1,MYC-high & EMT & hypoxia | glycolysis,"['MYC', 'TGFBI', 'SNAI2', 'MMP2', 'FN1', 'CDH2', 'VIM', 'GSTP1', 'LDHB']"
873,JW-480,-0.15081835978516817,0.5915938449115201,F1,MYC-high & EMT & hypoxia | glycolysis,"['MYC', 'TGFBI', 'SNAI2', 'MMP2', 'FN1', 'CDH2', 'VIM', 'GSTP1', 'LDHB']"
874,BMS-195614,-0.28964335868384683,0.2594672199141287,F1,MYC-high & EMT & hypoxia | glycolysis,"['MYC', 'TGFBI', 'SNAI2', 'MMP2', 'FN1', 'CDH2', 'VIM', 'GSTP1', 'LDHB']"
875,BAM7,0.09658398994233819,0.7123087269114624,F1,MYC-high & EMT & hypoxia | glycolysis,"['MYC', 'TGFBI', 'SNAI2', 'MMP2', 'FN1', 'CDH2', 'VIM', 'GSTP1', 'LDHB']"
876,BRD-K35604418,-0.35719473707783433,0.14562188611432098,F1,MYC-high & EMT & hypoxia | glycolysis,"['MYC', 'TGFBI', 'SNAI2', 'MMP2', 'FN1', 'CDH2', 'VIM', 'GSTP1', 'LDHB']"
877,SB-743921,-0.27323910418521113,0.28862483505798864,F1,MYC-high & EMT & hypoxia | glycolysis,"['MYC', 'TGFBI', 'SNAI2', 'MMP2', 'FN1', 'CDH2', 'VIM', 'GSTP1', 'LDHB']"
878,I-BET-762,0.07880463637971098,0.7559369254853431,F1,MYC-high & EMT & hypoxia | glycolysis,"['MYC', 'TGFBI', 'SNAI2', 'MMP2', 'FN1', 'CDH2', 'VIM', 'GSTP1', 'LDHB']"
879,navitoclax:pluripotin,-0.27166230237774647,0.2754956619063289,F1,MYC-high & EMT & hypoxia | glycolysis,"['MYC', 'TGFBI', 'SNAI2', 'MMP2', 'FN1', 'CDH2', 'VIM', 'GSTP1', 'LDHB']"
880,JQ-1:carboplatin,0.025464819079747035,0.9254181914215833,F1,MYC-high & EMT & hypoxia | glycolysis,"['MYC', 'TGFBI', 'SNAI2', 'MMP2', 'FN1', 'CDH2', 'VIM', 'GSTP1', 'LDHB']"
881,selumetinib:navitoclax,-0.04008801094677631,0.878589434292322,F1,MYC-high & EMT & hypoxia | glycolysis,"['MYC', 'TGFBI', 'SNAI2', 'MMP2', 'FN1', 'CDH2', 'VIM', 'GSTP1', 'LDHB']"
882,selumetinib:decitabine,0.14812306323382785,0.5983112724255724,F1,MYC-high & EMT & hypoxia | glycolysis,"['MYC', 'TGFBI', 'SNAI2', 'MMP2', 'FN1', 'CDH2', 'VIM', 'GSTP1', 'LDHB']"
883,decitabine:carboplatin,0.361492075707052,0.1539571716084069,F1,MYC-high & EMT & hypoxia | glycolysis,"['MYC', 'TGFBI', 'SNAI2', 'MMP2', 'FN1', 'CDH2', 'VIM', 'GSTP1', 'LDHB']"
884,SNX-2112:bortezomib,0.1467913468426178,0.5610814403643647,F1,MYC-high & EMT & hypoxia | glycolysis,"['MYC', 'TGFBI', 'SNAI2', 'MMP2', 'FN1', 'CDH2', 'VIM', 'GSTP1', 'LDHB']"
885,JQ-1:navitoclax,-0.16377667342728192,0.5160997099692317,F1,MYC-high & EMT & hypoxia | glycolysis,"['MYC', 'TGFBI', 'SNAI2', 'MMP2', 'FN1', 'CDH2', 'VIM', 'GSTP1', 'LDHB']"
886,JQ-1:MK-0752,-0.2431732336720132,0.34697007277085073,F1,MYC-high & EMT & hypoxia | glycolysis,"['MYC', 'TGFBI', 'SNAI2', 'MMP2', 'FN1', 'CDH2', 'VIM', 'GSTP1', 'LDHB']"
887,BRD-A02303741:navitoclax,-0.40908229592558043,0.1300032675399553,F1,MYC-high & EMT & hypoxia | glycolysis,"['MYC', 'TGFBI', 'SNAI2', 'MMP2', 'FN1', 'CDH2', 'VIM', 'GSTP1', 'LDHB']"
888,salermide:PLX-4032,-0.14191244620916005,0.600091147623249,F1,MYC-high & EMT & hypoxia | glycolysis,"['MYC', 'TGFBI', 'SNAI2', 'MMP2', 'FN1', 'CDH2', 'VIM', 'GSTP1', 'LDHB']"
889,UNC0638:navitoclax,-0.488823528347229,0.04646302417584632,F1,MYC-high & EMT & hypoxia | glycolysis,"['MYC', 'TGFBI', 'SNAI2', 'MMP2', 'FN1', 'CDH2', 'VIM', 'GSTP1', 'LDHB']"
890,BRD-A02303741:carboplatin,-0.3492713020794029,0.15541651520169808,F1,MYC-high & EMT & hypoxia | glycolysis,"['MYC', 'TGFBI', 'SNAI2', 'MMP2', 'FN1', 'CDH2', 'VIM', 'GSTP1', 'LDHB']"
891,doxorubicin:navitoclax,-0.10205507193471627,0.7068494252057793,F1,MYC-high & EMT & hypoxia | glycolysis,"['MYC', 'TGFBI', 'SNAI2', 'MMP2', 'FN1', 'CDH2', 'VIM', 'GSTP1', 'LDHB']"
892,selumetinib:UNC0638,-0.07015460039126523,0.7962736667633354,F1,MYC-high & EMT & hypoxia | glycolysis,"['MYC', 'TGFBI', 'SNAI2', 'MMP2', 'FN1', 'CDH2', 'VIM', 'GSTP1', 'LDHB']"
893,alisertib:navitoclax,0.056095105223212385,0.8250309444691517,F1,MYC-high & EMT & hypoxia | glycolysis,"['MYC', 'TGFBI', 'SNAI2', 'MMP2', 'FN1', 'CDH2', 'VIM', 'GSTP1', 'LDHB']"
894,navitoclax:sorafenib,-0.24831508063062357,0.3537552817055099,F1,MYC-high & EMT & hypoxia | glycolysis,"['MYC', 'TGFBI', 'SNAI2', 'MMP2', 'FN1', 'CDH2', 'VIM', 'GSTP1', 'LDHB']"
895,navitoclax:piperlongumine,-0.2912310015415226,0.2737930770341567,F1,MYC-high & EMT & hypoxia | glycolysis,"['MYC', 'TGFBI', 'SNAI2', 'MMP2', 'FN1', 'CDH2', 'VIM', 'GSTP1', 'LDHB']"
896,SMER-3,0.10247319473471667,0.71630227086098,F1,MYC-high & EMT & hypoxia | glycolysis,"['MYC', 'TGFBI', 'SNAI2', 'MMP2', 'FN1', 'CDH2', 'VIM', 'GSTP1', 'LDHB']"
897,NVP-ADW742,0.020617755689081595,0.9418605270718754,F1,MYC-high & EMT & hypoxia | glycolysis,"['MYC', 'TGFBI', 'SNAI2', 'MMP2', 'FN1', 'CDH2', 'VIM', 'GSTP1', 'LDHB']"
898,clofarabine,-0.08832786800538274,0.7274479014784679,F1,MYC-high & EMT & hypoxia | glycolysis,"['MYC', 'TGFBI', 'SNAI2', 'MMP2', 'FN1', 'CDH2', 'VIM', 'GSTP1', 'LDHB']"
899,vorinostat:navitoclax,-0.187229089130401,0.4717918201586619,F1,MYC-high & EMT & hypoxia | glycolysis,"['MYC', 'TGFBI', 'SNAI2', 'MMP2', 'FN1', 'CDH2', 'VIM', 'GSTP1', 'LDHB']"
900,SAR-245409,-0.2661272451582183,0.2857800546133846,F1,MYC-high & EMT & hypoxia | glycolysis,"['MYC', 'TGFBI', 'SNAI2', 'MMP2', 'FN1', 'CDH2', 'VIM', 'GSTP1', 'LDHB']"
901,AZD1480,-0.6386879991476077,0.0641007207074424,F1,MYC-high & EMT & hypoxia | glycolysis,"['MYC', 'TGFBI', 'SNAI2', 'MMP2', 'FN1', 'CDH2', 'VIM', 'GSTP1', 'LDHB']"
902,ML258,-0.510427518800455,0.03043457859267193,F1,MYC-high & EMT & hypoxia | glycolysis,"['MYC', 'TGFBI', 'SNAI2', 'MMP2', 'FN1', 'CDH2', 'VIM', 'GSTP1', 'LDHB']"
903,SR1001,-0.040325698956906936,0.8737724004514105,F1,MYC-high & EMT & hypoxia | glycolysis,"['MYC', 'TGFBI', 'SNAI2', 'MMP2', 'FN1', 'CDH2', 'VIM', 'GSTP1', 'LDHB']"
904,bardoxolone methyl,0.3195051686749197,0.22770623573123264,F1,MYC-high & EMT & hypoxia | glycolysis,"['MYC', 'TGFBI', 'SNAI2', 'MMP2', 'FN1', 'CDH2', 'VIM', 'GSTP1', 'LDHB']"
905,elocalcitol,0.16155178782278615,0.5811124076284246,F1,MYC-high & EMT & hypoxia | glycolysis,"['MYC', 'TGFBI', 'SNAI2', 'MMP2', 'FN1', 'CDH2', 'VIM', 'GSTP1', 'LDHB']"
906,BMS-270394,-0.17338399370986132,0.4914303823521224,F1,MYC-high & EMT & hypoxia | glycolysis,"['MYC', 'TGFBI', 'SNAI2', 'MMP2', 'FN1', 'CDH2', 'VIM', 'GSTP1', 'LDHB']"
907,fluvastatin,-0.5788935189857504,0.023750206616858595,F1,MYC-high & EMT & hypoxia | glycolysis,"['MYC', 'TGFBI', 'SNAI2', 'MMP2', 'FN1', 'CDH2', 'VIM', 'GSTP1', 'LDHB']"
908,AZD4547,-0.4123232949954027,0.08906198900242765,F1,MYC-high & EMT & hypoxia | glycolysis,"['MYC', 'TGFBI', 'SNAI2', 'MMP2', 'FN1', 'CDH2', 'VIM', 'GSTP1', 'LDHB']"
909,hyperforin,-0.15997937253515648,0.5396511593397139,F1,MYC-high & EMT & hypoxia | glycolysis,"['MYC', 'TGFBI', 'SNAI2', 'MMP2', 'FN1', 'CDH2', 'VIM', 'GSTP1', 'LDHB']"
910,NVP-231,-0.08720772257657648,0.7307820419892648,F1,MYC-high & EMT & hypoxia | glycolysis,"['MYC', 'TGFBI', 'SNAI2', 'MMP2', 'FN1', 'CDH2', 'VIM', 'GSTP1', 'LDHB']"
911,MK-0752,-0.2506557964106172,0.33186143305719085,F1,MYC-high & EMT & hypoxia | glycolysis,"['MYC', 'TGFBI', 'SNAI2', 'MMP2', 'FN1', 'CDH2', 'VIM', 'GSTP1', 'LDHB']"
912,semagacestat,-0.2563889544622946,0.30443418972702435,F1,MYC-high & EMT & hypoxia | glycolysis,"['MYC', 'TGFBI', 'SNAI2', 'MMP2', 'FN1', 'CDH2', 'VIM', 'GSTP1', 'LDHB']"
913,BRD-A05715709,-0.2209528682028653,0.5677910599094311,F1,MYC-high & EMT & hypoxia | glycolysis,"['MYC', 'TGFBI', 'SNAI2', 'MMP2', 'FN1', 'CDH2', 'VIM', 'GSTP1', 'LDHB']"
914,bosutinib,0.3027562415670949,0.22201537466268825,F1,MYC-high & EMT & hypoxia | glycolysis,"['MYC', 'TGFBI', 'SNAI2', 'MMP2', 'FN1', 'CDH2', 'VIM', 'GSTP1', 'LDHB']"
915,temsirolimus,-0.026831515261952127,0.9453720685837429,F1,MYC-high & EMT & hypoxia | glycolysis,"['MYC', 'TGFBI', 'SNAI2', 'MMP2', 'FN1', 'CDH2', 'VIM', 'GSTP1', 'LDHB']"
916,docetaxel,-0.09296455855746726,0.8119728156598753,F1,MYC-high & EMT & hypoxia | glycolysis,"['MYC', 'TGFBI', 'SNAI2', 'MMP2', 'FN1', 'CDH2', 'VIM', 'GSTP1', 'LDHB']"
917,nelarabine,-0.08623285914863779,0.7508313835378929,F1,MYC-high & EMT & hypoxia | glycolysis,"['MYC', 'TGFBI', 'SNAI2', 'MMP2', 'FN1', 'CDH2', 'VIM', 'GSTP1', 'LDHB']"
918,rigosertib,-0.45072388614988257,0.07975092661892338,F1,MYC-high & EMT & hypoxia | glycolysis,"['MYC', 'TGFBI', 'SNAI2', 'MMP2', 'FN1', 'CDH2', 'VIM', 'GSTP1', 'LDHB']"
919,AT7867,-0.6651335133969579,0.004929578413771713,F1,MYC-high & EMT & hypoxia | glycolysis,"['MYC', 'TGFBI', 'SNAI2', 'MMP2', 'FN1', 'CDH2', 'VIM', 'GSTP1', 'LDHB']"
920,PD-318088,0.07982748478034854,0.7528619329141528,F1,MYC-high & EMT & hypoxia | glycolysis,"['MYC', 'TGFBI', 'SNAI2', 'MMP2', 'FN1', 'CDH2', 'VIM', 'GSTP1', 'LDHB']"
921,KU-60019,-0.27570747248979083,0.2681257075660653,F1,MYC-high & EMT & hypoxia | glycolysis,"['MYC', 'TGFBI', 'SNAI2', 'MMP2', 'FN1', 'CDH2', 'VIM', 'GSTP1', 'LDHB']"
922,doramapimod,0.4043993787959335,0.12027486330393483,F1,MYC-high & EMT & hypoxia | glycolysis,"['MYC', 'TGFBI', 'SNAI2', 'MMP2', 'FN1', 'CDH2', 'VIM', 'GSTP1', 'LDHB']"
923,KW-2449,-0.2542520189522688,0.32473787848197094,F1,MYC-high & EMT & hypoxia | glycolysis,"['MYC', 'TGFBI', 'SNAI2', 'MMP2', 'FN1', 'CDH2', 'VIM', 'GSTP1', 'LDHB']"
924,RAF265,0.3226474811220925,0.33318143324143645,F1,MYC-high & EMT & hypoxia | glycolysis,"['MYC', 'TGFBI', 'SNAI2', 'MMP2', 'FN1', 'CDH2', 'VIM', 'GSTP1', 'LDHB']"
925,CX-4945,0.08778310657522138,0.737611686379899,F1,MYC-high & EMT & hypoxia | glycolysis,"['MYC', 'TGFBI', 'SNAI2', 'MMP2', 'FN1', 'CDH2', 'VIM', 'GSTP1', 'LDHB']"
926,BRD-K03911514,-0.2669833800541766,0.5226857342866299,F1,MYC-high & EMT & hypoxia | glycolysis,"['MYC', 'TGFBI', 'SNAI2', 'MMP2', 'FN1', 'CDH2', 'VIM', 'GSTP1', 'LDHB']"
927,cyt387,-0.33956888562103443,0.18237800363395784,F1,MYC-high & EMT & hypoxia | glycolysis,"['MYC', 'TGFBI', 'SNAI2', 'MMP2', 'FN1', 'CDH2', 'VIM', 'GSTP1', 'LDHB']"
928,idelalisib,-0.19517542191363813,0.45283454560214426,F1,MYC-high & EMT & hypoxia | glycolysis,"['MYC', 'TGFBI', 'SNAI2', 'MMP2', 'FN1', 'CDH2', 'VIM', 'GSTP1', 'LDHB']"
929,WP1130,-0.1538447504309883,0.5421959482501665,F1,MYC-high & EMT & hypoxia | glycolysis,"['MYC', 'TGFBI', 'SNAI2', 'MMP2', 'FN1', 'CDH2', 'VIM', 'GSTP1', 'LDHB']"
930,OSI-027,-0.28930005071442666,0.24426570732278446,F1,MYC-high & EMT & hypoxia | glycolysis,"['MYC', 'TGFBI', 'SNAI2', 'MMP2', 'FN1', 'CDH2', 'VIM', 'GSTP1', 'LDHB']"
931,NVP-BSK805,0.02193563724178349,0.9334036552702072,F1,MYC-high & EMT & hypoxia | glycolysis,"['MYC', 'TGFBI', 'SNAI2', 'MMP2', 'FN1', 'CDH2', 'VIM', 'GSTP1', 'LDHB']"
932,erlotinib:PLX-4032,0.44469337625574323,0.0967430311565144,F1,MYC-high & EMT & hypoxia | glycolysis,"['MYC', 'TGFBI', 'SNAI2', 'MMP2', 'FN1', 'CDH2', 'VIM', 'GSTP1', 'LDHB']"
933,PIK-93,-0.027916385469455796,0.9182593827041537,F1,MYC-high & EMT & hypoxia | glycolysis,"['MYC', 'TGFBI', 'SNAI2', 'MMP2', 'FN1', 'CDH2', 'VIM', 'GSTP1', 'LDHB']"
934,AZD7762,-0.0340654393422256,0.8932525504781759,F1,MYC-high & EMT & hypoxia | glycolysis,"['MYC', 'TGFBI', 'SNAI2', 'MMP2', 'FN1', 'CDH2', 'VIM', 'GSTP1', 'LDHB']"
935,birinapant,-0.38854310919728036,0.11105850418332552,F1,MYC-high & EMT & hypoxia | glycolysis,"['MYC', 'TGFBI', 'SNAI2', 'MMP2', 'FN1', 'CDH2', 'VIM', 'GSTP1', 'LDHB']"
936,KX2-391,-0.3580906501440069,0.17324557397820484,F1,MYC-high & EMT & hypoxia | glycolysis,"['MYC', 'TGFBI', 'SNAI2', 'MMP2', 'FN1', 'CDH2', 'VIM', 'GSTP1', 'LDHB']"
937,3-Cl-AHPC,-0.17336264381392621,0.4914845616976599,F1,MYC-high & EMT & hypoxia | glycolysis,"['MYC', 'TGFBI', 'SNAI2', 'MMP2', 'FN1', 'CDH2', 'VIM', 'GSTP1', 'LDHB']"
938,BRD-K27188169,0.2800762368210438,0.46542652108442656,F1,MYC-high & EMT & hypoxia | glycolysis,"['MYC', 'TGFBI', 'SNAI2', 'MMP2', 'FN1', 'CDH2', 'VIM', 'GSTP1', 'LDHB']"
939,KHS-101,-0.05807442329416794,0.8189522474410273,F1,MYC-high & EMT & hypoxia | glycolysis,"['MYC', 'TGFBI', 'SNAI2', 'MMP2', 'FN1', 'CDH2', 'VIM', 'GSTP1', 'LDHB']"
940,WAY-362450,0.06211108067169023,0.8128026265943337,F1,MYC-high & EMT & hypoxia | glycolysis,"['MYC', 'TGFBI', 'SNAI2', 'MMP2', 'FN1', 'CDH2', 'VIM', 'GSTP1', 'LDHB']"
941,JQ-1:vorinostat,0.024778748877447604,0.92742256561296,F1,MYC-high & EMT & hypoxia | glycolysis,"['MYC', 'TGFBI', 'SNAI2', 'MMP2', 'FN1', 'CDH2', 'VIM', 'GSTP1', 'LDHB']"
942,cabozantinib,0.25230955186403825,0.3285744502059521,F1,MYC-high & EMT & hypoxia | glycolysis,"['MYC', 'TGFBI', 'SNAI2', 'MMP2', 'FN1', 'CDH2', 'VIM', 'GSTP1', 'LDHB']"
943,crizotinib:PLX-4032,-0.05218209149849681,0.8477998993886502,F1,MYC-high & EMT & hypoxia | glycolysis,"['MYC', 'TGFBI', 'SNAI2', 'MMP2', 'FN1', 'CDH2', 'VIM', 'GSTP1', 'LDHB']"
944,BRD-M00053801,0.3041321529284068,0.3632003577571666,F1,MYC-high & EMT & hypoxia | glycolysis,"['MYC', 'TGFBI', 'SNAI2', 'MMP2', 'FN1', 'CDH2', 'VIM', 'GSTP1', 'LDHB']"
945,KPT-185,-0.20414371417630162,0.5245042769473942,F1,MYC-high & EMT & hypoxia | glycolysis,"['MYC', 'TGFBI', 'SNAI2', 'MMP2', 'FN1', 'CDH2', 'VIM', 'GSTP1', 'LDHB']"
946,pitstop2,-0.29810330830626564,0.40282390217784514,F1,MYC-high & EMT & hypoxia | glycolysis,"['MYC', 'TGFBI', 'SNAI2', 'MMP2', 'FN1', 'CDH2', 'VIM', 'GSTP1', 'LDHB']"
947,R-428,0.16837415531185276,0.6649915036460929,F1,MYC-high & EMT & hypoxia | glycolysis,"['MYC', 'TGFBI', 'SNAI2', 'MMP2', 'FN1', 'CDH2', 'VIM', 'GSTP1', 'LDHB']"
948,ibrutinib,0.20530431159251203,0.5447817975597621,F1,MYC-high & EMT & hypoxia | glycolysis,"['MYC', 'TGFBI', 'SNAI2', 'MMP2', 'FN1', 'CDH2', 'VIM', 'GSTP1', 'LDHB']"
949,sotrastaurin,-0.0499525503093948,0.8840379319416141,F1,MYC-high & EMT & hypoxia | glycolysis,"['MYC', 'TGFBI', 'SNAI2', 'MMP2', 'FN1', 'CDH2', 'VIM', 'GSTP1', 'LDHB']"
950,A-804598,-0.2946439616996755,0.3525410342696533,F1,MYC-high & EMT & hypoxia | glycolysis,"['MYC', 'TGFBI', 'SNAI2', 'MMP2', 'FN1', 'CDH2', 'VIM', 'GSTP1', 'LDHB']"
951,BRD-K27188169:navitoclax,0.35208377183415046,0.3527639921645786,F1,MYC-high & EMT & hypoxia | glycolysis,"['MYC', 'TGFBI', 'SNAI2', 'MMP2', 'FN1', 'CDH2', 'VIM', 'GSTP1', 'LDHB']"
952,COL-3,-0.34667776686524077,0.26960151838201846,F1,MYC-high & EMT & hypoxia | glycolysis,"['MYC', 'TGFBI', 'SNAI2', 'MMP2', 'FN1', 'CDH2', 'VIM', 'GSTP1', 'LDHB']"
953,venetoclax,0.35324288792083053,0.35106982301080525,F1,MYC-high & EMT & hypoxia | glycolysis,"['MYC', 'TGFBI', 'SNAI2', 'MMP2', 'FN1', 'CDH2', 'VIM', 'GSTP1', 'LDHB']"
954,ETP-46464,0.04349558102398415,0.8932296410707786,F1,MYC-high & EMT & hypoxia | glycolysis,"['MYC', 'TGFBI', 'SNAI2', 'MMP2', 'FN1', 'CDH2', 'VIM', 'GSTP1', 'LDHB']"
955,marinopyrrole A,-0.28171275867139206,0.3750375989641442,F1,MYC-high & EMT & hypoxia | glycolysis,"['MYC', 'TGFBI', 'SNAI2', 'MMP2', 'FN1', 'CDH2', 'VIM', 'GSTP1', 'LDHB']"
956,methylstat,-0.32686126941649873,0.299731344243005,F1,MYC-high & EMT & hypoxia | glycolysis,"['MYC', 'TGFBI', 'SNAI2', 'MMP2', 'FN1', 'CDH2', 'VIM', 'GSTP1', 'LDHB']"
957,alpelisib,-0.21755348943017286,0.5204821764732317,F1,MYC-high & EMT & hypoxia | glycolysis,"['MYC', 'TGFBI', 'SNAI2', 'MMP2', 'FN1', 'CDH2', 'VIM', 'GSTP1', 'LDHB']"
958,GSK2636771,-0.16953763720564674,0.5983600739892294,F1,MYC-high & EMT & hypoxia | glycolysis,"['MYC', 'TGFBI', 'SNAI2', 'MMP2', 'FN1', 'CDH2', 'VIM', 'GSTP1', 'LDHB']"
959,JW-74,0.4930879094736554,0.14758042801755333,F1,MYC-high & EMT & hypoxia | glycolysis,"['MYC', 'TGFBI', 'SNAI2', 'MMP2', 'FN1', 'CDH2', 'VIM', 'GSTP1', 'LDHB']"
960,necrosulfonamide,-0.37034361829120166,0.2622255592866049,F1,MYC-high & EMT & hypoxia | glycolysis,"['MYC', 'TGFBI', 'SNAI2', 'MMP2', 'FN1', 'CDH2', 'VIM', 'GSTP1', 'LDHB']"
961,HBX-41108,-0.3952978031904494,0.20343022259841748,F1,MYC-high & EMT & hypoxia | glycolysis,"['MYC', 'TGFBI', 'SNAI2', 'MMP2', 'FN1', 'CDH2', 'VIM', 'GSTP1', 'LDHB']"
962,palmostatin B,-0.7555647567733205,0.007158422424238791,F1,MYC-high & EMT & hypoxia | glycolysis,"['MYC', 'TGFBI', 'SNAI2', 'MMP2', 'FN1', 'CDH2', 'VIM', 'GSTP1', 'LDHB']"
963,BRD-K03536150,0.035229788557799485,0.8932185617275828,F1,MYC-high & EMT & hypoxia | glycolysis,"['MYC', 'TGFBI', 'SNAI2', 'MMP2', 'FN1', 'CDH2', 'VIM', 'GSTP1', 'LDHB']"
964,BRD-K99006945,-0.672748284853564,0.047068856111591825,F1,MYC-high & EMT & hypoxia | glycolysis,"['MYC', 'TGFBI', 'SNAI2', 'MMP2', 'FN1', 'CDH2', 'VIM', 'GSTP1', 'LDHB']"
965,tivantinib,0.15191965401550472,0.6964025534386297,F1,MYC-high & EMT & hypoxia | glycolysis,"['MYC', 'TGFBI', 'SNAI2', 'MMP2', 'FN1', 'CDH2', 'VIM', 'GSTP1', 'LDHB']"
966,trametinib,0.2521510118210089,0.5127658373203229,F1,MYC-high & EMT & hypoxia | glycolysis,"['MYC', 'TGFBI', 'SNAI2', 'MMP2', 'FN1', 'CDH2', 'VIM', 'GSTP1', 'LDHB']"
967,RG4733,0.6324661968085427,0.06757723556607959,F1,MYC-high & EMT & hypoxia | glycolysis,"['MYC', 'TGFBI', 'SNAI2', 'MMP2', 'FN1', 'CDH2', 'VIM', 'GSTP1', 'LDHB']"
968,dinaciclib,-0.2968793804986483,0.43788018463181344,F1,MYC-high & EMT & hypoxia | glycolysis,"['MYC', 'TGFBI', 'SNAI2', 'MMP2', 'FN1', 'CDH2', 'VIM', 'GSTP1', 'LDHB']"
969,MLN2480,-0.09224069309895519,0.8134160514936302,F1,MYC-high & EMT & hypoxia | glycolysis,"['MYC', 'TGFBI', 'SNAI2', 'MMP2', 'FN1', 'CDH2', 'VIM', 'GSTP1', 'LDHB']"
970,BRD-K51831558,0.6565005478068496,0.07701479105374345,F1,MYC-high & EMT & hypoxia | glycolysis,"['MYC', 'TGFBI', 'SNAI2', 'MMP2', 'FN1', 'CDH2', 'VIM', 'GSTP1', 'LDHB']"
971,istradefylline,0.09700514840990994,0.8039258283041555,F1,MYC-high & EMT & hypoxia | glycolysis,"['MYC', 'TGFBI', 'SNAI2', 'MMP2', 'FN1', 'CDH2', 'VIM', 'GSTP1', 'LDHB']"
972,MI-2,0.004179642262310705,0.9914854266566843,F1,MYC-high & EMT & hypoxia | glycolysis,"['MYC', 'TGFBI', 'SNAI2', 'MMP2', 'FN1', 'CDH2', 'VIM', 'GSTP1', 'LDHB']"
973,alvocidib,-0.5468293453814231,0.160752313069792,F1,MYC-high & EMT & hypoxia | glycolysis,"['MYC', 'TGFBI', 'SNAI2', 'MMP2', 'FN1', 'CDH2', 'VIM', 'GSTP1', 'LDHB']"
974,CBB-1007,-0.870136794343661,0.0022834582556785213,F1,MYC-high & EMT & hypoxia | glycolysis,"['MYC', 'TGFBI', 'SNAI2', 'MMP2', 'FN1', 'CDH2', 'VIM', 'GSTP1', 'LDHB']"
975,BRD-A86708339,0.3835042278895895,0.30826132497811143,F1,MYC-high & EMT & hypoxia | glycolysis,"['MYC', 'TGFBI', 'SNAI2', 'MMP2', 'FN1', 'CDH2', 'VIM', 'GSTP1', 'LDHB']"
976,PF-03758309,0.24423228316740483,0.5265268930483563,F1,MYC-high & EMT & hypoxia | glycolysis,"['MYC', 'TGFBI', 'SNAI2', 'MMP2', 'FN1', 'CDH2', 'VIM', 'GSTP1', 'LDHB']"
977,dabrafenib,0.15371484513569417,0.6929552108699301,F1,MYC-high & EMT & hypoxia | glycolysis,"['MYC', 'TGFBI', 'SNAI2', 'MMP2', 'FN1', 'CDH2', 'VIM', 'GSTP1', 'LDHB']"
978,SZ4TA2,-0.7113973077017447,0.03162371119035357,F1,MYC-high & EMT & hypoxia | glycolysis,"['MYC', 'TGFBI', 'SNAI2', 'MMP2', 'FN1', 'CDH2', 'VIM', 'GSTP1', 'LDHB']"
979,AT13387,0.4253065066525537,0.2537784432258324,F1,MYC-high & EMT & hypoxia | glycolysis,"['MYC', 'TGFBI', 'SNAI2', 'MMP2', 'FN1', 'CDH2', 'VIM', 'GSTP1', 'LDHB']"
980,BCL-LZH-4,0.038724127906823995,0.9212103690412966,F1,MYC-high & EMT & hypoxia | glycolysis,"['MYC', 'TGFBI', 'SNAI2', 'MMP2', 'FN1', 'CDH2', 'VIM', 'GSTP1', 'LDHB']"
981,skepinone-L,-0.11341220230112667,0.7714206891521881,F1,MYC-high & EMT & hypoxia | glycolysis,"['MYC', 'TGFBI', 'SNAI2', 'MMP2', 'FN1', 'CDH2', 'VIM', 'GSTP1', 'LDHB']"
982,BRD-K34222889,-0.32755514474226033,0.1845448234383808,F1,MYC-high & EMT & hypoxia | glycolysis,"['MYC', 'TGFBI', 'SNAI2', 'MMP2', 'FN1', 'CDH2', 'VIM', 'GSTP1', 'LDHB']"
983,PF-4800567,-0.6717331792253294,0.047528769480786,F1,MYC-high & EMT & hypoxia | glycolysis,"['MYC', 'TGFBI', 'SNAI2', 'MMP2', 'FN1', 'CDH2', 'VIM', 'GSTP1', 'LDHB']"
984,avicin D,0.2134022408901635,0.6118528899671738,F1,MYC-high & EMT & hypoxia | glycolysis,"['MYC', 'TGFBI', 'SNAI2', 'MMP2', 'FN1', 'CDH2', 'VIM', 'GSTP1', 'LDHB']"
985,linsitinib,-0.2568985350933736,0.336808178510948,F1,MYC-high & EMT & hypoxia | glycolysis,"['MYC', 'TGFBI', 'SNAI2', 'MMP2', 'FN1', 'CDH2', 'VIM', 'GSTP1', 'LDHB']"
986,AT-406,-0.6632366417811253,0.05149129316737228,F1,MYC-high & EMT & hypoxia | glycolysis,"['MYC', 'TGFBI', 'SNAI2', 'MMP2', 'FN1', 'CDH2', 'VIM', 'GSTP1', 'LDHB']"
987,ML031,-0.05305691995435136,0.8452766903707556,F1,MYC-high & EMT & hypoxia | glycolysis,"['MYC', 'TGFBI', 'SNAI2', 'MMP2', 'FN1', 'CDH2', 'VIM', 'GSTP1', 'LDHB']"
988,CIL56,0.016155701482644554,0.9670950329288469,F2,luminal-like & PI3K-Akt signaling,"['CD24', 'KRT19', 'NRG3', 'ERBB3', 'TSPAN1', 'FGFR4']"
989,FQI-1,0.19476572350994437,0.6155559603642118,F2,luminal-like & PI3K-Akt signaling,"['CD24', 'KRT19', 'NRG3', 'ERBB3', 'TSPAN1', 'FGFR4']"
990,BRD-K92856060,-0.5225385925156422,0.02609630854078251,F2,luminal-like & PI3K-Akt signaling,"['CD24', 'KRT19', 'NRG3', 'ERBB3', 'TSPAN1', 'FGFR4']"
991,B02,-0.081079661690201,0.7653199871280789,F2,luminal-like & PI3K-Akt signaling,"['CD24', 'KRT19', 'NRG3', 'ERBB3', 'TSPAN1', 'FGFR4']"
992,BRD6340,-0.31299931335460196,0.22123165688882518,F2,luminal-like & PI3K-Akt signaling,"['CD24', 'KRT19', 'NRG3', 'ERBB3', 'TSPAN1', 'FGFR4']"
993,BRD-K45681478,-0.2106560774025533,0.4170399499949565,F2,luminal-like & PI3K-Akt signaling,"['CD24', 'KRT19', 'NRG3', 'ERBB3', 'TSPAN1', 'FGFR4']"
994,ML050,-0.31482780436211266,0.21840031450771033,F2,luminal-like & PI3K-Akt signaling,"['CD24', 'KRT19', 'NRG3', 'ERBB3', 'TSPAN1', 'FGFR4']"
995,ML162,-0.02956084032351375,0.9103298896024288,F2,luminal-like & PI3K-Akt signaling,"['CD24', 'KRT19', 'NRG3', 'ERBB3', 'TSPAN1', 'FGFR4']"
996,CIL41,0.09354702984020656,0.8108118455685916,F2,luminal-like & PI3K-Akt signaling,"['CD24', 'KRT19', 'NRG3', 'ERBB3', 'TSPAN1', 'FGFR4']"
997,ML006,-0.061548939057440785,0.8083055522766537,F2,luminal-like & PI3K-Akt signaling,"['CD24', 'KRT19', 'NRG3', 'ERBB3', 'TSPAN1', 'FGFR4']"
998,CIL55,0.43400003485488814,0.2826590452574403,F2,luminal-like & PI3K-Akt signaling,"['CD24', 'KRT19', 'NRG3', 'ERBB3', 'TSPAN1', 'FGFR4']"
999,NSC30930,0.10561747700453471,0.6866291109047845,F2,luminal-like & PI3K-Akt signaling,"['CD24', 'KRT19', 'NRG3', 'ERBB3', 'TSPAN1', 'FGFR4']"
1000,Bax channel blocker,0.1959978270848705,0.46692078879447874,F2,luminal-like & PI3K-Akt signaling,"['CD24', 'KRT19', 'NRG3', 'ERBB3', 'TSPAN1', 'FGFR4']"
1001,CIL70,0.24977134232287748,0.5168860222380153,F2,luminal-like & PI3K-Akt signaling,"['CD24', 'KRT19', 'NRG3', 'ERBB3', 'TSPAN1', 'FGFR4']"
1002,MI-1,0.20767955265703103,0.4402297349890011,F2,luminal-like & PI3K-Akt signaling,"['CD24', 'KRT19', 'NRG3', 'ERBB3', 'TSPAN1', 'FGFR4']"
1003,BRD9876,-0.29510403329054524,0.2671688693640971,F2,luminal-like & PI3K-Akt signaling,"['CD24', 'KRT19', 'NRG3', 'ERBB3', 'TSPAN1', 'FGFR4']"
1004,DBeQ,-0.17903647313869203,0.4917383564890109,F2,luminal-like & PI3K-Akt signaling,"['CD24', 'KRT19', 'NRG3', 'ERBB3', 'TSPAN1', 'FGFR4']"
1005,mdivi-1,-0.07639083297615196,0.770743774760165,F2,luminal-like & PI3K-Akt signaling,"['CD24', 'KRT19', 'NRG3', 'ERBB3', 'TSPAN1', 'FGFR4']"
1006,tretinoin,-0.08164937852348289,0.7554000679522018,F2,luminal-like & PI3K-Akt signaling,"['CD24', 'KRT19', 'NRG3', 'ERBB3', 'TSPAN1', 'FGFR4']"
1007,betulinic-acid,0.019512695111637314,0.9428202850388083,F2,luminal-like & PI3K-Akt signaling,"['CD24', 'KRT19', 'NRG3', 'ERBB3', 'TSPAN1', 'FGFR4']"
1008,phloretin,-0.28696649474157315,0.28120100245642066,F2,luminal-like & PI3K-Akt signaling,"['CD24', 'KRT19', 'NRG3', 'ERBB3', 'TSPAN1', 'FGFR4']"
1009,thalidomide,0.576385598407345,0.13477983172375213,F2,luminal-like & PI3K-Akt signaling,"['CD24', 'KRT19', 'NRG3', 'ERBB3', 'TSPAN1', 'FGFR4']"
1010,gossypol,-0.08048649407245288,0.7508826212434363,F2,luminal-like & PI3K-Akt signaling,"['CD24', 'KRT19', 'NRG3', 'ERBB3', 'TSPAN1', 'FGFR4']"
1011,chlorambucil,0.11703412446884023,0.6437357580641032,F2,luminal-like & PI3K-Akt signaling,"['CD24', 'KRT19', 'NRG3', 'ERBB3', 'TSPAN1', 'FGFR4']"
1012,5-fluorouracil,0.01856503780922674,0.9436200912428463,F2,luminal-like & PI3K-Akt signaling,"['CD24', 'KRT19', 'NRG3', 'ERBB3', 'TSPAN1', 'FGFR4']"
1013,ML083,0.04332103518668665,0.8688743795708351,F2,luminal-like & PI3K-Akt signaling,"['CD24', 'KRT19', 'NRG3', 'ERBB3', 'TSPAN1', 'FGFR4']"
1014,CID-5951923,-0.3587647146098137,0.15731740587372878,F2,luminal-like & PI3K-Akt signaling,"['CD24', 'KRT19', 'NRG3', 'ERBB3', 'TSPAN1', 'FGFR4']"
1015,azacitidine,-0.027636252207475995,0.913318950838574,F2,luminal-like & PI3K-Akt signaling,"['CD24', 'KRT19', 'NRG3', 'ERBB3', 'TSPAN1', 'FGFR4']"
1016,trifluoperazine,-0.7162272570265747,0.003958337797280832,F2,luminal-like & PI3K-Akt signaling,"['CD24', 'KRT19', 'NRG3', 'ERBB3', 'TSPAN1', 'FGFR4']"
1017,paclitaxel,0.12874677238028323,0.6223935880700908,F2,luminal-like & PI3K-Akt signaling,"['CD24', 'KRT19', 'NRG3', 'ERBB3', 'TSPAN1', 'FGFR4']"
1018,tamoxifen,-0.43325563250002436,0.0823394035149024,F2,luminal-like & PI3K-Akt signaling,"['CD24', 'KRT19', 'NRG3', 'ERBB3', 'TSPAN1', 'FGFR4']"
1019,carboplatin,0.5986911387559405,0.00866193179593942,F2,luminal-like & PI3K-Akt signaling,"['CD24', 'KRT19', 'NRG3', 'ERBB3', 'TSPAN1', 'FGFR4']"
1020,IU1,0.38129467242788306,0.13101826411773815,F2,luminal-like & PI3K-Akt signaling,"['CD24', 'KRT19', 'NRG3', 'ERBB3', 'TSPAN1', 'FGFR4']"
1021,dexamethasone,-0.42894704983698745,0.11061339865573017,F2,luminal-like & PI3K-Akt signaling,"['CD24', 'KRT19', 'NRG3', 'ERBB3', 'TSPAN1', 'FGFR4']"
1022,teniposide,-0.5322262579222318,0.174512488374388,F2,luminal-like & PI3K-Akt signaling,"['CD24', 'KRT19', 'NRG3', 'ERBB3', 'TSPAN1', 'FGFR4']"
1023,sildenafil,-0.3410157618962649,0.1804020972502312,F2,luminal-like & PI3K-Akt signaling,"['CD24', 'KRT19', 'NRG3', 'ERBB3', 'TSPAN1', 'FGFR4']"
1024,simvastatin,0.03287492757299623,0.907408142044246,F2,luminal-like & PI3K-Akt signaling,"['CD24', 'KRT19', 'NRG3', 'ERBB3', 'TSPAN1', 'FGFR4']"
1025,parbendazole,-0.13351789864241953,0.5973772567870165,F2,luminal-like & PI3K-Akt signaling,"['CD24', 'KRT19', 'NRG3', 'ERBB3', 'TSPAN1', 'FGFR4']"
1026,procarbazine,0.10133845631176608,0.7193259005224235,F2,luminal-like & PI3K-Akt signaling,"['CD24', 'KRT19', 'NRG3', 'ERBB3', 'TSPAN1', 'FGFR4']"
1027,curcumin,0.2729606588799734,0.30637023414016085,F2,luminal-like & PI3K-Akt signaling,"['CD24', 'KRT19', 'NRG3', 'ERBB3', 'TSPAN1', 'FGFR4']"
1028,ciclopirox,-0.5008506655326666,0.048137798869504894,F2,luminal-like & PI3K-Akt signaling,"['CD24', 'KRT19', 'NRG3', 'ERBB3', 'TSPAN1', 'FGFR4']"
1029,epigallocatechin-gallate-(-),0.33680448813794156,0.2843864899935311,F2,luminal-like & PI3K-Akt signaling,"['CD24', 'KRT19', 'NRG3', 'ERBB3', 'TSPAN1', 'FGFR4']"
1030,ML311,-0.2382191850503954,0.3411363744532891,F2,luminal-like & PI3K-Akt signaling,"['CD24', 'KRT19', 'NRG3', 'ERBB3', 'TSPAN1', 'FGFR4']"
1031,myricetin,-0.03453746773462953,0.902745582106355,F2,luminal-like & PI3K-Akt signaling,"['CD24', 'KRT19', 'NRG3', 'ERBB3', 'TSPAN1', 'FGFR4']"
1032,methotrexate,-0.10396842833247645,0.6912937087728189,F2,luminal-like & PI3K-Akt signaling,"['CD24', 'KRT19', 'NRG3', 'ERBB3', 'TSPAN1', 'FGFR4']"
1033,lovastatin,0.16542038278831894,0.5118383966257398,F2,luminal-like & PI3K-Akt signaling,"['CD24', 'KRT19', 'NRG3', 'ERBB3', 'TSPAN1', 'FGFR4']"
1034,valdecoxib,-0.297574825517271,0.24605131576733352,F2,luminal-like & PI3K-Akt signaling,"['CD24', 'KRT19', 'NRG3', 'ERBB3', 'TSPAN1', 'FGFR4']"
1035,cyclophosphamide,0.01102059319796734,0.9775513040601326,F2,luminal-like & PI3K-Akt signaling,"['CD24', 'KRT19', 'NRG3', 'ERBB3', 'TSPAN1', 'FGFR4']"
1036,dacarbazine,-0.2754972268632109,0.28449841676585497,F2,luminal-like & PI3K-Akt signaling,"['CD24', 'KRT19', 'NRG3', 'ERBB3', 'TSPAN1', 'FGFR4']"
1037,niclosamide,-0.40385740638577955,0.15212260239419378,F2,luminal-like & PI3K-Akt signaling,"['CD24', 'KRT19', 'NRG3', 'ERBB3', 'TSPAN1', 'FGFR4']"
1038,prochlorperazine,0.010030778892969824,0.9705894840800056,F2,luminal-like & PI3K-Akt signaling,"['CD24', 'KRT19', 'NRG3', 'ERBB3', 'TSPAN1', 'FGFR4']"
1039,imatinib,-0.3074574792289631,0.22995630158628994,F2,luminal-like & PI3K-Akt signaling,"['CD24', 'KRT19', 'NRG3', 'ERBB3', 'TSPAN1', 'FGFR4']"
1040,decitabine,0.3430608017220585,0.163402250803472,F2,luminal-like & PI3K-Akt signaling,"['CD24', 'KRT19', 'NRG3', 'ERBB3', 'TSPAN1', 'FGFR4']"
1041,CHIR-99021,-0.22554981823958448,0.4009543612005626,F2,luminal-like & PI3K-Akt signaling,"['CD24', 'KRT19', 'NRG3', 'ERBB3', 'TSPAN1', 'FGFR4']"
1042,BI-2536,-0.0681852161176902,0.7948461051753773,F2,luminal-like & PI3K-Akt signaling,"['CD24', 'KRT19', 'NRG3', 'ERBB3', 'TSPAN1', 'FGFR4']"
1043,BRD-K61166597,-0.072664373421025,0.7891358252791181,F2,luminal-like & PI3K-Akt signaling,"['CD24', 'KRT19', 'NRG3', 'ERBB3', 'TSPAN1', 'FGFR4']"
1044,axitinib,-0.20820118029278117,0.4070755658958519,F2,luminal-like & PI3K-Akt signaling,"['CD24', 'KRT19', 'NRG3', 'ERBB3', 'TSPAN1', 'FGFR4']"
1045,selumetinib,0.12460770247182949,0.6337172040996243,F2,luminal-like & PI3K-Akt signaling,"['CD24', 'KRT19', 'NRG3', 'ERBB3', 'TSPAN1', 'FGFR4']"
1046,NVP-BEZ235,-0.06981013055593603,0.8293130821534147,F2,luminal-like & PI3K-Akt signaling,"['CD24', 'KRT19', 'NRG3', 'ERBB3', 'TSPAN1', 'FGFR4']"
1047,GW-843682X,-0.05817135359501047,0.8305543974978953,F2,luminal-like & PI3K-Akt signaling,"['CD24', 'KRT19', 'NRG3', 'ERBB3', 'TSPAN1', 'FGFR4']"
1048,vandetanib,0.21388854775771102,0.426367052540366,F2,luminal-like & PI3K-Akt signaling,"['CD24', 'KRT19', 'NRG3', 'ERBB3', 'TSPAN1', 'FGFR4']"
1049,sorafenib,-0.38046680838413127,0.13192662857034623,F2,luminal-like & PI3K-Akt signaling,"['CD24', 'KRT19', 'NRG3', 'ERBB3', 'TSPAN1', 'FGFR4']"
1050,ML029,-0.33442968295918984,0.2230946369666848,F2,luminal-like & PI3K-Akt signaling,"['CD24', 'KRT19', 'NRG3', 'ERBB3', 'TSPAN1', 'FGFR4']"
1051,temozolomide,-0.20729965880993886,0.4246708001737417,F2,luminal-like & PI3K-Akt signaling,"['CD24', 'KRT19', 'NRG3', 'ERBB3', 'TSPAN1', 'FGFR4']"
1052,ifosfamide,-0.286922967952145,0.49081630750486,F2,luminal-like & PI3K-Akt signaling,"['CD24', 'KRT19', 'NRG3', 'ERBB3', 'TSPAN1', 'FGFR4']"
1053,BRD4132,-0.4071072859587148,0.11757621520175965,F2,luminal-like & PI3K-Akt signaling,"['CD24', 'KRT19', 'NRG3', 'ERBB3', 'TSPAN1', 'FGFR4']"
1054,BRD-K90370028,-0.7415279710171521,0.035233823445778086,F2,luminal-like & PI3K-Akt signaling,"['CD24', 'KRT19', 'NRG3', 'ERBB3', 'TSPAN1', 'FGFR4']"
1055,SNX-2112,-0.19163147503392333,0.4462048335769785,F2,luminal-like & PI3K-Akt signaling,"['CD24', 'KRT19', 'NRG3', 'ERBB3', 'TSPAN1', 'FGFR4']"
1056,navitoclax,0.10030812229935229,0.6920899693254805,F2,luminal-like & PI3K-Akt signaling,"['CD24', 'KRT19', 'NRG3', 'ERBB3', 'TSPAN1', 'FGFR4']"
1057,doxorubicin,-0.10696789898247862,0.6828171652840767,F2,luminal-like & PI3K-Akt signaling,"['CD24', 'KRT19', 'NRG3', 'ERBB3', 'TSPAN1', 'FGFR4']"
1058,ouabain,-0.15280239833080939,0.5449687147795894,F2,luminal-like & PI3K-Akt signaling,"['CD24', 'KRT19', 'NRG3', 'ERBB3', 'TSPAN1', 'FGFR4']"
1059,bexarotene,-0.3412944763119952,0.16572349196722452,F2,luminal-like & PI3K-Akt signaling,"['CD24', 'KRT19', 'NRG3', 'ERBB3', 'TSPAN1', 'FGFR4']"
1060,nilotinib,-0.18360713103685927,0.4960765306625125,F2,luminal-like & PI3K-Akt signaling,"['CD24', 'KRT19', 'NRG3', 'ERBB3', 'TSPAN1', 'FGFR4']"
1061,sunitinib,0.05110497450297151,0.840397546908827,F2,luminal-like & PI3K-Akt signaling,"['CD24', 'KRT19', 'NRG3', 'ERBB3', 'TSPAN1', 'FGFR4']"
1062,bendamustine,0.08387559814157115,0.766321119144105,F2,luminal-like & PI3K-Akt signaling,"['CD24', 'KRT19', 'NRG3', 'ERBB3', 'TSPAN1', 'FGFR4']"
1063,BRD9647,0.24281232222179475,0.3316265193939241,F2,luminal-like & PI3K-Akt signaling,"['CD24', 'KRT19', 'NRG3', 'ERBB3', 'TSPAN1', 'FGFR4']"
1064,homoharringtonine,0.19151275733252843,0.5509994245096799,F2,luminal-like & PI3K-Akt signaling,"['CD24', 'KRT19', 'NRG3', 'ERBB3', 'TSPAN1', 'FGFR4']"
1065,CD-437,-0.20104587799481013,0.42374069624290855,F2,luminal-like & PI3K-Akt signaling,"['CD24', 'KRT19', 'NRG3', 'ERBB3', 'TSPAN1', 'FGFR4']"
1066,SCH-79797,0.1984211726851538,0.429942730580972,F2,luminal-like & PI3K-Akt signaling,"['CD24', 'KRT19', 'NRG3', 'ERBB3', 'TSPAN1', 'FGFR4']"
1067,LE-135,0.3178104922580238,0.19872658518480377,F2,luminal-like & PI3K-Akt signaling,"['CD24', 'KRT19', 'NRG3', 'ERBB3', 'TSPAN1', 'FGFR4']"
1068,SKI-II,0.09648665707418642,0.7033067384576173,F2,luminal-like & PI3K-Akt signaling,"['CD24', 'KRT19', 'NRG3', 'ERBB3', 'TSPAN1', 'FGFR4']"
1069,CI-976,-0.26727163041376356,0.2836347943228336,F2,luminal-like & PI3K-Akt signaling,"['CD24', 'KRT19', 'NRG3', 'ERBB3', 'TSPAN1', 'FGFR4']"
1070,cisplatin,0.3898226723952341,0.10978507372817743,F2,luminal-like & PI3K-Akt signaling,"['CD24', 'KRT19', 'NRG3', 'ERBB3', 'TSPAN1', 'FGFR4']"
1071,necrostatin-1,0.06714393469437022,0.8048560270694791,F2,luminal-like & PI3K-Akt signaling,"['CD24', 'KRT19', 'NRG3', 'ERBB3', 'TSPAN1', 'FGFR4']"
1072,GW-405833,-0.02416513463399755,0.9266512528238768,F2,luminal-like & PI3K-Akt signaling,"['CD24', 'KRT19', 'NRG3', 'ERBB3', 'TSPAN1', 'FGFR4']"
1073,AC-55649,0.035284803499625754,0.8930527091756892,F2,luminal-like & PI3K-Akt signaling,"['CD24', 'KRT19', 'NRG3', 'ERBB3', 'TSPAN1', 'FGFR4']"
1074,RITA,0.1883312218724588,0.4542218079021543,F2,luminal-like & PI3K-Akt signaling,"['CD24', 'KRT19', 'NRG3', 'ERBB3', 'TSPAN1', 'FGFR4']"
1075,LY2183240,-0.1289682228452016,0.621789968262972,F2,luminal-like & PI3K-Akt signaling,"['CD24', 'KRT19', 'NRG3', 'ERBB3', 'TSPAN1', 'FGFR4']"
1076,KI-8751,-0.11290014889375542,0.677188162033187,F2,luminal-like & PI3K-Akt signaling,"['CD24', 'KRT19', 'NRG3', 'ERBB3', 'TSPAN1', 'FGFR4']"
1077,CD-1530,-0.282885391291893,0.30695828490846544,F2,luminal-like & PI3K-Akt signaling,"['CD24', 'KRT19', 'NRG3', 'ERBB3', 'TSPAN1', 'FGFR4']"
1078,TPCA-1,0.2930231785776702,0.23797322772941026,F2,luminal-like & PI3K-Akt signaling,"['CD24', 'KRT19', 'NRG3', 'ERBB3', 'TSPAN1', 'FGFR4']"
1079,oxaliplatin,0.5444521767291008,0.023841343203395864,F2,luminal-like & PI3K-Akt signaling,"['CD24', 'KRT19', 'NRG3', 'ERBB3', 'TSPAN1', 'FGFR4']"
1080,NSC632839,-0.29587732306093384,0.2332200297005361,F2,luminal-like & PI3K-Akt signaling,"['CD24', 'KRT19', 'NRG3', 'ERBB3', 'TSPAN1', 'FGFR4']"
1081,pifithrin-mu,-0.09263620687961896,0.7146678453651563,F2,luminal-like & PI3K-Akt signaling,"['CD24', 'KRT19', 'NRG3', 'ERBB3', 'TSPAN1', 'FGFR4']"
1082,camptothecin,-0.011991350789459398,0.9661684631961995,F2,luminal-like & PI3K-Akt signaling,"['CD24', 'KRT19', 'NRG3', 'ERBB3', 'TSPAN1', 'FGFR4']"
1083,BRD-K80183349,-0.25830756204512473,0.33407131518423416,F2,luminal-like & PI3K-Akt signaling,"['CD24', 'KRT19', 'NRG3', 'ERBB3', 'TSPAN1', 'FGFR4']"
1084,BRD-K66532283,-0.05930327462215672,0.8151832280683636,F2,luminal-like & PI3K-Akt signaling,"['CD24', 'KRT19', 'NRG3', 'ERBB3', 'TSPAN1', 'FGFR4']"
1085,MK-2206,-0.49424920235401143,0.061104994067865806,F2,luminal-like & PI3K-Akt signaling,"['CD24', 'KRT19', 'NRG3', 'ERBB3', 'TSPAN1', 'FGFR4']"
1086,triazolothiadiazine,-0.10876195637132943,0.6674946140594649,F2,luminal-like & PI3K-Akt signaling,"['CD24', 'KRT19', 'NRG3', 'ERBB3', 'TSPAN1', 'FGFR4']"
1087,BRD-K66453893,0.11517980261064803,0.6597953944151579,F2,luminal-like & PI3K-Akt signaling,"['CD24', 'KRT19', 'NRG3', 'ERBB3', 'TSPAN1', 'FGFR4']"
1088,BRD-K11533227,0.061667461748089576,0.8271770962357776,F2,luminal-like & PI3K-Akt signaling,"['CD24', 'KRT19', 'NRG3', 'ERBB3', 'TSPAN1', 'FGFR4']"
1089,Piplartine,-0.08506419640923418,0.7371750726719439,F2,luminal-like & PI3K-Akt signaling,"['CD24', 'KRT19', 'NRG3', 'ERBB3', 'TSPAN1', 'FGFR4']"
1090,BRD-K14844214,-0.6622289561109103,0.005190966103100275,F2,luminal-like & PI3K-Akt signaling,"['CD24', 'KRT19', 'NRG3', 'ERBB3', 'TSPAN1', 'FGFR4']"
1091,BRD1835,-0.10699217492656217,0.6726179340379055,F2,luminal-like & PI3K-Akt signaling,"['CD24', 'KRT19', 'NRG3', 'ERBB3', 'TSPAN1', 'FGFR4']"
1092,BRD-K41597374,-0.16672145992591628,0.522464500536623,F2,luminal-like & PI3K-Akt signaling,"['CD24', 'KRT19', 'NRG3', 'ERBB3', 'TSPAN1', 'FGFR4']"
1093,BRD-K63431240,-0.5166024381070397,0.02815797969603115,F2,luminal-like & PI3K-Akt signaling,"['CD24', 'KRT19', 'NRG3', 'ERBB3', 'TSPAN1', 'FGFR4']"
1094,BRD-K13999467,0.1694479925003625,0.51558654079032,F2,luminal-like & PI3K-Akt signaling,"['CD24', 'KRT19', 'NRG3', 'ERBB3', 'TSPAN1', 'FGFR4']"
1095,brefeldin A,-0.1539999746541682,0.5417835795120092,F2,luminal-like & PI3K-Akt signaling,"['CD24', 'KRT19', 'NRG3', 'ERBB3', 'TSPAN1', 'FGFR4']"
1096,AGK-2,0.20644719034103184,0.41112768201399374,F2,luminal-like & PI3K-Akt signaling,"['CD24', 'KRT19', 'NRG3', 'ERBB3', 'TSPAN1', 'FGFR4']"
1097,L-685458,0.21995825012873596,0.3804755401079828,F2,luminal-like & PI3K-Akt signaling,"['CD24', 'KRT19', 'NRG3', 'ERBB3', 'TSPAN1', 'FGFR4']"
1098,PF-750,-0.3964205371335011,0.12847588204002564,F2,luminal-like & PI3K-Akt signaling,"['CD24', 'KRT19', 'NRG3', 'ERBB3', 'TSPAN1', 'FGFR4']"
1099,triptolide,-0.15317165341940633,0.5439857307904936,F2,luminal-like & PI3K-Akt signaling,"['CD24', 'KRT19', 'NRG3', 'ERBB3', 'TSPAN1', 'FGFR4']"
1100,nutlin-3,-0.1606865768334555,0.5241554516413383,F2,luminal-like & PI3K-Akt signaling,"['CD24', 'KRT19', 'NRG3', 'ERBB3', 'TSPAN1', 'FGFR4']"
1101,AA-COCF3,-0.3658120283702207,0.14873533099267378,F2,luminal-like & PI3K-Akt signaling,"['CD24', 'KRT19', 'NRG3', 'ERBB3', 'TSPAN1', 'FGFR4']"
1102,16-beta-bromoandrosterone,-0.5004573180647302,0.034408278105362504,F2,luminal-like & PI3K-Akt signaling,"['CD24', 'KRT19', 'NRG3', 'ERBB3', 'TSPAN1', 'FGFR4']"
1103,PRL-3 inhibitor I,-0.5554590224426409,0.03158105796410509,F2,luminal-like & PI3K-Akt signaling,"['CD24', 'KRT19', 'NRG3', 'ERBB3', 'TSPAN1', 'FGFR4']"
1104,SID 26681509,-0.2685289123584463,0.3750283403284354,F2,luminal-like & PI3K-Akt signaling,"['CD24', 'KRT19', 'NRG3', 'ERBB3', 'TSPAN1', 'FGFR4']"
1105,ISX-9,-0.3121549009695084,0.20727824801109332,F2,luminal-like & PI3K-Akt signaling,"['CD24', 'KRT19', 'NRG3', 'ERBB3', 'TSPAN1', 'FGFR4']"
1106,STAT3-inhibitor-VI,0.33965204497147516,0.18226405069955298,F2,luminal-like & PI3K-Akt signaling,"['CD24', 'KRT19', 'NRG3', 'ERBB3', 'TSPAN1', 'FGFR4']"
1107,bortezomib,0.08843934506918963,0.7357157972656657,F2,luminal-like & PI3K-Akt signaling,"['CD24', 'KRT19', 'NRG3', 'ERBB3', 'TSPAN1', 'FGFR4']"
1108,ABT-737,0.3226077922449735,0.19165780829990076,F2,luminal-like & PI3K-Akt signaling,"['CD24', 'KRT19', 'NRG3', 'ERBB3', 'TSPAN1', 'FGFR4']"
1109,zebularine,-0.023761298039762027,0.9254381239987386,F2,luminal-like & PI3K-Akt signaling,"['CD24', 'KRT19', 'NRG3', 'ERBB3', 'TSPAN1', 'FGFR4']"
1110,PI-103,-0.5296562423920281,0.023781482843457713,F2,luminal-like & PI3K-Akt signaling,"['CD24', 'KRT19', 'NRG3', 'ERBB3', 'TSPAN1', 'FGFR4']"
1111,tubastatin-A,0.5610619068816405,0.14793109878051183,F2,luminal-like & PI3K-Akt signaling,"['CD24', 'KRT19', 'NRG3', 'ERBB3', 'TSPAN1', 'FGFR4']"
1112,SR-II-138A,0.09274142003802058,0.7143566321779562,F2,luminal-like & PI3K-Akt signaling,"['CD24', 'KRT19', 'NRG3', 'ERBB3', 'TSPAN1', 'FGFR4']"
1113,parthenolide,-0.10460490814588792,0.6998381858642169,F2,luminal-like & PI3K-Akt signaling,"['CD24', 'KRT19', 'NRG3', 'ERBB3', 'TSPAN1', 'FGFR4']"
1114,Compound 7d-cis,0.13974951557393436,0.6488580258862128,F2,luminal-like & PI3K-Akt signaling,"['CD24', 'KRT19', 'NRG3', 'ERBB3', 'TSPAN1', 'FGFR4']"
1115,fedratinib,-0.18895931312475112,0.483378040656914,F2,luminal-like & PI3K-Akt signaling,"['CD24', 'KRT19', 'NRG3', 'ERBB3', 'TSPAN1', 'FGFR4']"
1116,pevonedistat,-0.23657875876627935,0.3959236034136935,F2,luminal-like & PI3K-Akt signaling,"['CD24', 'KRT19', 'NRG3', 'ERBB3', 'TSPAN1', 'FGFR4']"
1117,AZD7545,-0.03811766640522271,0.8927151792097789,F2,luminal-like & PI3K-Akt signaling,"['CD24', 'KRT19', 'NRG3', 'ERBB3', 'TSPAN1', 'FGFR4']"
1118,VER-155008,0.1265439349117138,0.6168240210332339,F2,luminal-like & PI3K-Akt signaling,"['CD24', 'KRT19', 'NRG3', 'ERBB3', 'TSPAN1', 'FGFR4']"
1119,ML203,0.024790502831644027,0.9247580524164942,F2,luminal-like & PI3K-Akt signaling,"['CD24', 'KRT19', 'NRG3', 'ERBB3', 'TSPAN1', 'FGFR4']"
1120,SRT-1720,-0.0005938481240360843,0.9983241188821061,F2,luminal-like & PI3K-Akt signaling,"['CD24', 'KRT19', 'NRG3', 'ERBB3', 'TSPAN1', 'FGFR4']"
1121,CAY10594,-0.031242902042730197,0.908555137636273,F2,luminal-like & PI3K-Akt signaling,"['CD24', 'KRT19', 'NRG3', 'ERBB3', 'TSPAN1', 'FGFR4']"
1122,Compound 1541A,-0.13461802667239667,0.6064679221804102,F2,luminal-like & PI3K-Akt signaling,"['CD24', 'KRT19', 'NRG3', 'ERBB3', 'TSPAN1', 'FGFR4']"
1123,RG108,-0.23864036518564274,0.3402578459560772,F2,luminal-like & PI3K-Akt signaling,"['CD24', 'KRT19', 'NRG3', 'ERBB3', 'TSPAN1', 'FGFR4']"
1124,PAC-1,-0.13250372070351862,0.612184138187961,F2,luminal-like & PI3K-Akt signaling,"['CD24', 'KRT19', 'NRG3', 'ERBB3', 'TSPAN1', 'FGFR4']"
1125,pluripotin,-0.013981014521386089,0.957527525943148,F2,luminal-like & PI3K-Akt signaling,"['CD24', 'KRT19', 'NRG3', 'ERBB3', 'TSPAN1', 'FGFR4']"
1126,GMX-1778,-0.36618988352708726,0.13502912260257954,F2,luminal-like & PI3K-Akt signaling,"['CD24', 'KRT19', 'NRG3', 'ERBB3', 'TSPAN1', 'FGFR4']"
1127,avrainvillamide,0.08840064729415008,0.7960502522517662,F2,luminal-like & PI3K-Akt signaling,"['CD24', 'KRT19', 'NRG3', 'ERBB3', 'TSPAN1', 'FGFR4']"
1128,BMS-536924,-0.010492157571871635,0.9692372917917926,F2,luminal-like & PI3K-Akt signaling,"['CD24', 'KRT19', 'NRG3', 'ERBB3', 'TSPAN1', 'FGFR4']"
1129,gemcitabine,0.023020426236957846,0.9325613981102864,F2,luminal-like & PI3K-Akt signaling,"['CD24', 'KRT19', 'NRG3', 'ERBB3', 'TSPAN1', 'FGFR4']"
1130,olaparib,0.07042652155046555,0.7812517802478158,F2,luminal-like & PI3K-Akt signaling,"['CD24', 'KRT19', 'NRG3', 'ERBB3', 'TSPAN1', 'FGFR4']"
1131,oligomycin A,-0.5580608193219864,0.016095011506591494,F2,luminal-like & PI3K-Akt signaling,"['CD24', 'KRT19', 'NRG3', 'ERBB3', 'TSPAN1', 'FGFR4']"
1132,indisulam,0.3933977594604283,0.10628234617700565,F2,luminal-like & PI3K-Akt signaling,"['CD24', 'KRT19', 'NRG3', 'ERBB3', 'TSPAN1', 'FGFR4']"
1133,BRD-K02492147,0.3179847905892735,0.24809008927097123,F2,luminal-like & PI3K-Akt signaling,"['CD24', 'KRT19', 'NRG3', 'ERBB3', 'TSPAN1', 'FGFR4']"
1134,austocystin D,-0.08450466274809344,0.7388465967837959,F2,luminal-like & PI3K-Akt signaling,"['CD24', 'KRT19', 'NRG3', 'ERBB3', 'TSPAN1', 'FGFR4']"
1135,SJ-172550,0.5454450396046002,0.023535866983885993,F2,luminal-like & PI3K-Akt signaling,"['CD24', 'KRT19', 'NRG3', 'ERBB3', 'TSPAN1', 'FGFR4']"
1136,BRD-K09587429,0.32158741675130975,0.2245200652110137,F2,luminal-like & PI3K-Akt signaling,"['CD24', 'KRT19', 'NRG3', 'ERBB3', 'TSPAN1', 'FGFR4']"
1137,pandacostat,-0.17549355740996836,0.4860912806395534,F2,luminal-like & PI3K-Akt signaling,"['CD24', 'KRT19', 'NRG3', 'ERBB3', 'TSPAN1', 'FGFR4']"
1138,cyanoquinoline 11,0.22195288132185492,0.5659945079931221,F2,luminal-like & PI3K-Akt signaling,"['CD24', 'KRT19', 'NRG3', 'ERBB3', 'TSPAN1', 'FGFR4']"
1139,tipifarnib,-0.13631949449785294,0.7265568609821337,F2,luminal-like & PI3K-Akt signaling,"['CD24', 'KRT19', 'NRG3', 'ERBB3', 'TSPAN1', 'FGFR4']"
1140,tipifarnib-P1,-0.1857660524751717,0.47532425999840255,F2,luminal-like & PI3K-Akt signaling,"['CD24', 'KRT19', 'NRG3', 'ERBB3', 'TSPAN1', 'FGFR4']"
1141,Compound 23 citrate,-0.14844022353831735,0.6125405275376964,F2,luminal-like & PI3K-Akt signaling,"['CD24', 'KRT19', 'NRG3', 'ERBB3', 'TSPAN1', 'FGFR4']"
1142,nakiterpiosin,-0.40698760481825025,0.09369593789573247,F2,luminal-like & PI3K-Akt signaling,"['CD24', 'KRT19', 'NRG3', 'ERBB3', 'TSPAN1', 'FGFR4']"
1143,CCT036477,-0.6225509772773876,0.005792107935541925,F2,luminal-like & PI3K-Akt signaling,"['CD24', 'KRT19', 'NRG3', 'ERBB3', 'TSPAN1', 'FGFR4']"
1144,R406,0.10914426403741534,0.6874127741791367,F2,luminal-like & PI3K-Akt signaling,"['CD24', 'KRT19', 'NRG3', 'ERBB3', 'TSPAN1', 'FGFR4']"
1145,YM-155,-0.3914823463780597,0.149015174426739,F2,luminal-like & PI3K-Akt signaling,"['CD24', 'KRT19', 'NRG3', 'ERBB3', 'TSPAN1', 'FGFR4']"
1146,BMS-754807,0.1672554005099237,0.5211142636671365,F2,luminal-like & PI3K-Akt signaling,"['CD24', 'KRT19', 'NRG3', 'ERBB3', 'TSPAN1', 'FGFR4']"
1147,BIBR-1532,-0.6749217444573627,0.0021195813941661413,F2,luminal-like & PI3K-Akt signaling,"['CD24', 'KRT19', 'NRG3', 'ERBB3', 'TSPAN1', 'FGFR4']"
1148,tosedostat,0.024561432847272958,0.9254514806997594,F2,luminal-like & PI3K-Akt signaling,"['CD24', 'KRT19', 'NRG3', 'ERBB3', 'TSPAN1', 'FGFR4']"
1149,neratinib,-0.015118951587071595,0.952520222652597,F2,luminal-like & PI3K-Akt signaling,"['CD24', 'KRT19', 'NRG3', 'ERBB3', 'TSPAN1', 'FGFR4']"
1150,ICG-001,-0.2636299228979707,0.29049577914997027,F2,luminal-like & PI3K-Akt signaling,"['CD24', 'KRT19', 'NRG3', 'ERBB3', 'TSPAN1', 'FGFR4']"
1151,BRD8958,-0.2918452736170028,0.2912186283062825,F2,luminal-like & PI3K-Akt signaling,"['CD24', 'KRT19', 'NRG3', 'ERBB3', 'TSPAN1', 'FGFR4']"
1152,serdemetan,0.11840428847584943,0.6508326605125789,F2,luminal-like & PI3K-Akt signaling,"['CD24', 'KRT19', 'NRG3', 'ERBB3', 'TSPAN1', 'FGFR4']"
1153,FK-866,-0.2211966370412848,0.4282102863540325,F2,luminal-like & PI3K-Akt signaling,"['CD24', 'KRT19', 'NRG3', 'ERBB3', 'TSPAN1', 'FGFR4']"
1154,MK-1775,0.33188140249856996,0.1931170355260373,F2,luminal-like & PI3K-Akt signaling,"['CD24', 'KRT19', 'NRG3', 'ERBB3', 'TSPAN1', 'FGFR4']"
1155,tivozanib,0.03511521632709021,0.8899815863047054,F2,luminal-like & PI3K-Akt signaling,"['CD24', 'KRT19', 'NRG3', 'ERBB3', 'TSPAN1', 'FGFR4']"
1156,Ko143,-0.15012149485426834,0.5521292392327075,F2,luminal-like & PI3K-Akt signaling,"['CD24', 'KRT19', 'NRG3', 'ERBB3', 'TSPAN1', 'FGFR4']"
1157,CR-1-31B,0.009493107926247033,0.970178073192687,F2,luminal-like & PI3K-Akt signaling,"['CD24', 'KRT19', 'NRG3', 'ERBB3', 'TSPAN1', 'FGFR4']"
1158,BRD-K26531177,-0.481863205617882,0.06893389276809006,F2,luminal-like & PI3K-Akt signaling,"['CD24', 'KRT19', 'NRG3', 'ERBB3', 'TSPAN1', 'FGFR4']"
1159,BRD-K71781559,-0.4137016674562874,0.11118139676090977,F2,luminal-like & PI3K-Akt signaling,"['CD24', 'KRT19', 'NRG3', 'ERBB3', 'TSPAN1', 'FGFR4']"
1160,BRD-K04800985,-0.5034963013038997,0.03935581922995735,F2,luminal-like & PI3K-Akt signaling,"['CD24', 'KRT19', 'NRG3', 'ERBB3', 'TSPAN1', 'FGFR4']"
1161,BRD-K19103580,0.22093317464827425,0.39413146293706064,F2,luminal-like & PI3K-Akt signaling,"['CD24', 'KRT19', 'NRG3', 'ERBB3', 'TSPAN1', 'FGFR4']"
1162,BRD-K64610608,-0.6711290343306568,0.003182927417852246,F2,luminal-like & PI3K-Akt signaling,"['CD24', 'KRT19', 'NRG3', 'ERBB3', 'TSPAN1', 'FGFR4']"
1163,BRD-K02251932,-0.7576614561189335,0.0006741327320198413,F2,luminal-like & PI3K-Akt signaling,"['CD24', 'KRT19', 'NRG3', 'ERBB3', 'TSPAN1', 'FGFR4']"
1164,BRD-K55116708,-0.3068034159674022,0.24775890053498,F2,luminal-like & PI3K-Akt signaling,"['CD24', 'KRT19', 'NRG3', 'ERBB3', 'TSPAN1', 'FGFR4']"
1165,NSC23766,0.44405229107799793,0.07415828408272424,F2,luminal-like & PI3K-Akt signaling,"['CD24', 'KRT19', 'NRG3', 'ERBB3', 'TSPAN1', 'FGFR4']"
1166,pyrazolanthrone,-0.35614977867907055,0.1605855274171189,F2,luminal-like & PI3K-Akt signaling,"['CD24', 'KRT19', 'NRG3', 'ERBB3', 'TSPAN1', 'FGFR4']"
1167,C6-ceramide,0.2811129055772363,0.25847023642342964,F2,luminal-like & PI3K-Akt signaling,"['CD24', 'KRT19', 'NRG3', 'ERBB3', 'TSPAN1', 'FGFR4']"
1168,topotecan,-0.07145749327710363,0.7781247898685011,F2,luminal-like & PI3K-Akt signaling,"['CD24', 'KRT19', 'NRG3', 'ERBB3', 'TSPAN1', 'FGFR4']"
1169,BRD-K16147474,-0.03822639068490066,0.8882235362032669,F2,luminal-like & PI3K-Akt signaling,"['CD24', 'KRT19', 'NRG3', 'ERBB3', 'TSPAN1', 'FGFR4']"
1170,BRD-K33199242,-0.38393654252736664,0.14206778958418842,F2,luminal-like & PI3K-Akt signaling,"['CD24', 'KRT19', 'NRG3', 'ERBB3', 'TSPAN1', 'FGFR4']"
1171,BRD-K52037352,0.4416854914068924,0.113844028641203,F2,luminal-like & PI3K-Akt signaling,"['CD24', 'KRT19', 'NRG3', 'ERBB3', 'TSPAN1', 'FGFR4']"
1172,N9-isopropylolomoucine,0.08912601398293168,0.7337335370216229,F2,luminal-like & PI3K-Akt signaling,"['CD24', 'KRT19', 'NRG3', 'ERBB3', 'TSPAN1', 'FGFR4']"
1173,BRD-K37390332,0.15781814817043116,0.5452135481900711,F2,luminal-like & PI3K-Akt signaling,"['CD24', 'KRT19', 'NRG3', 'ERBB3', 'TSPAN1', 'FGFR4']"
1174,tandutinib,-0.3001373788225147,0.2587077318535622,F2,luminal-like & PI3K-Akt signaling,"['CD24', 'KRT19', 'NRG3', 'ERBB3', 'TSPAN1', 'FGFR4']"
1175,importazole,-0.3155924868507205,0.2020521565607254,F2,luminal-like & PI3K-Akt signaling,"['CD24', 'KRT19', 'NRG3', 'ERBB3', 'TSPAN1', 'FGFR4']"
1176,isonicotinohydroxamic acid,-0.10910030875728949,0.77993546914836,F2,luminal-like & PI3K-Akt signaling,"['CD24', 'KRT19', 'NRG3', 'ERBB3', 'TSPAN1', 'FGFR4']"
1177,HLI 373,-0.0006904735564756904,0.9978304724642579,F2,luminal-like & PI3K-Akt signaling,"['CD24', 'KRT19', 'NRG3', 'ERBB3', 'TSPAN1', 'FGFR4']"
1178,etoposide,0.12273847623666927,0.6388565020248741,F2,luminal-like & PI3K-Akt signaling,"['CD24', 'KRT19', 'NRG3', 'ERBB3', 'TSPAN1', 'FGFR4']"
1179,PRIMA1,-0.088925486214812,0.752645499237542,F2,luminal-like & PI3K-Akt signaling,"['CD24', 'KRT19', 'NRG3', 'ERBB3', 'TSPAN1', 'FGFR4']"
1180,tanespimycin,-0.3600469834068238,0.142202885196611,F2,luminal-like & PI3K-Akt signaling,"['CD24', 'KRT19', 'NRG3', 'ERBB3', 'TSPAN1', 'FGFR4']"
1181,cytochalasin-B,0.14000432769351312,0.5795198938213193,F2,luminal-like & PI3K-Akt signaling,"['CD24', 'KRT19', 'NRG3', 'ERBB3', 'TSPAN1', 'FGFR4']"
1182,NSC-95397,0.016597946601773852,0.95318304747574,F2,luminal-like & PI3K-Akt signaling,"['CD24', 'KRT19', 'NRG3', 'ERBB3', 'TSPAN1', 'FGFR4']"
1183,manumycin A,0.040555092769142445,0.8771848351720894,F2,luminal-like & PI3K-Akt signaling,"['CD24', 'KRT19', 'NRG3', 'ERBB3', 'TSPAN1', 'FGFR4']"
1184,mitomycin-C,0.2380234758503162,0.37469175491441625,F2,luminal-like & PI3K-Akt signaling,"['CD24', 'KRT19', 'NRG3', 'ERBB3', 'TSPAN1', 'FGFR4']"
1185,tacrolimus,0.06225723535927491,0.8325513768362982,F2,luminal-like & PI3K-Akt signaling,"['CD24', 'KRT19', 'NRG3', 'ERBB3', 'TSPAN1', 'FGFR4']"
1186,pifithrin-alpha,-0.06363122367252262,0.8148959479332237,F2,luminal-like & PI3K-Akt signaling,"['CD24', 'KRT19', 'NRG3', 'ERBB3', 'TSPAN1', 'FGFR4']"
1187,SB-431542,-0.5033768945226428,0.03320551426786802,F2,luminal-like & PI3K-Akt signaling,"['CD24', 'KRT19', 'NRG3', 'ERBB3', 'TSPAN1', 'FGFR4']"
1188,SB-225002,-0.0896936743096158,0.723388843985002,F2,luminal-like & PI3K-Akt signaling,"['CD24', 'KRT19', 'NRG3', 'ERBB3', 'TSPAN1', 'FGFR4']"
1189,PD-153035,0.12095842103257234,0.7392408840462961,F2,luminal-like & PI3K-Akt signaling,"['CD24', 'KRT19', 'NRG3', 'ERBB3', 'TSPAN1', 'FGFR4']"
1190,cerulenin,-0.10754362878353511,0.671020051926684,F2,luminal-like & PI3K-Akt signaling,"['CD24', 'KRT19', 'NRG3', 'ERBB3', 'TSPAN1', 'FGFR4']"
1191,purmorphamine,-0.4336485802496434,0.12135774284028569,F2,luminal-like & PI3K-Akt signaling,"['CD24', 'KRT19', 'NRG3', 'ERBB3', 'TSPAN1', 'FGFR4']"
1192,GSK-3-inhibitor-IX,0.06441859507842307,0.8059702029452817,F2,luminal-like & PI3K-Akt signaling,"['CD24', 'KRT19', 'NRG3', 'ERBB3', 'TSPAN1', 'FGFR4']"
1193,dasatinib,0.36356780162754626,0.13805967166807112,F2,luminal-like & PI3K-Akt signaling,"['CD24', 'KRT19', 'NRG3', 'ERBB3', 'TSPAN1', 'FGFR4']"
1194,gefitinib,0.09584885458815978,0.724006161212886,F2,luminal-like & PI3K-Akt signaling,"['CD24', 'KRT19', 'NRG3', 'ERBB3', 'TSPAN1', 'FGFR4']"
1195,erlotinib,0.06267225499797079,0.8176416073030904,F2,luminal-like & PI3K-Akt signaling,"['CD24', 'KRT19', 'NRG3', 'ERBB3', 'TSPAN1', 'FGFR4']"
1196,BRD-K94991378,-0.3609948870886757,0.18618673598919336,F2,luminal-like & PI3K-Akt signaling,"['CD24', 'KRT19', 'NRG3', 'ERBB3', 'TSPAN1', 'FGFR4']"
1197,BIX-01294,-0.04331446581327306,0.8688941026520014,F2,luminal-like & PI3K-Akt signaling,"['CD24', 'KRT19', 'NRG3', 'ERBB3', 'TSPAN1', 'FGFR4']"
1198,tacedinaline,-0.026513580386092393,0.9348128538476059,F2,luminal-like & PI3K-Akt signaling,"['CD24', 'KRT19', 'NRG3', 'ERBB3', 'TSPAN1', 'FGFR4']"
1199,panobinostat,-0.5780925031308629,0.01197345542484074,F2,luminal-like & PI3K-Akt signaling,"['CD24', 'KRT19', 'NRG3', 'ERBB3', 'TSPAN1', 'FGFR4']"
1200,IC-87114,0.04149016492541703,0.8743739497310442,F2,luminal-like & PI3K-Akt signaling,"['CD24', 'KRT19', 'NRG3', 'ERBB3', 'TSPAN1', 'FGFR4']"
1201,ciclosporin,0.07689314700046573,0.7771448601809925,F2,luminal-like & PI3K-Akt signaling,"['CD24', 'KRT19', 'NRG3', 'ERBB3', 'TSPAN1', 'FGFR4']"
1202,vorinostat,-0.5367280343142993,0.026324143009872604,F2,luminal-like & PI3K-Akt signaling,"['CD24', 'KRT19', 'NRG3', 'ERBB3', 'TSPAN1', 'FGFR4']"
1203,sirolimus,-0.2801878924637479,0.26010690471272874,F2,luminal-like & PI3K-Akt signaling,"['CD24', 'KRT19', 'NRG3', 'ERBB3', 'TSPAN1', 'FGFR4']"
1204,MIRA-1,0.26717708280729857,0.42705689349832565,F2,luminal-like & PI3K-Akt signaling,"['CD24', 'KRT19', 'NRG3', 'ERBB3', 'TSPAN1', 'FGFR4']"
1205,KU-55933,-0.09497451346186268,0.7264333647000019,F2,luminal-like & PI3K-Akt signaling,"['CD24', 'KRT19', 'NRG3', 'ERBB3', 'TSPAN1', 'FGFR4']"
1206,AM-580,-0.22052864241500653,0.3950200580994787,F2,luminal-like & PI3K-Akt signaling,"['CD24', 'KRT19', 'NRG3', 'ERBB3', 'TSPAN1', 'FGFR4']"
1207,PDMP,-0.24595296943147751,0.37690213834921804,F2,luminal-like & PI3K-Akt signaling,"['CD24', 'KRT19', 'NRG3', 'ERBB3', 'TSPAN1', 'FGFR4']"
1208,BRD-K71935468,-0.435129759486224,0.0808743693777864,F2,luminal-like & PI3K-Akt signaling,"['CD24', 'KRT19', 'NRG3', 'ERBB3', 'TSPAN1', 'FGFR4']"
1209,NSC48300,0.09866857209799279,0.6968950699656034,F2,luminal-like & PI3K-Akt signaling,"['CD24', 'KRT19', 'NRG3', 'ERBB3', 'TSPAN1', 'FGFR4']"
1210,PRIMA-1-Met,0.4273994595898655,0.25119636861054323,F2,luminal-like & PI3K-Akt signaling,"['CD24', 'KRT19', 'NRG3', 'ERBB3', 'TSPAN1', 'FGFR4']"
1211,evodiamine,0.10662308741667265,0.6837898082570101,F2,luminal-like & PI3K-Akt signaling,"['CD24', 'KRT19', 'NRG3', 'ERBB3', 'TSPAN1', 'FGFR4']"
1212,UNC0638,-0.14541552470276467,0.6198820023211011,F2,luminal-like & PI3K-Akt signaling,"['CD24', 'KRT19', 'NRG3', 'ERBB3', 'TSPAN1', 'FGFR4']"
1213,cucurbitacin I,0.0925211913492053,0.7332568509296657,F2,luminal-like & PI3K-Akt signaling,"['CD24', 'KRT19', 'NRG3', 'ERBB3', 'TSPAN1', 'FGFR4']"
1214,BRD-K50799972,0.15612647782497088,0.5495851364274663,F2,luminal-like & PI3K-Akt signaling,"['CD24', 'KRT19', 'NRG3', 'ERBB3', 'TSPAN1', 'FGFR4']"
1215,BRD-K17060750,0.3385604415051688,0.16936041851131595,F2,luminal-like & PI3K-Akt signaling,"['CD24', 'KRT19', 'NRG3', 'ERBB3', 'TSPAN1', 'FGFR4']"
1216,barasertib,0.07401518672134526,0.7777023931096646,F2,luminal-like & PI3K-Akt signaling,"['CD24', 'KRT19', 'NRG3', 'ERBB3', 'TSPAN1', 'FGFR4']"
1217,entinostat,-0.3382937615637994,0.16971803370034264,F2,luminal-like & PI3K-Akt signaling,"['CD24', 'KRT19', 'NRG3', 'ERBB3', 'TSPAN1', 'FGFR4']"
1218,belinostat,-0.4546647575580365,0.2188542369161933,F2,luminal-like & PI3K-Akt signaling,"['CD24', 'KRT19', 'NRG3', 'ERBB3', 'TSPAN1', 'FGFR4']"
1219,linifanib,-0.09408731337969405,0.710379371207726,F2,luminal-like & PI3K-Akt signaling,"['CD24', 'KRT19', 'NRG3', 'ERBB3', 'TSPAN1', 'FGFR4']"
1220,veliparib,-0.06497319871231247,0.7978441036406838,F2,luminal-like & PI3K-Akt signaling,"['CD24', 'KRT19', 'NRG3', 'ERBB3', 'TSPAN1', 'FGFR4']"
1221,saracatinib,0.2881161392354919,0.2621015162790902,F2,luminal-like & PI3K-Akt signaling,"['CD24', 'KRT19', 'NRG3', 'ERBB3', 'TSPAN1', 'FGFR4']"
1222,afatinib,0.3145863768568977,0.23534581253311856,F2,luminal-like & PI3K-Akt signaling,"['CD24', 'KRT19', 'NRG3', 'ERBB3', 'TSPAN1', 'FGFR4']"
1223,cediranib,0.21880494673275916,0.5716569097837446,F2,luminal-like & PI3K-Akt signaling,"['CD24', 'KRT19', 'NRG3', 'ERBB3', 'TSPAN1', 'FGFR4']"
1224,canertinib,-0.006839790734334244,0.9785111087801523,F2,luminal-like & PI3K-Akt signaling,"['CD24', 'KRT19', 'NRG3', 'ERBB3', 'TSPAN1', 'FGFR4']"
1225,obatoclax,-0.2320262902470296,0.37018990364360455,F2,luminal-like & PI3K-Akt signaling,"['CD24', 'KRT19', 'NRG3', 'ERBB3', 'TSPAN1', 'FGFR4']"
1226,masitinib,-0.16757445191124445,0.5203082107959393,F2,luminal-like & PI3K-Akt signaling,"['CD24', 'KRT19', 'NRG3', 'ERBB3', 'TSPAN1', 'FGFR4']"
1227,ZSTK-474,-0.15827681808254737,0.5304776575329359,F2,luminal-like & PI3K-Akt signaling,"['CD24', 'KRT19', 'NRG3', 'ERBB3', 'TSPAN1', 'FGFR4']"
1228,brivanib,-0.12228889793171342,0.6641649924682514,F2,luminal-like & PI3K-Akt signaling,"['CD24', 'KRT19', 'NRG3', 'ERBB3', 'TSPAN1', 'FGFR4']"
1229,GDC-0879,-0.23616720226960083,0.34543526670909985,F2,luminal-like & PI3K-Akt signaling,"['CD24', 'KRT19', 'NRG3', 'ERBB3', 'TSPAN1', 'FGFR4']"
1230,NVP-TAE684,-0.15628831044174601,0.5357208388377924,F2,luminal-like & PI3K-Akt signaling,"['CD24', 'KRT19', 'NRG3', 'ERBB3', 'TSPAN1', 'FGFR4']"
1231,BMS-387032,0.14544787751110444,0.6050084714391469,F2,luminal-like & PI3K-Akt signaling,"['CD24', 'KRT19', 'NRG3', 'ERBB3', 'TSPAN1', 'FGFR4']"
1232,PLX4720,-0.11112468774944494,0.6606765514391854,F2,luminal-like & PI3K-Akt signaling,"['CD24', 'KRT19', 'NRG3', 'ERBB3', 'TSPAN1', 'FGFR4']"
1233,TGX-221,0.35929456139195903,0.15666075000604074,F2,luminal-like & PI3K-Akt signaling,"['CD24', 'KRT19', 'NRG3', 'ERBB3', 'TSPAN1', 'FGFR4']"
1234,KU-0063794,-0.4135135288662611,0.08805143307819317,F2,luminal-like & PI3K-Akt signaling,"['CD24', 'KRT19', 'NRG3', 'ERBB3', 'TSPAN1', 'FGFR4']"
1235,TG100-115,-0.022673739714081157,0.9288424540767315,F2,luminal-like & PI3K-Akt signaling,"['CD24', 'KRT19', 'NRG3', 'ERBB3', 'TSPAN1', 'FGFR4']"
1236,GSK1059615,-0.06288451995559069,0.8460581913061438,F2,luminal-like & PI3K-Akt signaling,"['CD24', 'KRT19', 'NRG3', 'ERBB3', 'TSPAN1', 'FGFR4']"
1237,SU11274,-0.48934099217734495,0.0392973869604033,F2,luminal-like & PI3K-Akt signaling,"['CD24', 'KRT19', 'NRG3', 'ERBB3', 'TSPAN1', 'FGFR4']"
1238,PCI-34051,0.708764824395167,0.00211429502188365,F2,luminal-like & PI3K-Akt signaling,"['CD24', 'KRT19', 'NRG3', 'ERBB3', 'TSPAN1', 'FGFR4']"
1239,LRRK2-IN-1,-0.39622854143243363,0.20227143492554583,F2,luminal-like & PI3K-Akt signaling,"['CD24', 'KRT19', 'NRG3', 'ERBB3', 'TSPAN1', 'FGFR4']"
1240,BRD8899,0.5935875104100817,0.009403705912616238,F2,luminal-like & PI3K-Akt signaling,"['CD24', 'KRT19', 'NRG3', 'ERBB3', 'TSPAN1', 'FGFR4']"
1241,EX-527,-0.3358255332669567,0.22104893234720197,F2,luminal-like & PI3K-Akt signaling,"['CD24', 'KRT19', 'NRG3', 'ERBB3', 'TSPAN1', 'FGFR4']"
1242,ELCPK,-0.10452817239072532,0.8054326089355721,F2,luminal-like & PI3K-Akt signaling,"['CD24', 'KRT19', 'NRG3', 'ERBB3', 'TSPAN1', 'FGFR4']"
1243,NPC-26,-0.4302463149065051,0.12463749915627388,F2,luminal-like & PI3K-Akt signaling,"['CD24', 'KRT19', 'NRG3', 'ERBB3', 'TSPAN1', 'FGFR4']"
1244,"1S,3R-RSL-3",0.12238887087115402,0.6285278459776695,F2,luminal-like & PI3K-Akt signaling,"['CD24', 'KRT19', 'NRG3', 'ERBB3', 'TSPAN1', 'FGFR4']"
1245,CIL55A,-0.4224656107769659,0.2573057576060451,F2,luminal-like & PI3K-Akt signaling,"['CD24', 'KRT19', 'NRG3', 'ERBB3', 'TSPAN1', 'FGFR4']"
1246,SCH-529074,-0.1396115528274441,0.6197206883910497,F2,luminal-like & PI3K-Akt signaling,"['CD24', 'KRT19', 'NRG3', 'ERBB3', 'TSPAN1', 'FGFR4']"
1247,stemregenin-1,-0.007312900281396362,0.9785563565538513,F2,luminal-like & PI3K-Akt signaling,"['CD24', 'KRT19', 'NRG3', 'ERBB3', 'TSPAN1', 'FGFR4']"
1248,FQI-2,-0.17216367741157956,0.5087780913475707,F2,luminal-like & PI3K-Akt signaling,"['CD24', 'KRT19', 'NRG3', 'ERBB3', 'TSPAN1', 'FGFR4']"
1249,ML210,0.05940840002413761,0.814860975144091,F2,luminal-like & PI3K-Akt signaling,"['CD24', 'KRT19', 'NRG3', 'ERBB3', 'TSPAN1', 'FGFR4']"
1250,darinaparsin,0.19155581381976555,0.6215021258243941,F2,luminal-like & PI3K-Akt signaling,"['CD24', 'KRT19', 'NRG3', 'ERBB3', 'TSPAN1', 'FGFR4']"
1251,PX-12,-0.2050505849775173,0.46349340787084875,F2,luminal-like & PI3K-Akt signaling,"['CD24', 'KRT19', 'NRG3', 'ERBB3', 'TSPAN1', 'FGFR4']"
1252,GANT-61,-0.08651765374948958,0.7412716434596544,F2,luminal-like & PI3K-Akt signaling,"['CD24', 'KRT19', 'NRG3', 'ERBB3', 'TSPAN1', 'FGFR4']"
1253,PL-DI,0.02964191308175018,0.9100848969320787,F2,luminal-like & PI3K-Akt signaling,"['CD24', 'KRT19', 'NRG3', 'ERBB3', 'TSPAN1', 'FGFR4']"
1254,TW-37,-0.2889755818419163,0.2776960947421723,F2,luminal-like & PI3K-Akt signaling,"['CD24', 'KRT19', 'NRG3', 'ERBB3', 'TSPAN1', 'FGFR4']"
1255,AZD8055,-0.04858972106480698,0.8481642298118408,F2,luminal-like & PI3K-Akt signaling,"['CD24', 'KRT19', 'NRG3', 'ERBB3', 'TSPAN1', 'FGFR4']"
1256,CHM-1,-0.1814043387353645,0.485932043803151,F2,luminal-like & PI3K-Akt signaling,"['CD24', 'KRT19', 'NRG3', 'ERBB3', 'TSPAN1', 'FGFR4']"
1257,ML239,0.22632401933009505,0.366486227868239,F2,luminal-like & PI3K-Akt signaling,"['CD24', 'KRT19', 'NRG3', 'ERBB3', 'TSPAN1', 'FGFR4']"
1258,apicidin,-0.26385700563250464,0.29006503507531284,F2,luminal-like & PI3K-Akt signaling,"['CD24', 'KRT19', 'NRG3', 'ERBB3', 'TSPAN1', 'FGFR4']"
1259,salermide,-0.3861608984109976,0.24077453682363684,F2,luminal-like & PI3K-Akt signaling,"['CD24', 'KRT19', 'NRG3', 'ERBB3', 'TSPAN1', 'FGFR4']"
1260,fumonisin B1,0.15796520634087327,0.5312977402804235,F2,luminal-like & PI3K-Akt signaling,"['CD24', 'KRT19', 'NRG3', 'ERBB3', 'TSPAN1', 'FGFR4']"
1261,JQ1-(+),-0.3114932881248264,0.2235812845218592,F2,luminal-like & PI3K-Akt signaling,"['CD24', 'KRT19', 'NRG3', 'ERBB3', 'TSPAN1', 'FGFR4']"
1262,BRD-K51490254,0.3827893922063582,0.143363984876419,F2,luminal-like & PI3K-Akt signaling,"['CD24', 'KRT19', 'NRG3', 'ERBB3', 'TSPAN1', 'FGFR4']"
1263,BRD-K85133207,0.1443509893498444,0.5676816342918647,F2,luminal-like & PI3K-Akt signaling,"['CD24', 'KRT19', 'NRG3', 'ERBB3', 'TSPAN1', 'FGFR4']"
1264,Merck60,-0.23274979150289773,0.368657151709077,F2,luminal-like & PI3K-Akt signaling,"['CD24', 'KRT19', 'NRG3', 'ERBB3', 'TSPAN1', 'FGFR4']"
1265,BRD-A94377914,-0.10239279447921476,0.7932209804453564,F2,luminal-like & PI3K-Akt signaling,"['CD24', 'KRT19', 'NRG3', 'ERBB3', 'TSPAN1', 'FGFR4']"
1266,compound 1B,-0.009091582863257308,0.9714389385236866,F2,luminal-like & PI3K-Akt signaling,"['CD24', 'KRT19', 'NRG3', 'ERBB3', 'TSPAN1', 'FGFR4']"
1267,BMS-345541,-0.20722286963592246,0.42484623124982007,F2,luminal-like & PI3K-Akt signaling,"['CD24', 'KRT19', 'NRG3', 'ERBB3', 'TSPAN1', 'FGFR4']"
1268,CAY10576,0.17545418021548267,0.548528149703242,F2,luminal-like & PI3K-Akt signaling,"['CD24', 'KRT19', 'NRG3', 'ERBB3', 'TSPAN1', 'FGFR4']"
1269,vincristine,-0.14755026063153226,0.5719822216295712,F2,luminal-like & PI3K-Akt signaling,"['CD24', 'KRT19', 'NRG3', 'ERBB3', 'TSPAN1', 'FGFR4']"
1270,cytarabine,-0.02983906101723452,0.9126490751890016,F2,luminal-like & PI3K-Akt signaling,"['CD24', 'KRT19', 'NRG3', 'ERBB3', 'TSPAN1', 'FGFR4']"
1271,Repligen 136,-0.013828402590676404,0.9565692970294948,F2,luminal-like & PI3K-Akt signaling,"['CD24', 'KRT19', 'NRG3', 'ERBB3', 'TSPAN1', 'FGFR4']"
1272,nintedanib,-0.32695798283555505,0.20020882244129687,F2,luminal-like & PI3K-Akt signaling,"['CD24', 'KRT19', 'NRG3', 'ERBB3', 'TSPAN1', 'FGFR4']"
1273,crizotinib,0.0014304974656521173,0.9955052699029172,F2,luminal-like & PI3K-Akt signaling,"['CD24', 'KRT19', 'NRG3', 'ERBB3', 'TSPAN1', 'FGFR4']"
1274,foretinib,0.10350525108030545,0.6827522586892362,F2,luminal-like & PI3K-Akt signaling,"['CD24', 'KRT19', 'NRG3', 'ERBB3', 'TSPAN1', 'FGFR4']"
1275,regorafenib,-0.4336795722790099,0.08200633073417009,F2,luminal-like & PI3K-Akt signaling,"['CD24', 'KRT19', 'NRG3', 'ERBB3', 'TSPAN1', 'FGFR4']"
1276,WZ8040,0.1542791646358895,0.5984639973335484,F2,luminal-like & PI3K-Akt signaling,"['CD24', 'KRT19', 'NRG3', 'ERBB3', 'TSPAN1', 'FGFR4']"
1277,OSI-930,-0.7991797481500158,0.0006049612755449105,F2,luminal-like & PI3K-Akt signaling,"['CD24', 'KRT19', 'NRG3', 'ERBB3', 'TSPAN1', 'FGFR4']"
1278,MGCD-265,0.12096684283585636,0.6676022946690416,F2,luminal-like & PI3K-Akt signaling,"['CD24', 'KRT19', 'NRG3', 'ERBB3', 'TSPAN1', 'FGFR4']"
1279,lenvatinib,-0.08354907491236681,0.7417038482691152,F2,luminal-like & PI3K-Akt signaling,"['CD24', 'KRT19', 'NRG3', 'ERBB3', 'TSPAN1', 'FGFR4']"
1280,YK-4-279,0.20048824783778962,0.425054376854777,F2,luminal-like & PI3K-Akt signaling,"['CD24', 'KRT19', 'NRG3', 'ERBB3', 'TSPAN1', 'FGFR4']"
1281,GPP-78,-0.2566033190947561,0.3373832168508857,F2,luminal-like & PI3K-Akt signaling,"['CD24', 'KRT19', 'NRG3', 'ERBB3', 'TSPAN1', 'FGFR4']"
1282,KU 0060648,-0.3792637214048802,0.14739805661533928,F2,luminal-like & PI3K-Akt signaling,"['CD24', 'KRT19', 'NRG3', 'ERBB3', 'TSPAN1', 'FGFR4']"
1283,narciclasine,0.0007233486536583291,0.9978016341539515,F2,luminal-like & PI3K-Akt signaling,"['CD24', 'KRT19', 'NRG3', 'ERBB3', 'TSPAN1', 'FGFR4']"
1284,ixazomib,0.37124054915081944,0.1423468903951797,F2,luminal-like & PI3K-Akt signaling,"['CD24', 'KRT19', 'NRG3', 'ERBB3', 'TSPAN1', 'FGFR4']"
1285,ISOX,-0.5356956794839906,0.0324608242251193,F2,luminal-like & PI3K-Akt signaling,"['CD24', 'KRT19', 'NRG3', 'ERBB3', 'TSPAN1', 'FGFR4']"
1286,itraconazole,0.08831280882935917,0.7360812517195032,F2,luminal-like & PI3K-Akt signaling,"['CD24', 'KRT19', 'NRG3', 'ERBB3', 'TSPAN1', 'FGFR4']"
1287,lapatinib,0.050918319950739775,0.8409734322902003,F2,luminal-like & PI3K-Akt signaling,"['CD24', 'KRT19', 'NRG3', 'ERBB3', 'TSPAN1', 'FGFR4']"
1288,BRD-K29313308,-0.07109350573560025,0.7936015984852701,F2,luminal-like & PI3K-Akt signaling,"['CD24', 'KRT19', 'NRG3', 'ERBB3', 'TSPAN1', 'FGFR4']"
1289,UNC0321,-0.030807678084509346,0.9034135158438696,F2,luminal-like & PI3K-Akt signaling,"['CD24', 'KRT19', 'NRG3', 'ERBB3', 'TSPAN1', 'FGFR4']"
1290,erastin,0.09044144296711733,0.7390560272964488,F2,luminal-like & PI3K-Akt signaling,"['CD24', 'KRT19', 'NRG3', 'ERBB3', 'TSPAN1', 'FGFR4']"
1291,SGX523,0.47980905943513186,0.059996516229596494,F2,luminal-like & PI3K-Akt signaling,"['CD24', 'KRT19', 'NRG3', 'ERBB3', 'TSPAN1', 'FGFR4']"
1292,sonidegib,-0.7077001094860293,0.0010175453604453198,F2,luminal-like & PI3K-Akt signaling,"['CD24', 'KRT19', 'NRG3', 'ERBB3', 'TSPAN1', 'FGFR4']"
1293,alisertib,0.012716785224481048,0.9600577913454935,F2,luminal-like & PI3K-Akt signaling,"['CD24', 'KRT19', 'NRG3', 'ERBB3', 'TSPAN1', 'FGFR4']"
1294,AZD6482,-0.18357051081330011,0.4659143310221117,F2,luminal-like & PI3K-Akt signaling,"['CD24', 'KRT19', 'NRG3', 'ERBB3', 'TSPAN1', 'FGFR4']"
1295,ruxolitinib,-0.06525823688370289,0.796974734610326,F2,luminal-like & PI3K-Akt signaling,"['CD24', 'KRT19', 'NRG3', 'ERBB3', 'TSPAN1', 'FGFR4']"
1296,bleomycin,0.05565941744151727,0.831972075863482,F2,luminal-like & PI3K-Akt signaling,"['CD24', 'KRT19', 'NRG3', 'ERBB3', 'TSPAN1', 'FGFR4']"
1297,GDC-0941,-0.6275921128969713,0.0052982933239887064,F2,luminal-like & PI3K-Akt signaling,"['CD24', 'KRT19', 'NRG3', 'ERBB3', 'TSPAN1', 'FGFR4']"
1298,SB-525334,-0.32336441912301817,0.2054911589585194,F2,luminal-like & PI3K-Akt signaling,"['CD24', 'KRT19', 'NRG3', 'ERBB3', 'TSPAN1', 'FGFR4']"
1299,PHA-793887,0.13269708813353412,0.6241989683611784,F2,luminal-like & PI3K-Akt signaling,"['CD24', 'KRT19', 'NRG3', 'ERBB3', 'TSPAN1', 'FGFR4']"
1300,quizartinib,0.03390887408593564,0.8937405285423894,F2,luminal-like & PI3K-Akt signaling,"['CD24', 'KRT19', 'NRG3', 'ERBB3', 'TSPAN1', 'FGFR4']"
1301,fingolimod,-0.0012845520771353367,0.9960960616916563,F2,luminal-like & PI3K-Akt signaling,"['CD24', 'KRT19', 'NRG3', 'ERBB3', 'TSPAN1', 'FGFR4']"
1302,pazopanib,-0.1115956973962543,0.6807333787426637,F2,luminal-like & PI3K-Akt signaling,"['CD24', 'KRT19', 'NRG3', 'ERBB3', 'TSPAN1', 'FGFR4']"
1303,WZ-4002,0.4745504892347813,0.16580077709806695,F2,luminal-like & PI3K-Akt signaling,"['CD24', 'KRT19', 'NRG3', 'ERBB3', 'TSPAN1', 'FGFR4']"
1304,BRD-K24690302,-0.07880865656968496,0.7636785510786823,F2,luminal-like & PI3K-Akt signaling,"['CD24', 'KRT19', 'NRG3', 'ERBB3', 'TSPAN1', 'FGFR4']"
1305,BRD-K70511574,-0.19371186428075077,0.4722352570499972,F2,luminal-like & PI3K-Akt signaling,"['CD24', 'KRT19', 'NRG3', 'ERBB3', 'TSPAN1', 'FGFR4']"
1306,vemurafenib,0.0805345233111301,0.7586460525985275,F2,luminal-like & PI3K-Akt signaling,"['CD24', 'KRT19', 'NRG3', 'ERBB3', 'TSPAN1', 'FGFR4']"
1307,BRD-K48477130,-0.575350536783801,0.10503645281117005,F2,luminal-like & PI3K-Akt signaling,"['CD24', 'KRT19', 'NRG3', 'ERBB3', 'TSPAN1', 'FGFR4']"
1308,GSK461364,0.00748592006999009,0.9780491224178519,F2,luminal-like & PI3K-Akt signaling,"['CD24', 'KRT19', 'NRG3', 'ERBB3', 'TSPAN1', 'FGFR4']"
1309,YL54,-0.10584653777383403,0.7073368611415478,F2,luminal-like & PI3K-Akt signaling,"['CD24', 'KRT19', 'NRG3', 'ERBB3', 'TSPAN1', 'FGFR4']"
1310,BRD-K20514654,-0.25575727735188936,0.5065470637004773,F2,luminal-like & PI3K-Akt signaling,"['CD24', 'KRT19', 'NRG3', 'ERBB3', 'TSPAN1', 'FGFR4']"
1311,BRD-K55473186,-0.786052618969478,0.004122629653711239,F2,luminal-like & PI3K-Akt signaling,"['CD24', 'KRT19', 'NRG3', 'ERBB3', 'TSPAN1', 'FGFR4']"
1312,BRD-K28456706,0.0007248904508566772,0.9978741760388603,F2,luminal-like & PI3K-Akt signaling,"['CD24', 'KRT19', 'NRG3', 'ERBB3', 'TSPAN1', 'FGFR4']"
1313,STF-31,-0.26861520004587325,0.29718645990238585,F2,luminal-like & PI3K-Akt signaling,"['CD24', 'KRT19', 'NRG3', 'ERBB3', 'TSPAN1', 'FGFR4']"
1314,ML334 diastereomer,-0.1897891103183442,0.5762047478387295,F2,luminal-like & PI3K-Akt signaling,"['CD24', 'KRT19', 'NRG3', 'ERBB3', 'TSPAN1', 'FGFR4']"
1315,spautin-1,-0.5165994330899357,0.028159054441005072,F2,luminal-like & PI3K-Akt signaling,"['CD24', 'KRT19', 'NRG3', 'ERBB3', 'TSPAN1', 'FGFR4']"
1316,VAF-347,-0.13867609627361183,0.667327446130297,F2,luminal-like & PI3K-Akt signaling,"['CD24', 'KRT19', 'NRG3', 'ERBB3', 'TSPAN1', 'FGFR4']"
1317,BRD-A02303741,-0.03356290849057674,0.9017942136676267,F2,luminal-like & PI3K-Akt signaling,"['CD24', 'KRT19', 'NRG3', 'ERBB3', 'TSPAN1', 'FGFR4']"
1318,ML320,0.5652731356226359,0.03515689971521025,F2,luminal-like & PI3K-Akt signaling,"['CD24', 'KRT19', 'NRG3', 'ERBB3', 'TSPAN1', 'FGFR4']"
1319,tigecycline,-0.46761373543451945,0.20434373834986475,F2,luminal-like & PI3K-Akt signaling,"['CD24', 'KRT19', 'NRG3', 'ERBB3', 'TSPAN1', 'FGFR4']"
1320,PF-573228,-0.26331013101204354,0.30719444092263426,F2,luminal-like & PI3K-Akt signaling,"['CD24', 'KRT19', 'NRG3', 'ERBB3', 'TSPAN1', 'FGFR4']"
1321,ceranib-2,-0.14139308175670232,0.588297104255205,F2,luminal-like & PI3K-Akt signaling,"['CD24', 'KRT19', 'NRG3', 'ERBB3', 'TSPAN1', 'FGFR4']"
1322,GSK4112,-0.19317890063812176,0.45756094410507,F2,luminal-like & PI3K-Akt signaling,"['CD24', 'KRT19', 'NRG3', 'ERBB3', 'TSPAN1', 'FGFR4']"
1323,etomoxir,0.05056336234514122,0.8420687949162482,F2,luminal-like & PI3K-Akt signaling,"['CD24', 'KRT19', 'NRG3', 'ERBB3', 'TSPAN1', 'FGFR4']"
1324,HC-067047,0.7290616920649284,0.0020437529409740385,F2,luminal-like & PI3K-Akt signaling,"['CD24', 'KRT19', 'NRG3', 'ERBB3', 'TSPAN1', 'FGFR4']"
1325,IPR-456,0.028883421786133335,0.912377268127614,F2,luminal-like & PI3K-Akt signaling,"['CD24', 'KRT19', 'NRG3', 'ERBB3', 'TSPAN1', 'FGFR4']"
1326,KH-CB19,0.14435770181102725,0.6719495252045734,F2,luminal-like & PI3K-Akt signaling,"['CD24', 'KRT19', 'NRG3', 'ERBB3', 'TSPAN1', 'FGFR4']"
1327,leptomycin B,0.36379967078270814,0.13778979310827988,F2,luminal-like & PI3K-Akt signaling,"['CD24', 'KRT19', 'NRG3', 'ERBB3', 'TSPAN1', 'FGFR4']"
1328,AZ3146,-0.1522039713954382,0.6034522708502725,F2,luminal-like & PI3K-Akt signaling,"['CD24', 'KRT19', 'NRG3', 'ERBB3', 'TSPAN1', 'FGFR4']"
1329,VU0155056,-0.2152456056467369,0.4067239523252375,F2,luminal-like & PI3K-Akt signaling,"['CD24', 'KRT19', 'NRG3', 'ERBB3', 'TSPAN1', 'FGFR4']"
1330,JQ-1:UNC0638,-0.20373464959491833,0.432855227695605,F2,luminal-like & PI3K-Akt signaling,"['CD24', 'KRT19', 'NRG3', 'ERBB3', 'TSPAN1', 'FGFR4']"
1331,carboplatin:UNC0638,-0.0814428203762197,0.7642964871722313,F2,luminal-like & PI3K-Akt signaling,"['CD24', 'KRT19', 'NRG3', 'ERBB3', 'TSPAN1', 'FGFR4']"
1332,vorinostat:carboplatin,-0.45247462902833185,0.05937604578486634,F2,luminal-like & PI3K-Akt signaling,"['CD24', 'KRT19', 'NRG3', 'ERBB3', 'TSPAN1', 'FGFR4']"
1333,serdemetan:SCH-529074,0.027236733225400114,0.9202434649846307,F2,luminal-like & PI3K-Akt signaling,"['CD24', 'KRT19', 'NRG3', 'ERBB3', 'TSPAN1', 'FGFR4']"
1334,selumetinib:PLX-4032,0.18014372840250442,0.4890190796659446,F2,luminal-like & PI3K-Akt signaling,"['CD24', 'KRT19', 'NRG3', 'ERBB3', 'TSPAN1', 'FGFR4']"
1335,sirolimus:bortezomib,-0.24861083900243733,0.3198445460799634,F2,luminal-like & PI3K-Akt signaling,"['CD24', 'KRT19', 'NRG3', 'ERBB3', 'TSPAN1', 'FGFR4']"
1336,BRD-K97651142,-0.6445837439178391,0.003879387929648396,F2,luminal-like & PI3K-Akt signaling,"['CD24', 'KRT19', 'NRG3', 'ERBB3', 'TSPAN1', 'FGFR4']"
1337,vorapaxar,-0.14881611878535736,0.5686520963241942,F2,luminal-like & PI3K-Akt signaling,"['CD24', 'KRT19', 'NRG3', 'ERBB3', 'TSPAN1', 'FGFR4']"
1338,CH55,-0.11418251726948177,0.6625763842602114,F2,luminal-like & PI3K-Akt signaling,"['CD24', 'KRT19', 'NRG3', 'ERBB3', 'TSPAN1', 'FGFR4']"
1339,BRD-K79669418,-0.19340867505601775,0.6463007746062839,F2,luminal-like & PI3K-Akt signaling,"['CD24', 'KRT19', 'NRG3', 'ERBB3', 'TSPAN1', 'FGFR4']"
1340,BRD-K99584050,-0.4508921526028608,0.26217361438263553,F2,luminal-like & PI3K-Akt signaling,"['CD24', 'KRT19', 'NRG3', 'ERBB3', 'TSPAN1', 'FGFR4']"
1341,BRD-A71883111,-0.29480578755256215,0.2349973509222808,F2,luminal-like & PI3K-Akt signaling,"['CD24', 'KRT19', 'NRG3', 'ERBB3', 'TSPAN1', 'FGFR4']"
1342,navitoclax:birinapant,0.38631626851761725,0.1256013175283146,F2,luminal-like & PI3K-Akt signaling,"['CD24', 'KRT19', 'NRG3', 'ERBB3', 'TSPAN1', 'FGFR4']"
1343,ISOX:bortezomib,-0.46060925039854755,0.07257541387653471,F2,luminal-like & PI3K-Akt signaling,"['CD24', 'KRT19', 'NRG3', 'ERBB3', 'TSPAN1', 'FGFR4']"
1344,selumetinib:GDC-0941,-0.12128889415166995,0.6428527601466242,F2,luminal-like & PI3K-Akt signaling,"['CD24', 'KRT19', 'NRG3', 'ERBB3', 'TSPAN1', 'FGFR4']"
1345,selumetinib:tretinoin,0.13580564466574654,0.6032665033705058,F2,luminal-like & PI3K-Akt signaling,"['CD24', 'KRT19', 'NRG3', 'ERBB3', 'TSPAN1', 'FGFR4']"
1346,selumetinib:vorinostat,-0.06370322206546969,0.8080869877506911,F2,luminal-like & PI3K-Akt signaling,"['CD24', 'KRT19', 'NRG3', 'ERBB3', 'TSPAN1', 'FGFR4']"
1347,selumetinib:JQ-1,0.05896134650792462,0.822149373656837,F2,luminal-like & PI3K-Akt signaling,"['CD24', 'KRT19', 'NRG3', 'ERBB3', 'TSPAN1', 'FGFR4']"
1348,selumetinib:BRD-A02303741,0.12583567581968857,0.6188129146118153,F2,luminal-like & PI3K-Akt signaling,"['CD24', 'KRT19', 'NRG3', 'ERBB3', 'TSPAN1', 'FGFR4']"
1349,tretinoin:navitoclax,0.15332476093914185,0.556859130595937,F2,luminal-like & PI3K-Akt signaling,"['CD24', 'KRT19', 'NRG3', 'ERBB3', 'TSPAN1', 'FGFR4']"
1350,decitabine:navitoclax,0.2678289896223588,0.29865716808037346,F2,luminal-like & PI3K-Akt signaling,"['CD24', 'KRT19', 'NRG3', 'ERBB3', 'TSPAN1', 'FGFR4']"
1351,tretinoin:carboplatin,-0.006890472542917449,0.9783519145140975,F2,luminal-like & PI3K-Akt signaling,"['CD24', 'KRT19', 'NRG3', 'ERBB3', 'TSPAN1', 'FGFR4']"
1352,necrostatin-7,-0.191323505991758,0.4469498594395205,F2,luminal-like & PI3K-Akt signaling,"['CD24', 'KRT19', 'NRG3', 'ERBB3', 'TSPAN1', 'FGFR4']"
1353,PYR-41,0.17428560100193555,0.5034878150116247,F2,luminal-like & PI3K-Akt signaling,"['CD24', 'KRT19', 'NRG3', 'ERBB3', 'TSPAN1', 'FGFR4']"
1354,I-BET151,-0.44696760414633935,0.06293421412945953,F2,luminal-like & PI3K-Akt signaling,"['CD24', 'KRT19', 'NRG3', 'ERBB3', 'TSPAN1', 'FGFR4']"
1355,lomeguatrib,0.2160856779544141,0.40485060046134824,F2,luminal-like & PI3K-Akt signaling,"['CD24', 'KRT19', 'NRG3', 'ERBB3', 'TSPAN1', 'FGFR4']"
1356,PF-184,-0.05516279607490791,0.827897471436968,F2,luminal-like & PI3K-Akt signaling,"['CD24', 'KRT19', 'NRG3', 'ERBB3', 'TSPAN1', 'FGFR4']"
1357,tanespimycin:gemcitabine,-0.166976598103298,0.5078192492450891,F2,luminal-like & PI3K-Akt signaling,"['CD24', 'KRT19', 'NRG3', 'ERBB3', 'TSPAN1', 'FGFR4']"
1358,docetaxel:tanespimycin,-0.08474659942155663,0.7381237095312299,F2,luminal-like & PI3K-Akt signaling,"['CD24', 'KRT19', 'NRG3', 'ERBB3', 'TSPAN1', 'FGFR4']"
1359,selumetinib:MK-2206,-0.07909448484576798,0.7628444730692523,F2,luminal-like & PI3K-Akt signaling,"['CD24', 'KRT19', 'NRG3', 'ERBB3', 'TSPAN1', 'FGFR4']"
1360,navitoclax:PLX-4032,0.15698174462448358,0.5338897599437351,F2,luminal-like & PI3K-Akt signaling,"['CD24', 'KRT19', 'NRG3', 'ERBB3', 'TSPAN1', 'FGFR4']"
1361,selumetinib:piperlongumine,0.0146628594001858,0.9539510821939492,F2,luminal-like & PI3K-Akt signaling,"['CD24', 'KRT19', 'NRG3', 'ERBB3', 'TSPAN1', 'FGFR4']"
1362,tanespimycin:bortezomib,-0.4330153785450674,0.10690512864256048,F2,luminal-like & PI3K-Akt signaling,"['CD24', 'KRT19', 'NRG3', 'ERBB3', 'TSPAN1', 'FGFR4']"
1363,navitoclax:MST-312,0.09144743312412251,0.7181871210886219,F2,luminal-like & PI3K-Akt signaling,"['CD24', 'KRT19', 'NRG3', 'ERBB3', 'TSPAN1', 'FGFR4']"
1364,carboplatin:etoposide,0.20069324578816294,0.42457118761797946,F2,luminal-like & PI3K-Akt signaling,"['CD24', 'KRT19', 'NRG3', 'ERBB3', 'TSPAN1', 'FGFR4']"
1365,piperlongumine:MST-312,-0.12361094243287067,0.6737482012432808,F2,luminal-like & PI3K-Akt signaling,"['CD24', 'KRT19', 'NRG3', 'ERBB3', 'TSPAN1', 'FGFR4']"
1366,navitoclax:gemcitabine,0.01137197645940255,0.9642790078512248,F2,luminal-like & PI3K-Akt signaling,"['CD24', 'KRT19', 'NRG3', 'ERBB3', 'TSPAN1', 'FGFR4']"
1367,JW-480,0.10316789212266232,0.7144531018655509,F2,luminal-like & PI3K-Akt signaling,"['CD24', 'KRT19', 'NRG3', 'ERBB3', 'TSPAN1', 'FGFR4']"
1368,BMS-195614,0.08996451165934764,0.7313151370265194,F2,luminal-like & PI3K-Akt signaling,"['CD24', 'KRT19', 'NRG3', 'ERBB3', 'TSPAN1', 'FGFR4']"
1369,BAM7,-0.5550427908004871,0.02073694580583577,F2,luminal-like & PI3K-Akt signaling,"['CD24', 'KRT19', 'NRG3', 'ERBB3', 'TSPAN1', 'FGFR4']"
1370,BRD-K35604418,-0.11875378256727458,0.638836730082877,F2,luminal-like & PI3K-Akt signaling,"['CD24', 'KRT19', 'NRG3', 'ERBB3', 'TSPAN1', 'FGFR4']"
1371,SB-743921,-0.023078320676659356,0.9299422849951178,F2,luminal-like & PI3K-Akt signaling,"['CD24', 'KRT19', 'NRG3', 'ERBB3', 'TSPAN1', 'FGFR4']"
1372,I-BET-762,-0.3717029196306852,0.12880918225286647,F2,luminal-like & PI3K-Akt signaling,"['CD24', 'KRT19', 'NRG3', 'ERBB3', 'TSPAN1', 'FGFR4']"
1373,navitoclax:pluripotin,0.1538045872988976,0.5423026686471886,F2,luminal-like & PI3K-Akt signaling,"['CD24', 'KRT19', 'NRG3', 'ERBB3', 'TSPAN1', 'FGFR4']"
1374,JQ-1:carboplatin,-0.37398347875211463,0.15358259465807678,F2,luminal-like & PI3K-Akt signaling,"['CD24', 'KRT19', 'NRG3', 'ERBB3', 'TSPAN1', 'FGFR4']"
1375,selumetinib:navitoclax,0.1095889248154828,0.6754393009162774,F2,luminal-like & PI3K-Akt signaling,"['CD24', 'KRT19', 'NRG3', 'ERBB3', 'TSPAN1', 'FGFR4']"
1376,selumetinib:decitabine,0.28318956787464095,0.3064159834760903,F2,luminal-like & PI3K-Akt signaling,"['CD24', 'KRT19', 'NRG3', 'ERBB3', 'TSPAN1', 'FGFR4']"
1377,decitabine:carboplatin,0.14343106023779575,0.5828757100776977,F2,luminal-like & PI3K-Akt signaling,"['CD24', 'KRT19', 'NRG3', 'ERBB3', 'TSPAN1', 'FGFR4']"
1378,SNX-2112:bortezomib,-0.013314737747665492,0.9581811980915295,F2,luminal-like & PI3K-Akt signaling,"['CD24', 'KRT19', 'NRG3', 'ERBB3', 'TSPAN1', 'FGFR4']"
1379,JQ-1:navitoclax,-0.20280713754050192,0.4196055854155771,F2,luminal-like & PI3K-Akt signaling,"['CD24', 'KRT19', 'NRG3', 'ERBB3', 'TSPAN1', 'FGFR4']"
1380,JQ-1:MK-0752,-0.24378107602383575,0.34572832671727,F2,luminal-like & PI3K-Akt signaling,"['CD24', 'KRT19', 'NRG3', 'ERBB3', 'TSPAN1', 'FGFR4']"
1381,BRD-A02303741:navitoclax,0.12352704052519453,0.6609514813522877,F2,luminal-like & PI3K-Akt signaling,"['CD24', 'KRT19', 'NRG3', 'ERBB3', 'TSPAN1', 'FGFR4']"
1382,salermide:PLX-4032,-0.09248601118105287,0.7333548360231477,F2,luminal-like & PI3K-Akt signaling,"['CD24', 'KRT19', 'NRG3', 'ERBB3', 'TSPAN1', 'FGFR4']"
1383,UNC0638:navitoclax,-0.003211715005951151,0.9902393199339328,F2,luminal-like & PI3K-Akt signaling,"['CD24', 'KRT19', 'NRG3', 'ERBB3', 'TSPAN1', 'FGFR4']"
1384,BRD-A02303741:carboplatin,0.17115024789679878,0.49711457857571917,F2,luminal-like & PI3K-Akt signaling,"['CD24', 'KRT19', 'NRG3', 'ERBB3', 'TSPAN1', 'FGFR4']"
1385,doxorubicin:navitoclax,-0.03920780061681697,0.8853712269706726,F2,luminal-like & PI3K-Akt signaling,"['CD24', 'KRT19', 'NRG3', 'ERBB3', 'TSPAN1', 'FGFR4']"
1386,selumetinib:UNC0638,0.14045790542770276,0.6038713480500515,F2,luminal-like & PI3K-Akt signaling,"['CD24', 'KRT19', 'NRG3', 'ERBB3', 'TSPAN1', 'FGFR4']"
1387,alisertib:navitoclax,0.05717473601225016,0.8217140865880328,F2,luminal-like & PI3K-Akt signaling,"['CD24', 'KRT19', 'NRG3', 'ERBB3', 'TSPAN1', 'FGFR4']"
1388,navitoclax:sorafenib,-0.10749341813793058,0.6919230927844866,F2,luminal-like & PI3K-Akt signaling,"['CD24', 'KRT19', 'NRG3', 'ERBB3', 'TSPAN1', 'FGFR4']"
1389,navitoclax:piperlongumine,0.18423184884999985,0.4945862424565152,F2,luminal-like & PI3K-Akt signaling,"['CD24', 'KRT19', 'NRG3', 'ERBB3', 'TSPAN1', 'FGFR4']"
1390,SMER-3,-0.19838024369573237,0.4784725523845515,F2,luminal-like & PI3K-Akt signaling,"['CD24', 'KRT19', 'NRG3', 'ERBB3', 'TSPAN1', 'FGFR4']"
1391,NVP-ADW742,-0.0310715052207528,0.9124689726736837,F2,luminal-like & PI3K-Akt signaling,"['CD24', 'KRT19', 'NRG3', 'ERBB3', 'TSPAN1', 'FGFR4']"
1392,clofarabine,0.11999206182911627,0.6353178481271706,F2,luminal-like & PI3K-Akt signaling,"['CD24', 'KRT19', 'NRG3', 'ERBB3', 'TSPAN1', 'FGFR4']"
1393,vorinostat:navitoclax,-0.18992272752520067,0.46532222116567595,F2,luminal-like & PI3K-Akt signaling,"['CD24', 'KRT19', 'NRG3', 'ERBB3', 'TSPAN1', 'FGFR4']"
1394,SAR-245409,0.12110986768557785,0.6321476912805855,F2,luminal-like & PI3K-Akt signaling,"['CD24', 'KRT19', 'NRG3', 'ERBB3', 'TSPAN1', 'FGFR4']"
1395,AZD1480,0.31385878431967235,0.4108000246055487,F2,luminal-like & PI3K-Akt signaling,"['CD24', 'KRT19', 'NRG3', 'ERBB3', 'TSPAN1', 'FGFR4']"
1396,ML258,-0.10117546679620146,0.689552509824025,F2,luminal-like & PI3K-Akt signaling,"['CD24', 'KRT19', 'NRG3', 'ERBB3', 'TSPAN1', 'FGFR4']"
1397,SR1001,-0.05804869897726549,0.8190311873550487,F2,luminal-like & PI3K-Akt signaling,"['CD24', 'KRT19', 'NRG3', 'ERBB3', 'TSPAN1', 'FGFR4']"
1398,bardoxolone methyl,-0.3718408624124713,0.15614134116315503,F2,luminal-like & PI3K-Akt signaling,"['CD24', 'KRT19', 'NRG3', 'ERBB3', 'TSPAN1', 'FGFR4']"
1399,elocalcitol,-0.31990333999783743,0.2648526346539084,F2,luminal-like & PI3K-Akt signaling,"['CD24', 'KRT19', 'NRG3', 'ERBB3', 'TSPAN1', 'FGFR4']"
1400,BMS-270394,-0.36339959219234924,0.13825568487163983,F2,luminal-like & PI3K-Akt signaling,"['CD24', 'KRT19', 'NRG3', 'ERBB3', 'TSPAN1', 'FGFR4']"
1401,fluvastatin,0.02757972356224634,0.9222764585668944,F2,luminal-like & PI3K-Akt signaling,"['CD24', 'KRT19', 'NRG3', 'ERBB3', 'TSPAN1', 'FGFR4']"
1402,AZD4547,-0.32335354022333185,0.19057414908934606,F2,luminal-like & PI3K-Akt signaling,"['CD24', 'KRT19', 'NRG3', 'ERBB3', 'TSPAN1', 'FGFR4']"
1403,hyperforin,-0.33615616918862634,0.1870952878623441,F2,luminal-like & PI3K-Akt signaling,"['CD24', 'KRT19', 'NRG3', 'ERBB3', 'TSPAN1', 'FGFR4']"
1404,NVP-231,-0.2635751473470473,0.2905997387897743,F2,luminal-like & PI3K-Akt signaling,"['CD24', 'KRT19', 'NRG3', 'ERBB3', 'TSPAN1', 'FGFR4']"
1405,MK-0752,-0.268123483741152,0.29810576991465026,F2,luminal-like & PI3K-Akt signaling,"['CD24', 'KRT19', 'NRG3', 'ERBB3', 'TSPAN1', 'FGFR4']"
1406,semagacestat,0.1548263723056579,0.5395905527819234,F2,luminal-like & PI3K-Akt signaling,"['CD24', 'KRT19', 'NRG3', 'ERBB3', 'TSPAN1', 'FGFR4']"
1407,BRD-A05715709,-0.28340349260452313,0.4599143889375556,F2,luminal-like & PI3K-Akt signaling,"['CD24', 'KRT19', 'NRG3', 'ERBB3', 'TSPAN1', 'FGFR4']"
1408,bosutinib,0.34974198682433544,0.15482239542544374,F2,luminal-like & PI3K-Akt signaling,"['CD24', 'KRT19', 'NRG3', 'ERBB3', 'TSPAN1', 'FGFR4']"
1409,temsirolimus,-0.26173659541140426,0.4963037291779827,F2,luminal-like & PI3K-Akt signaling,"['CD24', 'KRT19', 'NRG3', 'ERBB3', 'TSPAN1', 'FGFR4']"
1410,docetaxel,0.7444834444861845,0.02139879706904719,F2,luminal-like & PI3K-Akt signaling,"['CD24', 'KRT19', 'NRG3', 'ERBB3', 'TSPAN1', 'FGFR4']"
1411,nelarabine,0.09339230351003036,0.7308318319851915,F2,luminal-like & PI3K-Akt signaling,"['CD24', 'KRT19', 'NRG3', 'ERBB3', 'TSPAN1', 'FGFR4']"
1412,rigosertib,-0.027621481397376295,0.9191202297801051,F2,luminal-like & PI3K-Akt signaling,"['CD24', 'KRT19', 'NRG3', 'ERBB3', 'TSPAN1', 'FGFR4']"
1413,AT7867,-0.13337906809123123,0.6224021917966076,F2,luminal-like & PI3K-Akt signaling,"['CD24', 'KRT19', 'NRG3', 'ERBB3', 'TSPAN1', 'FGFR4']"
1414,PD-318088,0.07253150499351889,0.7748707033601931,F2,luminal-like & PI3K-Akt signaling,"['CD24', 'KRT19', 'NRG3', 'ERBB3', 'TSPAN1', 'FGFR4']"
1415,KU-60019,-0.06486960468938605,0.7981601224998498,F2,luminal-like & PI3K-Akt signaling,"['CD24', 'KRT19', 'NRG3', 'ERBB3', 'TSPAN1', 'FGFR4']"
1416,doramapimod,-0.24201873700045695,0.36648478637305365,F2,luminal-like & PI3K-Akt signaling,"['CD24', 'KRT19', 'NRG3', 'ERBB3', 'TSPAN1', 'FGFR4']"
1417,KW-2449,-0.11006408527619466,0.674104746103855,F2,luminal-like & PI3K-Akt signaling,"['CD24', 'KRT19', 'NRG3', 'ERBB3', 'TSPAN1', 'FGFR4']"
1418,RAF265,0.07271925981930007,0.8317347180620889,F2,luminal-like & PI3K-Akt signaling,"['CD24', 'KRT19', 'NRG3', 'ERBB3', 'TSPAN1', 'FGFR4']"
1419,CX-4945,-0.045631966460955374,0.8619409377144478,F2,luminal-like & PI3K-Akt signaling,"['CD24', 'KRT19', 'NRG3', 'ERBB3', 'TSPAN1', 'FGFR4']"
1420,BRD-K03911514,0.18026315089045403,0.6692572334024558,F2,luminal-like & PI3K-Akt signaling,"['CD24', 'KRT19', 'NRG3', 'ERBB3', 'TSPAN1', 'FGFR4']"
1421,cyt387,0.044752502466923264,0.8645784799831824,F2,luminal-like & PI3K-Akt signaling,"['CD24', 'KRT19', 'NRG3', 'ERBB3', 'TSPAN1', 'FGFR4']"
1422,idelalisib,0.5425139695661962,0.024446529967557185,F2,luminal-like & PI3K-Akt signaling,"['CD24', 'KRT19', 'NRG3', 'ERBB3', 'TSPAN1', 'FGFR4']"
1423,WP1130,-0.15032110990389813,0.5515946470570601,F2,luminal-like & PI3K-Akt signaling,"['CD24', 'KRT19', 'NRG3', 'ERBB3', 'TSPAN1', 'FGFR4']"
1424,OSI-027,-0.028797366438296158,0.9096909132095081,F2,luminal-like & PI3K-Akt signaling,"['CD24', 'KRT19', 'NRG3', 'ERBB3', 'TSPAN1', 'FGFR4']"
1425,NVP-BSK805,-0.03965582188358115,0.8798894097640065,F2,luminal-like & PI3K-Akt signaling,"['CD24', 'KRT19', 'NRG3', 'ERBB3', 'TSPAN1', 'FGFR4']"
1426,erlotinib:PLX-4032,0.26028806358313905,0.34879669714390255,F2,luminal-like & PI3K-Akt signaling,"['CD24', 'KRT19', 'NRG3', 'ERBB3', 'TSPAN1', 'FGFR4']"
1427,PIK-93,-0.5251473912123921,0.036723190702154115,F2,luminal-like & PI3K-Akt signaling,"['CD24', 'KRT19', 'NRG3', 'ERBB3', 'TSPAN1', 'FGFR4']"
1428,AZD7762,0.25228475597984895,0.3125092208788355,F2,luminal-like & PI3K-Akt signaling,"['CD24', 'KRT19', 'NRG3', 'ERBB3', 'TSPAN1', 'FGFR4']"
1429,birinapant,0.330711445510078,0.18010023342876813,F2,luminal-like & PI3K-Akt signaling,"['CD24', 'KRT19', 'NRG3', 'ERBB3', 'TSPAN1', 'FGFR4']"
1430,KX2-391,0.020981021811510944,0.938524829873443,F2,luminal-like & PI3K-Akt signaling,"['CD24', 'KRT19', 'NRG3', 'ERBB3', 'TSPAN1', 'FGFR4']"
1431,3-Cl-AHPC,-0.17857612392632594,0.4783408664876705,F2,luminal-like & PI3K-Akt signaling,"['CD24', 'KRT19', 'NRG3', 'ERBB3', 'TSPAN1', 'FGFR4']"
1432,BRD-K27188169,0.337480657647983,0.37444386014593906,F2,luminal-like & PI3K-Akt signaling,"['CD24', 'KRT19', 'NRG3', 'ERBB3', 'TSPAN1', 'FGFR4']"
1433,KHS-101,-0.2993347064368931,0.22754416378101144,F2,luminal-like & PI3K-Akt signaling,"['CD24', 'KRT19', 'NRG3', 'ERBB3', 'TSPAN1', 'FGFR4']"
1434,WAY-362450,0.021288765639905824,0.9353636365150898,F2,luminal-like & PI3K-Akt signaling,"['CD24', 'KRT19', 'NRG3', 'ERBB3', 'TSPAN1', 'FGFR4']"
1435,JQ-1:vorinostat,-0.21449845723256156,0.42501764904215145,F2,luminal-like & PI3K-Akt signaling,"['CD24', 'KRT19', 'NRG3', 'ERBB3', 'TSPAN1', 'FGFR4']"
1436,cabozantinib,-0.12992437247692848,0.6191863580775532,F2,luminal-like & PI3K-Akt signaling,"['CD24', 'KRT19', 'NRG3', 'ERBB3', 'TSPAN1', 'FGFR4']"
1437,crizotinib:PLX-4032,0.0002492145035600038,0.9992691493542691,F2,luminal-like & PI3K-Akt signaling,"['CD24', 'KRT19', 'NRG3', 'ERBB3', 'TSPAN1', 'FGFR4']"
1438,BRD-M00053801,-0.4258258311816956,0.19161173828235492,F2,luminal-like & PI3K-Akt signaling,"['CD24', 'KRT19', 'NRG3', 'ERBB3', 'TSPAN1', 'FGFR4']"
1439,KPT-185,0.3106376566889366,0.32573959449238643,F2,luminal-like & PI3K-Akt signaling,"['CD24', 'KRT19', 'NRG3', 'ERBB3', 'TSPAN1', 'FGFR4']"
1440,pitstop2,-0.026512314472253846,0.9420450602348833,F2,luminal-like & PI3K-Akt signaling,"['CD24', 'KRT19', 'NRG3', 'ERBB3', 'TSPAN1', 'FGFR4']"
1441,R-428,0.24529943136163188,0.5246640427583886,F2,luminal-like & PI3K-Akt signaling,"['CD24', 'KRT19', 'NRG3', 'ERBB3', 'TSPAN1', 'FGFR4']"
1442,ibrutinib,-0.19756046571016997,0.5603777212912048,F2,luminal-like & PI3K-Akt signaling,"['CD24', 'KRT19', 'NRG3', 'ERBB3', 'TSPAN1', 'FGFR4']"
1443,sotrastaurin,-0.41728551747190734,0.201636771301346,F2,luminal-like & PI3K-Akt signaling,"['CD24', 'KRT19', 'NRG3', 'ERBB3', 'TSPAN1', 'FGFR4']"
1444,A-804598,0.12260173197329025,0.7042504310364888,F2,luminal-like & PI3K-Akt signaling,"['CD24', 'KRT19', 'NRG3', 'ERBB3', 'TSPAN1', 'FGFR4']"
1445,BRD-K27188169:navitoclax,0.05718120294839863,0.8838283443872796,F2,luminal-like & PI3K-Akt signaling,"['CD24', 'KRT19', 'NRG3', 'ERBB3', 'TSPAN1', 'FGFR4']"
1446,COL-3,-0.08144229079943623,0.8013375770654225,F2,luminal-like & PI3K-Akt signaling,"['CD24', 'KRT19', 'NRG3', 'ERBB3', 'TSPAN1', 'FGFR4']"
1447,venetoclax,-0.12710731333201145,0.7445200757578304,F2,luminal-like & PI3K-Akt signaling,"['CD24', 'KRT19', 'NRG3', 'ERBB3', 'TSPAN1', 'FGFR4']"
1448,ETP-46464,-0.29406558141586225,0.3535315764965603,F2,luminal-like & PI3K-Akt signaling,"['CD24', 'KRT19', 'NRG3', 'ERBB3', 'TSPAN1', 'FGFR4']"
1449,marinopyrrole A,-0.18339074064177965,0.5683221910460451,F2,luminal-like & PI3K-Akt signaling,"['CD24', 'KRT19', 'NRG3', 'ERBB3', 'TSPAN1', 'FGFR4']"
1450,methylstat,0.31620509311815814,0.3166795243270147,F2,luminal-like & PI3K-Akt signaling,"['CD24', 'KRT19', 'NRG3', 'ERBB3', 'TSPAN1', 'FGFR4']"
1451,alpelisib,-0.311510331342441,0.35107622005631256,F2,luminal-like & PI3K-Akt signaling,"['CD24', 'KRT19', 'NRG3', 'ERBB3', 'TSPAN1', 'FGFR4']"
1452,GSK2636771,0.3066109604933236,0.33237954511063317,F2,luminal-like & PI3K-Akt signaling,"['CD24', 'KRT19', 'NRG3', 'ERBB3', 'TSPAN1', 'FGFR4']"
1453,JW-74,-0.17420209527807368,0.6302878853150786,F2,luminal-like & PI3K-Akt signaling,"['CD24', 'KRT19', 'NRG3', 'ERBB3', 'TSPAN1', 'FGFR4']"
1454,necrosulfonamide,0.4798303370415576,0.1352778663616374,F2,luminal-like & PI3K-Akt signaling,"['CD24', 'KRT19', 'NRG3', 'ERBB3', 'TSPAN1', 'FGFR4']"
1455,HBX-41108,-0.21051937715574412,0.5113431239657471,F2,luminal-like & PI3K-Akt signaling,"['CD24', 'KRT19', 'NRG3', 'ERBB3', 'TSPAN1', 'FGFR4']"
1456,palmostatin B,0.5139268282213867,0.10584283709563147,F2,luminal-like & PI3K-Akt signaling,"['CD24', 'KRT19', 'NRG3', 'ERBB3', 'TSPAN1', 'FGFR4']"
1457,BRD-K03536150,-0.3245230621601152,0.2037782158519934,F2,luminal-like & PI3K-Akt signaling,"['CD24', 'KRT19', 'NRG3', 'ERBB3', 'TSPAN1', 'FGFR4']"
1458,BRD-K99006945,0.1981133329341537,0.6093752662535836,F2,luminal-like & PI3K-Akt signaling,"['CD24', 'KRT19', 'NRG3', 'ERBB3', 'TSPAN1', 'FGFR4']"
1459,tivantinib,0.2847718314493693,0.45765568181109445,F2,luminal-like & PI3K-Akt signaling,"['CD24', 'KRT19', 'NRG3', 'ERBB3', 'TSPAN1', 'FGFR4']"
1460,trametinib,0.15847121105108466,0.6838451388332406,F2,luminal-like & PI3K-Akt signaling,"['CD24', 'KRT19', 'NRG3', 'ERBB3', 'TSPAN1', 'FGFR4']"
1461,RG4733,0.000306550235747569,0.9993755010367428,F2,luminal-like & PI3K-Akt signaling,"['CD24', 'KRT19', 'NRG3', 'ERBB3', 'TSPAN1', 'FGFR4']"
1462,dinaciclib,0.5064035299417482,0.16418366839945286,F2,luminal-like & PI3K-Akt signaling,"['CD24', 'KRT19', 'NRG3', 'ERBB3', 'TSPAN1', 'FGFR4']"
1463,MLN2480,0.15015218713255804,0.6998013611720625,F2,luminal-like & PI3K-Akt signaling,"['CD24', 'KRT19', 'NRG3', 'ERBB3', 'TSPAN1', 'FGFR4']"
1464,BRD-K51831558,0.08508568535233908,0.8412326477945198,F2,luminal-like & PI3K-Akt signaling,"['CD24', 'KRT19', 'NRG3', 'ERBB3', 'TSPAN1', 'FGFR4']"
1465,istradefylline,-0.5682834370970796,0.11038644219221057,F2,luminal-like & PI3K-Akt signaling,"['CD24', 'KRT19', 'NRG3', 'ERBB3', 'TSPAN1', 'FGFR4']"
1466,MI-2,-0.6897286742082804,0.03979451690655162,F2,luminal-like & PI3K-Akt signaling,"['CD24', 'KRT19', 'NRG3', 'ERBB3', 'TSPAN1', 'FGFR4']"
1467,alvocidib,0.5611146682858803,0.14788465507219423,F2,luminal-like & PI3K-Akt signaling,"['CD24', 'KRT19', 'NRG3', 'ERBB3', 'TSPAN1', 'FGFR4']"
1468,CBB-1007,0.2465927845573954,0.5224097972082149,F2,luminal-like & PI3K-Akt signaling,"['CD24', 'KRT19', 'NRG3', 'ERBB3', 'TSPAN1', 'FGFR4']"
1469,BRD-A86708339,0.3340356961333684,0.37964799896476886,F2,luminal-like & PI3K-Akt signaling,"['CD24', 'KRT19', 'NRG3', 'ERBB3', 'TSPAN1', 'FGFR4']"
1470,PF-03758309,0.11591069724468951,0.7664964524814123,F2,luminal-like & PI3K-Akt signaling,"['CD24', 'KRT19', 'NRG3', 'ERBB3', 'TSPAN1', 'FGFR4']"
1471,dabrafenib,0.08344087029440847,0.8309988136269936,F2,luminal-like & PI3K-Akt signaling,"['CD24', 'KRT19', 'NRG3', 'ERBB3', 'TSPAN1', 'FGFR4']"
1472,SZ4TA2,0.22466057883270163,0.56114059568138,F2,luminal-like & PI3K-Akt signaling,"['CD24', 'KRT19', 'NRG3', 'ERBB3', 'TSPAN1', 'FGFR4']"
1473,AT13387,0.010267451250456347,0.9790851575236842,F2,luminal-like & PI3K-Akt signaling,"['CD24', 'KRT19', 'NRG3', 'ERBB3', 'TSPAN1', 'FGFR4']"
1474,BCL-LZH-4,-0.7279108328489602,0.026193433977197585,F2,luminal-like & PI3K-Akt signaling,"['CD24', 'KRT19', 'NRG3', 'ERBB3', 'TSPAN1', 'FGFR4']"
1475,skepinone-L,-0.050915251578514197,0.8965001144519485,F2,luminal-like & PI3K-Akt signaling,"['CD24', 'KRT19', 'NRG3', 'ERBB3', 'TSPAN1', 'FGFR4']"
1476,BRD-K34222889,0.14625557346575915,0.5625276172240545,F2,luminal-like & PI3K-Akt signaling,"['CD24', 'KRT19', 'NRG3', 'ERBB3', 'TSPAN1', 'FGFR4']"
1477,PF-4800567,0.25911976735287673,0.5007762350206735,F2,luminal-like & PI3K-Akt signaling,"['CD24', 'KRT19', 'NRG3', 'ERBB3', 'TSPAN1', 'FGFR4']"
1478,avicin D,-0.5291772786979333,0.17746257343560784,F2,luminal-like & PI3K-Akt signaling,"['CD24', 'KRT19', 'NRG3', 'ERBB3', 'TSPAN1', 'FGFR4']"
1479,linsitinib,0.06955534095134293,0.797980234988547,F2,luminal-like & PI3K-Akt signaling,"['CD24', 'KRT19', 'NRG3', 'ERBB3', 'TSPAN1', 'FGFR4']"
1480,AT-406,0.3869531789356725,0.30355909150185834,F2,luminal-like & PI3K-Akt signaling,"['CD24', 'KRT19', 'NRG3', 'ERBB3', 'TSPAN1', 'FGFR4']"
1481,ML031,-0.5640979103377105,0.02284174885334381,F2,luminal-like & PI3K-Akt signaling,"['CD24', 'KRT19', 'NRG3', 'ERBB3', 'TSPAN1', 'FGFR4']"
1482,CIL56,-0.1261456610429865,0.7464015489093931,F3,EGFR signaling & NF-kB signaling,"['AREG', 'TGFA', 'BTC', 'EPGN', 'EFEMP1', 'TNS4', 'GPR87', 'IL18', 'TNIP2', 'TNF', 'TNFAIP2']"
1483,FQI-1,0.06216822389403554,0.8737591256634122,F3,EGFR signaling & NF-kB signaling,"['AREG', 'TGFA', 'BTC', 'EPGN', 'EFEMP1', 'TNS4', 'GPR87', 'IL18', 'TNIP2', 'TNF', 'TNFAIP2']"
1484,BRD-K92856060,0.3391811866747454,0.16852998084569296,F3,EGFR signaling & NF-kB signaling,"['AREG', 'TGFA', 'BTC', 'EPGN', 'EFEMP1', 'TNS4', 'GPR87', 'IL18', 'TNIP2', 'TNF', 'TNFAIP2']"
1485,B02,0.4112287577401207,0.1135502240346663,F3,EGFR signaling & NF-kB signaling,"['AREG', 'TGFA', 'BTC', 'EPGN', 'EFEMP1', 'TNS4', 'GPR87', 'IL18', 'TNIP2', 'TNF', 'TNFAIP2']"
1486,BRD6340,0.26276988336621354,0.30822469010316406,F3,EGFR signaling & NF-kB signaling,"['AREG', 'TGFA', 'BTC', 'EPGN', 'EFEMP1', 'TNS4', 'GPR87', 'IL18', 'TNIP2', 'TNF', 'TNFAIP2']"
1487,BRD-K45681478,0.2964097487691078,0.24799417341702792,F3,EGFR signaling & NF-kB signaling,"['AREG', 'TGFA', 'BTC', 'EPGN', 'EFEMP1', 'TNS4', 'GPR87', 'IL18', 'TNIP2', 'TNF', 'TNFAIP2']"
1488,ML050,0.30844272577018245,0.22838942950515784,F3,EGFR signaling & NF-kB signaling,"['AREG', 'TGFA', 'BTC', 'EPGN', 'EFEMP1', 'TNS4', 'GPR87', 'IL18', 'TNIP2', 'TNF', 'TNFAIP2']"
1489,ML162,0.2999588322235093,0.24210566149145107,F3,EGFR signaling & NF-kB signaling,"['AREG', 'TGFA', 'BTC', 'EPGN', 'EFEMP1', 'TNS4', 'GPR87', 'IL18', 'TNIP2', 'TNF', 'TNFAIP2']"
1490,CIL41,-0.23131508695511263,0.5492777726537814,F3,EGFR signaling & NF-kB signaling,"['AREG', 'TGFA', 'BTC', 'EPGN', 'EFEMP1', 'TNS4', 'GPR87', 'IL18', 'TNIP2', 'TNF', 'TNFAIP2']"
1491,ML006,0.202833246976514,0.41954444687206294,F3,EGFR signaling & NF-kB signaling,"['AREG', 'TGFA', 'BTC', 'EPGN', 'EFEMP1', 'TNS4', 'GPR87', 'IL18', 'TNIP2', 'TNF', 'TNFAIP2']"
1492,CIL55,-0.3253061120416344,0.4317164283602432,F3,EGFR signaling & NF-kB signaling,"['AREG', 'TGFA', 'BTC', 'EPGN', 'EFEMP1', 'TNS4', 'GPR87', 'IL18', 'TNIP2', 'TNF', 'TNFAIP2']"
1493,NSC30930,0.14821158364690548,0.5702414264944661,F3,EGFR signaling & NF-kB signaling,"['AREG', 'TGFA', 'BTC', 'EPGN', 'EFEMP1', 'TNS4', 'GPR87', 'IL18', 'TNIP2', 'TNF', 'TNFAIP2']"
1494,Bax channel blocker,-0.26716484208804814,0.3171605107931816,F3,EGFR signaling & NF-kB signaling,"['AREG', 'TGFA', 'BTC', 'EPGN', 'EFEMP1', 'TNS4', 'GPR87', 'IL18', 'TNIP2', 'TNF', 'TNFAIP2']"
1495,CIL70,-0.19156351053865953,0.6214878452674527,F3,EGFR signaling & NF-kB signaling,"['AREG', 'TGFA', 'BTC', 'EPGN', 'EFEMP1', 'TNS4', 'GPR87', 'IL18', 'TNIP2', 'TNF', 'TNFAIP2']"
1496,MI-1,-0.08282465349334374,0.7604053848735093,F3,EGFR signaling & NF-kB signaling,"['AREG', 'TGFA', 'BTC', 'EPGN', 'EFEMP1', 'TNS4', 'GPR87', 'IL18', 'TNIP2', 'TNF', 'TNFAIP2']"
1497,BRD9876,0.28667232533785203,0.2817164157087961,F3,EGFR signaling & NF-kB signaling,"['AREG', 'TGFA', 'BTC', 'EPGN', 'EFEMP1', 'TNS4', 'GPR87', 'IL18', 'TNIP2', 'TNF', 'TNFAIP2']"
1498,DBeQ,0.5004896721731635,0.040740061797106195,F3,EGFR signaling & NF-kB signaling,"['AREG', 'TGFA', 'BTC', 'EPGN', 'EFEMP1', 'TNS4', 'GPR87', 'IL18', 'TNIP2', 'TNF', 'TNFAIP2']"
1499,mdivi-1,-0.4998242748958472,0.0410513347606052,F3,EGFR signaling & NF-kB signaling,"['AREG', 'TGFA', 'BTC', 'EPGN', 'EFEMP1', 'TNS4', 'GPR87', 'IL18', 'TNIP2', 'TNF', 'TNFAIP2']"
1500,tretinoin,0.04474919915315155,0.8645883892989057,F3,EGFR signaling & NF-kB signaling,"['AREG', 'TGFA', 'BTC', 'EPGN', 'EFEMP1', 'TNS4', 'GPR87', 'IL18', 'TNIP2', 'TNF', 'TNFAIP2']"
1501,betulinic-acid,-0.23371327108187331,0.38365765479083824,F3,EGFR signaling & NF-kB signaling,"['AREG', 'TGFA', 'BTC', 'EPGN', 'EFEMP1', 'TNS4', 'GPR87', 'IL18', 'TNIP2', 'TNF', 'TNFAIP2']"
1502,phloretin,0.4031579830809398,0.12152628263075102,F3,EGFR signaling & NF-kB signaling,"['AREG', 'TGFA', 'BTC', 'EPGN', 'EFEMP1', 'TNS4', 'GPR87', 'IL18', 'TNIP2', 'TNF', 'TNFAIP2']"
1503,thalidomide,0.10539383986833648,0.8038450489740212,F3,EGFR signaling & NF-kB signaling,"['AREG', 'TGFA', 'BTC', 'EPGN', 'EFEMP1', 'TNS4', 'GPR87', 'IL18', 'TNIP2', 'TNF', 'TNFAIP2']"
1504,gossypol,0.3565962492543216,0.14634643829461225,F3,EGFR signaling & NF-kB signaling,"['AREG', 'TGFA', 'BTC', 'EPGN', 'EFEMP1', 'TNS4', 'GPR87', 'IL18', 'TNIP2', 'TNF', 'TNFAIP2']"
1505,chlorambucil,0.29094278573010735,0.24147644861028889,F3,EGFR signaling & NF-kB signaling,"['AREG', 'TGFA', 'BTC', 'EPGN', 'EFEMP1', 'TNS4', 'GPR87', 'IL18', 'TNIP2', 'TNF', 'TNFAIP2']"
1506,5-fluorouracil,0.0654368452382111,0.8029594052116255,F3,EGFR signaling & NF-kB signaling,"['AREG', 'TGFA', 'BTC', 'EPGN', 'EFEMP1', 'TNS4', 'GPR87', 'IL18', 'TNIP2', 'TNF', 'TNFAIP2']"
1507,ML083,0.022515808311504678,0.9316460799009008,F3,EGFR signaling & NF-kB signaling,"['AREG', 'TGFA', 'BTC', 'EPGN', 'EFEMP1', 'TNS4', 'GPR87', 'IL18', 'TNIP2', 'TNF', 'TNFAIP2']"
1508,CID-5951923,0.5574108632527764,0.02008804861111015,F3,EGFR signaling & NF-kB signaling,"['AREG', 'TGFA', 'BTC', 'EPGN', 'EFEMP1', 'TNS4', 'GPR87', 'IL18', 'TNIP2', 'TNF', 'TNFAIP2']"
1509,azacitidine,0.28805422272173603,0.24639459605343023,F3,EGFR signaling & NF-kB signaling,"['AREG', 'TGFA', 'BTC', 'EPGN', 'EFEMP1', 'TNS4', 'GPR87', 'IL18', 'TNIP2', 'TNF', 'TNFAIP2']"
1510,trifluoperazine,0.1072794640610198,0.7150853055957376,F3,EGFR signaling & NF-kB signaling,"['AREG', 'TGFA', 'BTC', 'EPGN', 'EFEMP1', 'TNS4', 'GPR87', 'IL18', 'TNIP2', 'TNF', 'TNFAIP2']"
1511,paclitaxel,0.36409545010811617,0.15079557360811377,F3,EGFR signaling & NF-kB signaling,"['AREG', 'TGFA', 'BTC', 'EPGN', 'EFEMP1', 'TNS4', 'GPR87', 'IL18', 'TNIP2', 'TNF', 'TNFAIP2']"
1512,tamoxifen,0.18387222611211368,0.47991604598562615,F3,EGFR signaling & NF-kB signaling,"['AREG', 'TGFA', 'BTC', 'EPGN', 'EFEMP1', 'TNS4', 'GPR87', 'IL18', 'TNIP2', 'TNF', 'TNFAIP2']"
1513,carboplatin,-0.4679157758559964,0.050201128936975106,F3,EGFR signaling & NF-kB signaling,"['AREG', 'TGFA', 'BTC', 'EPGN', 'EFEMP1', 'TNS4', 'GPR87', 'IL18', 'TNIP2', 'TNF', 'TNFAIP2']"
1514,IU1,-0.018435262679854084,0.9440136213159268,F3,EGFR signaling & NF-kB signaling,"['AREG', 'TGFA', 'BTC', 'EPGN', 'EFEMP1', 'TNS4', 'GPR87', 'IL18', 'TNIP2', 'TNF', 'TNFAIP2']"
1515,dexamethasone,0.3611893705438743,0.18593220395401835,F3,EGFR signaling & NF-kB signaling,"['AREG', 'TGFA', 'BTC', 'EPGN', 'EFEMP1', 'TNS4', 'GPR87', 'IL18', 'TNIP2', 'TNF', 'TNFAIP2']"
1516,teniposide,0.6040788219246649,0.11273141463934588,F3,EGFR signaling & NF-kB signaling,"['AREG', 'TGFA', 'BTC', 'EPGN', 'EFEMP1', 'TNS4', 'GPR87', 'IL18', 'TNIP2', 'TNF', 'TNFAIP2']"
1517,sildenafil,0.020219630015988213,0.9386038163972926,F3,EGFR signaling & NF-kB signaling,"['AREG', 'TGFA', 'BTC', 'EPGN', 'EFEMP1', 'TNS4', 'GPR87', 'IL18', 'TNIP2', 'TNF', 'TNFAIP2']"
1518,simvastatin,0.17112094032047187,0.5420091969398873,F3,EGFR signaling & NF-kB signaling,"['AREG', 'TGFA', 'BTC', 'EPGN', 'EFEMP1', 'TNS4', 'GPR87', 'IL18', 'TNIP2', 'TNF', 'TNFAIP2']"
1519,parbendazole,0.5263297072126136,0.024842478491006507,F3,EGFR signaling & NF-kB signaling,"['AREG', 'TGFA', 'BTC', 'EPGN', 'EFEMP1', 'TNS4', 'GPR87', 'IL18', 'TNIP2', 'TNF', 'TNFAIP2']"
1520,procarbazine,-0.4399387556828682,0.10079492236830762,F3,EGFR signaling & NF-kB signaling,"['AREG', 'TGFA', 'BTC', 'EPGN', 'EFEMP1', 'TNS4', 'GPR87', 'IL18', 'TNIP2', 'TNF', 'TNFAIP2']"
1521,curcumin,0.24827842200677994,0.3538286683680929,F3,EGFR signaling & NF-kB signaling,"['AREG', 'TGFA', 'BTC', 'EPGN', 'EFEMP1', 'TNS4', 'GPR87', 'IL18', 'TNIP2', 'TNF', 'TNFAIP2']"
1522,ciclopirox,0.2249195657153406,0.40230676578231356,F3,EGFR signaling & NF-kB signaling,"['AREG', 'TGFA', 'BTC', 'EPGN', 'EFEMP1', 'TNS4', 'GPR87', 'IL18', 'TNIP2', 'TNF', 'TNFAIP2']"
1523,epigallocatechin-gallate-(-),-0.4874233926902851,0.10797858923013165,F3,EGFR signaling & NF-kB signaling,"['AREG', 'TGFA', 'BTC', 'EPGN', 'EFEMP1', 'TNS4', 'GPR87', 'IL18', 'TNIP2', 'TNF', 'TNFAIP2']"
1524,ML311,0.2652687233177606,0.2873959140952181,F3,EGFR signaling & NF-kB signaling,"['AREG', 'TGFA', 'BTC', 'EPGN', 'EFEMP1', 'TNS4', 'GPR87', 'IL18', 'TNIP2', 'TNF', 'TNFAIP2']"
1525,myricetin,0.07783796424500694,0.7827557657011809,F3,EGFR signaling & NF-kB signaling,"['AREG', 'TGFA', 'BTC', 'EPGN', 'EFEMP1', 'TNS4', 'GPR87', 'IL18', 'TNIP2', 'TNF', 'TNFAIP2']"
1526,methotrexate,0.14707358398425896,0.5732383749487793,F3,EGFR signaling & NF-kB signaling,"['AREG', 'TGFA', 'BTC', 'EPGN', 'EFEMP1', 'TNS4', 'GPR87', 'IL18', 'TNIP2', 'TNF', 'TNFAIP2']"
1527,lovastatin,0.09677238349975756,0.7024660215558499,F3,EGFR signaling & NF-kB signaling,"['AREG', 'TGFA', 'BTC', 'EPGN', 'EFEMP1', 'TNS4', 'GPR87', 'IL18', 'TNIP2', 'TNF', 'TNFAIP2']"
1528,valdecoxib,0.15912211540760363,0.5418544506676706,F3,EGFR signaling & NF-kB signaling,"['AREG', 'TGFA', 'BTC', 'EPGN', 'EFEMP1', 'TNS4', 'GPR87', 'IL18', 'TNIP2', 'TNF', 'TNFAIP2']"
1529,cyclophosphamide,-0.20029626832215278,0.6053563622030104,F3,EGFR signaling & NF-kB signaling,"['AREG', 'TGFA', 'BTC', 'EPGN', 'EFEMP1', 'TNS4', 'GPR87', 'IL18', 'TNIP2', 'TNF', 'TNFAIP2']"
1530,dacarbazine,0.003012634600404976,0.9908443179474927,F3,EGFR signaling & NF-kB signaling,"['AREG', 'TGFA', 'BTC', 'EPGN', 'EFEMP1', 'TNS4', 'GPR87', 'IL18', 'TNIP2', 'TNF', 'TNFAIP2']"
1531,niclosamide,0.4697018616353659,0.09014838737105788,F3,EGFR signaling & NF-kB signaling,"['AREG', 'TGFA', 'BTC', 'EPGN', 'EFEMP1', 'TNS4', 'GPR87', 'IL18', 'TNIP2', 'TNF', 'TNFAIP2']"
1532,prochlorperazine,-0.22513015233392622,0.4018546161485965,F3,EGFR signaling & NF-kB signaling,"['AREG', 'TGFA', 'BTC', 'EPGN', 'EFEMP1', 'TNS4', 'GPR87', 'IL18', 'TNIP2', 'TNF', 'TNFAIP2']"
1533,imatinib,0.2636571035911407,0.30653384467125316,F3,EGFR signaling & NF-kB signaling,"['AREG', 'TGFA', 'BTC', 'EPGN', 'EFEMP1', 'TNS4', 'GPR87', 'IL18', 'TNIP2', 'TNF', 'TNFAIP2']"
1534,decitabine,-0.071428461761049,0.7782127998247873,F3,EGFR signaling & NF-kB signaling,"['AREG', 'TGFA', 'BTC', 'EPGN', 'EFEMP1', 'TNS4', 'GPR87', 'IL18', 'TNIP2', 'TNF', 'TNFAIP2']"
1535,CHIR-99021,-0.0561308573220345,0.8364220622282172,F3,EGFR signaling & NF-kB signaling,"['AREG', 'TGFA', 'BTC', 'EPGN', 'EFEMP1', 'TNS4', 'GPR87', 'IL18', 'TNIP2', 'TNF', 'TNFAIP2']"
1536,BI-2536,0.397454322681595,0.11414817607827267,F3,EGFR signaling & NF-kB signaling,"['AREG', 'TGFA', 'BTC', 'EPGN', 'EFEMP1', 'TNS4', 'GPR87', 'IL18', 'TNIP2', 'TNF', 'TNFAIP2']"
1537,BRD-K61166597,-0.027719305470046272,0.9188346646062902,F3,EGFR signaling & NF-kB signaling,"['AREG', 'TGFA', 'BTC', 'EPGN', 'EFEMP1', 'TNS4', 'GPR87', 'IL18', 'TNIP2', 'TNF', 'TNFAIP2']"
1538,axitinib,0.6677636246443391,0.002459119261922314,F3,EGFR signaling & NF-kB signaling,"['AREG', 'TGFA', 'BTC', 'EPGN', 'EFEMP1', 'TNS4', 'GPR87', 'IL18', 'TNIP2', 'TNF', 'TNFAIP2']"
1539,selumetinib,-0.07004503296102282,0.7893670573059796,F3,EGFR signaling & NF-kB signaling,"['AREG', 'TGFA', 'BTC', 'EPGN', 'EFEMP1', 'TNS4', 'GPR87', 'IL18', 'TNIP2', 'TNF', 'TNFAIP2']"
1540,NVP-BEZ235,0.24308596330443277,0.4464761160778198,F3,EGFR signaling & NF-kB signaling,"['AREG', 'TGFA', 'BTC', 'EPGN', 'EFEMP1', 'TNS4', 'GPR87', 'IL18', 'TNIP2', 'TNF', 'TNFAIP2']"
1541,GW-843682X,0.07231645111390111,0.7901243979072374,F3,EGFR signaling & NF-kB signaling,"['AREG', 'TGFA', 'BTC', 'EPGN', 'EFEMP1', 'TNS4', 'GPR87', 'IL18', 'TNIP2', 'TNF', 'TNFAIP2']"
1542,vandetanib,-0.4967148913216111,0.05031757403286709,F3,EGFR signaling & NF-kB signaling,"['AREG', 'TGFA', 'BTC', 'EPGN', 'EFEMP1', 'TNS4', 'GPR87', 'IL18', 'TNIP2', 'TNF', 'TNFAIP2']"
1543,sorafenib,0.6164002410030817,0.008410531748983372,F3,EGFR signaling & NF-kB signaling,"['AREG', 'TGFA', 'BTC', 'EPGN', 'EFEMP1', 'TNS4', 'GPR87', 'IL18', 'TNIP2', 'TNF', 'TNFAIP2']"
1544,ML029,0.45159572047118945,0.09106647988799799,F3,EGFR signaling & NF-kB signaling,"['AREG', 'TGFA', 'BTC', 'EPGN', 'EFEMP1', 'TNS4', 'GPR87', 'IL18', 'TNIP2', 'TNF', 'TNFAIP2']"
1545,temozolomide,0.35518813495919543,0.16179884565660504,F3,EGFR signaling & NF-kB signaling,"['AREG', 'TGFA', 'BTC', 'EPGN', 'EFEMP1', 'TNS4', 'GPR87', 'IL18', 'TNIP2', 'TNF', 'TNFAIP2']"
1546,ifosfamide,0.08655744520808395,0.8385135993883767,F3,EGFR signaling & NF-kB signaling,"['AREG', 'TGFA', 'BTC', 'EPGN', 'EFEMP1', 'TNS4', 'GPR87', 'IL18', 'TNIP2', 'TNF', 'TNFAIP2']"
1547,BRD4132,0.5294158911464132,0.034950324828175214,F3,EGFR signaling & NF-kB signaling,"['AREG', 'TGFA', 'BTC', 'EPGN', 'EFEMP1', 'TNS4', 'GPR87', 'IL18', 'TNIP2', 'TNF', 'TNFAIP2']"
1548,BRD-K90370028,0.09303656498949749,0.8265604593367439,F3,EGFR signaling & NF-kB signaling,"['AREG', 'TGFA', 'BTC', 'EPGN', 'EFEMP1', 'TNS4', 'GPR87', 'IL18', 'TNIP2', 'TNF', 'TNFAIP2']"
1549,SNX-2112,-0.11603245329515546,0.6465958277883124,F3,EGFR signaling & NF-kB signaling,"['AREG', 'TGFA', 'BTC', 'EPGN', 'EFEMP1', 'TNS4', 'GPR87', 'IL18', 'TNIP2', 'TNF', 'TNFAIP2']"
1550,navitoclax,0.26631823935226,0.2854213315814622,F3,EGFR signaling & NF-kB signaling,"['AREG', 'TGFA', 'BTC', 'EPGN', 'EFEMP1', 'TNS4', 'GPR87', 'IL18', 'TNIP2', 'TNF', 'TNFAIP2']"
1551,doxorubicin,0.4845735191523089,0.048691594527798844,F3,EGFR signaling & NF-kB signaling,"['AREG', 'TGFA', 'BTC', 'EPGN', 'EFEMP1', 'TNS4', 'GPR87', 'IL18', 'TNIP2', 'TNF', 'TNFAIP2']"
1552,ouabain,0.5391226433410053,0.020955086500092646,F3,EGFR signaling & NF-kB signaling,"['AREG', 'TGFA', 'BTC', 'EPGN', 'EFEMP1', 'TNS4', 'GPR87', 'IL18', 'TNIP2', 'TNF', 'TNFAIP2']"
1553,bexarotene,0.1362666774611768,0.5897822060890623,F3,EGFR signaling & NF-kB signaling,"['AREG', 'TGFA', 'BTC', 'EPGN', 'EFEMP1', 'TNS4', 'GPR87', 'IL18', 'TNIP2', 'TNF', 'TNFAIP2']"
1554,nilotinib,-0.18786689238994445,0.4859570914208802,F3,EGFR signaling & NF-kB signaling,"['AREG', 'TGFA', 'BTC', 'EPGN', 'EFEMP1', 'TNS4', 'GPR87', 'IL18', 'TNIP2', 'TNF', 'TNFAIP2']"
1555,sunitinib,0.03476280898212555,0.8910794543491842,F3,EGFR signaling & NF-kB signaling,"['AREG', 'TGFA', 'BTC', 'EPGN', 'EFEMP1', 'TNS4', 'GPR87', 'IL18', 'TNIP2', 'TNF', 'TNFAIP2']"
1556,bendamustine,0.19814868716340223,0.4789966788663649,F3,EGFR signaling & NF-kB signaling,"['AREG', 'TGFA', 'BTC', 'EPGN', 'EFEMP1', 'TNS4', 'GPR87', 'IL18', 'TNIP2', 'TNF', 'TNFAIP2']"
1557,BRD9647,-0.1827324756363693,0.4679880689452297,F3,EGFR signaling & NF-kB signaling,"['AREG', 'TGFA', 'BTC', 'EPGN', 'EFEMP1', 'TNS4', 'GPR87', 'IL18', 'TNIP2', 'TNF', 'TNFAIP2']"
1558,homoharringtonine,0.16953330901607644,0.5983695526023945,F3,EGFR signaling & NF-kB signaling,"['AREG', 'TGFA', 'BTC', 'EPGN', 'EFEMP1', 'TNS4', 'GPR87', 'IL18', 'TNIP2', 'TNF', 'TNFAIP2']"
1559,CD-437,0.459650281925308,0.054968277725298394,F3,EGFR signaling & NF-kB signaling,"['AREG', 'TGFA', 'BTC', 'EPGN', 'EFEMP1', 'TNS4', 'GPR87', 'IL18', 'TNIP2', 'TNF', 'TNFAIP2']"
1560,SCH-79797,-0.13757920917264502,0.5861698356553231,F3,EGFR signaling & NF-kB signaling,"['AREG', 'TGFA', 'BTC', 'EPGN', 'EFEMP1', 'TNS4', 'GPR87', 'IL18', 'TNIP2', 'TNF', 'TNFAIP2']"
1561,LE-135,0.2471651972267,0.32275852243521724,F3,EGFR signaling & NF-kB signaling,"['AREG', 'TGFA', 'BTC', 'EPGN', 'EFEMP1', 'TNS4', 'GPR87', 'IL18', 'TNIP2', 'TNF', 'TNFAIP2']"
1562,SKI-II,0.11497027236406838,0.649633827789859,F3,EGFR signaling & NF-kB signaling,"['AREG', 'TGFA', 'BTC', 'EPGN', 'EFEMP1', 'TNS4', 'GPR87', 'IL18', 'TNIP2', 'TNF', 'TNFAIP2']"
1563,CI-976,0.25715365394764467,0.3029435920198029,F3,EGFR signaling & NF-kB signaling,"['AREG', 'TGFA', 'BTC', 'EPGN', 'EFEMP1', 'TNS4', 'GPR87', 'IL18', 'TNIP2', 'TNF', 'TNFAIP2']"
1564,cisplatin,-0.21909976605541592,0.3823844835983815,F3,EGFR signaling & NF-kB signaling,"['AREG', 'TGFA', 'BTC', 'EPGN', 'EFEMP1', 'TNS4', 'GPR87', 'IL18', 'TNIP2', 'TNF', 'TNFAIP2']"
1565,necrostatin-1,-0.3455122762529955,0.18994193380548063,F3,EGFR signaling & NF-kB signaling,"['AREG', 'TGFA', 'BTC', 'EPGN', 'EFEMP1', 'TNS4', 'GPR87', 'IL18', 'TNIP2', 'TNF', 'TNFAIP2']"
1566,GW-405833,0.09480459881780899,0.7174026676731058,F3,EGFR signaling & NF-kB signaling,"['AREG', 'TGFA', 'BTC', 'EPGN', 'EFEMP1', 'TNS4', 'GPR87', 'IL18', 'TNIP2', 'TNF', 'TNFAIP2']"
1567,AC-55649,-0.2452858116218052,0.3426652730529244,F3,EGFR signaling & NF-kB signaling,"['AREG', 'TGFA', 'BTC', 'EPGN', 'EFEMP1', 'TNS4', 'GPR87', 'IL18', 'TNIP2', 'TNF', 'TNFAIP2']"
1568,RITA,0.11159191003408203,0.6593312871794674,F3,EGFR signaling & NF-kB signaling,"['AREG', 'TGFA', 'BTC', 'EPGN', 'EFEMP1', 'TNS4', 'GPR87', 'IL18', 'TNIP2', 'TNF', 'TNFAIP2']"
1569,LY2183240,0.6426724734430511,0.005396259999651892,F3,EGFR signaling & NF-kB signaling,"['AREG', 'TGFA', 'BTC', 'EPGN', 'EFEMP1', 'TNS4', 'GPR87', 'IL18', 'TNIP2', 'TNF', 'TNFAIP2']"
1570,KI-8751,0.3380502658033204,0.20032743385464266,F3,EGFR signaling & NF-kB signaling,"['AREG', 'TGFA', 'BTC', 'EPGN', 'EFEMP1', 'TNS4', 'GPR87', 'IL18', 'TNIP2', 'TNF', 'TNFAIP2']"
1571,CD-1530,0.11856678543114052,0.6738580252328155,F3,EGFR signaling & NF-kB signaling,"['AREG', 'TGFA', 'BTC', 'EPGN', 'EFEMP1', 'TNS4', 'GPR87', 'IL18', 'TNIP2', 'TNF', 'TNFAIP2']"
1572,TPCA-1,0.08836161440679902,0.7273475263904206,F3,EGFR signaling & NF-kB signaling,"['AREG', 'TGFA', 'BTC', 'EPGN', 'EFEMP1', 'TNS4', 'GPR87', 'IL18', 'TNIP2', 'TNF', 'TNFAIP2']"
1573,oxaliplatin,0.13772076754369403,0.598118386280111,F3,EGFR signaling & NF-kB signaling,"['AREG', 'TGFA', 'BTC', 'EPGN', 'EFEMP1', 'TNS4', 'GPR87', 'IL18', 'TNIP2', 'TNF', 'TNFAIP2']"
1574,NSC632839,0.43231256785008243,0.07317607482468509,F3,EGFR signaling & NF-kB signaling,"['AREG', 'TGFA', 'BTC', 'EPGN', 'EFEMP1', 'TNS4', 'GPR87', 'IL18', 'TNIP2', 'TNF', 'TNFAIP2']"
1575,pifithrin-mu,0.3004686001678386,0.22570221369680232,F3,EGFR signaling & NF-kB signaling,"['AREG', 'TGFA', 'BTC', 'EPGN', 'EFEMP1', 'TNS4', 'GPR87', 'IL18', 'TNIP2', 'TNF', 'TNFAIP2']"
1576,camptothecin,0.3823295391662418,0.15960262780633638,F3,EGFR signaling & NF-kB signaling,"['AREG', 'TGFA', 'BTC', 'EPGN', 'EFEMP1', 'TNS4', 'GPR87', 'IL18', 'TNIP2', 'TNF', 'TNFAIP2']"
1577,BRD-K80183349,-0.002692689839994933,0.9921034860036293,F3,EGFR signaling & NF-kB signaling,"['AREG', 'TGFA', 'BTC', 'EPGN', 'EFEMP1', 'TNS4', 'GPR87', 'IL18', 'TNIP2', 'TNF', 'TNFAIP2']"
1578,BRD-K66532283,0.19705078159903486,0.4331996855461008,F3,EGFR signaling & NF-kB signaling,"['AREG', 'TGFA', 'BTC', 'EPGN', 'EFEMP1', 'TNS4', 'GPR87', 'IL18', 'TNIP2', 'TNF', 'TNFAIP2']"
1579,MK-2206,0.38728114859060225,0.15381467766499438,F3,EGFR signaling & NF-kB signaling,"['AREG', 'TGFA', 'BTC', 'EPGN', 'EFEMP1', 'TNS4', 'GPR87', 'IL18', 'TNIP2', 'TNF', 'TNFAIP2']"
1580,triazolothiadiazine,0.5585870449793479,0.015974029069871,F3,EGFR signaling & NF-kB signaling,"['AREG', 'TGFA', 'BTC', 'EPGN', 'EFEMP1', 'TNS4', 'GPR87', 'IL18', 'TNIP2', 'TNF', 'TNFAIP2']"
1581,BRD-K66453893,0.2924062267420046,0.25474344099658225,F3,EGFR signaling & NF-kB signaling,"['AREG', 'TGFA', 'BTC', 'EPGN', 'EFEMP1', 'TNS4', 'GPR87', 'IL18', 'TNIP2', 'TNF', 'TNFAIP2']"
1582,BRD-K11533227,0.12288303586477858,0.6626222681092238,F3,EGFR signaling & NF-kB signaling,"['AREG', 'TGFA', 'BTC', 'EPGN', 'EFEMP1', 'TNS4', 'GPR87', 'IL18', 'TNIP2', 'TNF', 'TNFAIP2']"
1583,Piplartine,0.30227359059804537,0.22278997058078243,F3,EGFR signaling & NF-kB signaling,"['AREG', 'TGFA', 'BTC', 'EPGN', 'EFEMP1', 'TNS4', 'GPR87', 'IL18', 'TNIP2', 'TNF', 'TNFAIP2']"
1584,BRD-K14844214,0.28322259985404724,0.287803082462583,F3,EGFR signaling & NF-kB signaling,"['AREG', 'TGFA', 'BTC', 'EPGN', 'EFEMP1', 'TNS4', 'GPR87', 'IL18', 'TNIP2', 'TNF', 'TNFAIP2']"
1585,BRD1835,0.16223982525693836,0.5200989452964563,F3,EGFR signaling & NF-kB signaling,"['AREG', 'TGFA', 'BTC', 'EPGN', 'EFEMP1', 'TNS4', 'GPR87', 'IL18', 'TNIP2', 'TNF', 'TNFAIP2']"
1586,BRD-K41597374,0.1839494692468906,0.479728338926696,F3,EGFR signaling & NF-kB signaling,"['AREG', 'TGFA', 'BTC', 'EPGN', 'EFEMP1', 'TNS4', 'GPR87', 'IL18', 'TNIP2', 'TNF', 'TNFAIP2']"
1587,BRD-K63431240,0.12067626288217417,0.6333766968796006,F3,EGFR signaling & NF-kB signaling,"['AREG', 'TGFA', 'BTC', 'EPGN', 'EFEMP1', 'TNS4', 'GPR87', 'IL18', 'TNIP2', 'TNF', 'TNFAIP2']"
1588,BRD-K13999467,-0.17441896728067033,0.5031561844949223,F3,EGFR signaling & NF-kB signaling,"['AREG', 'TGFA', 'BTC', 'EPGN', 'EFEMP1', 'TNS4', 'GPR87', 'IL18', 'TNIP2', 'TNF', 'TNFAIP2']"
1589,brefeldin A,0.2677663637528535,0.28271042468812485,F3,EGFR signaling & NF-kB signaling,"['AREG', 'TGFA', 'BTC', 'EPGN', 'EFEMP1', 'TNS4', 'GPR87', 'IL18', 'TNIP2', 'TNF', 'TNFAIP2']"
1590,AGK-2,0.012189241444972911,0.961713582480971,F3,EGFR signaling & NF-kB signaling,"['AREG', 'TGFA', 'BTC', 'EPGN', 'EFEMP1', 'TNS4', 'GPR87', 'IL18', 'TNIP2', 'TNF', 'TNFAIP2']"
1591,L-685458,0.016478968284462447,0.9482543935154977,F3,EGFR signaling & NF-kB signaling,"['AREG', 'TGFA', 'BTC', 'EPGN', 'EFEMP1', 'TNS4', 'GPR87', 'IL18', 'TNIP2', 'TNF', 'TNFAIP2']"
1592,PF-750,0.22646789632220293,0.39898868265607457,F3,EGFR signaling & NF-kB signaling,"['AREG', 'TGFA', 'BTC', 'EPGN', 'EFEMP1', 'TNS4', 'GPR87', 'IL18', 'TNIP2', 'TNF', 'TNFAIP2']"
1593,triptolide,0.32751522161056706,0.18460150638898393,F3,EGFR signaling & NF-kB signaling,"['AREG', 'TGFA', 'BTC', 'EPGN', 'EFEMP1', 'TNS4', 'GPR87', 'IL18', 'TNIP2', 'TNF', 'TNFAIP2']"
1594,nutlin-3,0.30229441812844965,0.2227565089519836,F3,EGFR signaling & NF-kB signaling,"['AREG', 'TGFA', 'BTC', 'EPGN', 'EFEMP1', 'TNS4', 'GPR87', 'IL18', 'TNIP2', 'TNF', 'TNFAIP2']"
1595,AA-COCF3,0.2486889662433787,0.3357953533953752,F3,EGFR signaling & NF-kB signaling,"['AREG', 'TGFA', 'BTC', 'EPGN', 'EFEMP1', 'TNS4', 'GPR87', 'IL18', 'TNIP2', 'TNF', 'TNFAIP2']"
1596,16-beta-bromoandrosterone,0.3156418704208132,0.20197771738927123,F3,EGFR signaling & NF-kB signaling,"['AREG', 'TGFA', 'BTC', 'EPGN', 'EFEMP1', 'TNS4', 'GPR87', 'IL18', 'TNIP2', 'TNF', 'TNFAIP2']"
1597,PRL-3 inhibitor I,0.28268982246323227,0.3073072497771457,F3,EGFR signaling & NF-kB signaling,"['AREG', 'TGFA', 'BTC', 'EPGN', 'EFEMP1', 'TNS4', 'GPR87', 'IL18', 'TNIP2', 'TNF', 'TNFAIP2']"
1598,SID 26681509,0.43457082059098234,0.13783251582512662,F3,EGFR signaling & NF-kB signaling,"['AREG', 'TGFA', 'BTC', 'EPGN', 'EFEMP1', 'TNS4', 'GPR87', 'IL18', 'TNIP2', 'TNF', 'TNFAIP2']"
1599,ISX-9,0.31191976386911346,0.20763892398425024,F3,EGFR signaling & NF-kB signaling,"['AREG', 'TGFA', 'BTC', 'EPGN', 'EFEMP1', 'TNS4', 'GPR87', 'IL18', 'TNIP2', 'TNF', 'TNFAIP2']"
1600,STAT3-inhibitor-VI,-0.469917131775421,0.05699593424514857,F3,EGFR signaling & NF-kB signaling,"['AREG', 'TGFA', 'BTC', 'EPGN', 'EFEMP1', 'TNS4', 'GPR87', 'IL18', 'TNIP2', 'TNF', 'TNFAIP2']"
1601,bortezomib,0.21632062984242964,0.4043274888549169,F3,EGFR signaling & NF-kB signaling,"['AREG', 'TGFA', 'BTC', 'EPGN', 'EFEMP1', 'TNS4', 'GPR87', 'IL18', 'TNIP2', 'TNF', 'TNFAIP2']"
1602,ABT-737,0.05486123977214681,0.8288250972647646,F3,EGFR signaling & NF-kB signaling,"['AREG', 'TGFA', 'BTC', 'EPGN', 'EFEMP1', 'TNS4', 'GPR87', 'IL18', 'TNIP2', 'TNF', 'TNFAIP2']"
1603,zebularine,0.35190428147079933,0.15211304569652198,F3,EGFR signaling & NF-kB signaling,"['AREG', 'TGFA', 'BTC', 'EPGN', 'EFEMP1', 'TNS4', 'GPR87', 'IL18', 'TNIP2', 'TNF', 'TNFAIP2']"
1604,PI-103,0.5227313934152382,0.02603137749368056,F3,EGFR signaling & NF-kB signaling,"['AREG', 'TGFA', 'BTC', 'EPGN', 'EFEMP1', 'TNS4', 'GPR87', 'IL18', 'TNIP2', 'TNF', 'TNFAIP2']"
1605,tubastatin-A,-0.6082829311768442,0.10957744072601013,F3,EGFR signaling & NF-kB signaling,"['AREG', 'TGFA', 'BTC', 'EPGN', 'EFEMP1', 'TNS4', 'GPR87', 'IL18', 'TNIP2', 'TNF', 'TNFAIP2']"
1606,SR-II-138A,0.18776413092021121,0.4556067195171054,F3,EGFR signaling & NF-kB signaling,"['AREG', 'TGFA', 'BTC', 'EPGN', 'EFEMP1', 'TNS4', 'GPR87', 'IL18', 'TNIP2', 'TNF', 'TNFAIP2']"
1607,parthenolide,0.4291555899651635,0.09715780695925395,F3,EGFR signaling & NF-kB signaling,"['AREG', 'TGFA', 'BTC', 'EPGN', 'EFEMP1', 'TNS4', 'GPR87', 'IL18', 'TNIP2', 'TNF', 'TNFAIP2']"
1608,Compound 7d-cis,0.11611644553864503,0.7056081990580606,F3,EGFR signaling & NF-kB signaling,"['AREG', 'TGFA', 'BTC', 'EPGN', 'EFEMP1', 'TNS4', 'GPR87', 'IL18', 'TNIP2', 'TNF', 'TNFAIP2']"
1609,fedratinib,0.01903062323992525,0.944230869721438,F3,EGFR signaling & NF-kB signaling,"['AREG', 'TGFA', 'BTC', 'EPGN', 'EFEMP1', 'TNS4', 'GPR87', 'IL18', 'TNIP2', 'TNF', 'TNFAIP2']"
1610,pevonedistat,0.2733496533876873,0.3242414261642528,F3,EGFR signaling & NF-kB signaling,"['AREG', 'TGFA', 'BTC', 'EPGN', 'EFEMP1', 'TNS4', 'GPR87', 'IL18', 'TNIP2', 'TNF', 'TNFAIP2']"
1611,AZD7545,-0.05595898647058939,0.8429824918886936,F3,EGFR signaling & NF-kB signaling,"['AREG', 'TGFA', 'BTC', 'EPGN', 'EFEMP1', 'TNS4', 'GPR87', 'IL18', 'TNIP2', 'TNF', 'TNFAIP2']"
1612,VER-155008,0.12502742808790382,0.6210856726379292,F3,EGFR signaling & NF-kB signaling,"['AREG', 'TGFA', 'BTC', 'EPGN', 'EFEMP1', 'TNS4', 'GPR87', 'IL18', 'TNIP2', 'TNF', 'TNFAIP2']"
1613,ML203,0.3263981484739756,0.20102584939391782,F3,EGFR signaling & NF-kB signaling,"['AREG', 'TGFA', 'BTC', 'EPGN', 'EFEMP1', 'TNS4', 'GPR87', 'IL18', 'TNIP2', 'TNF', 'TNFAIP2']"
1614,SRT-1720,-0.12544203266684462,0.6559920754242284,F3,EGFR signaling & NF-kB signaling,"['AREG', 'TGFA', 'BTC', 'EPGN', 'EFEMP1', 'TNS4', 'GPR87', 'IL18', 'TNIP2', 'TNF', 'TNFAIP2']"
1615,CAY10594,0.12435048280039578,0.6463477574353151,F3,EGFR signaling & NF-kB signaling,"['AREG', 'TGFA', 'BTC', 'EPGN', 'EFEMP1', 'TNS4', 'GPR87', 'IL18', 'TNIP2', 'TNF', 'TNFAIP2']"
1616,Compound 1541A,0.19953220468142777,0.4426070493497015,F3,EGFR signaling & NF-kB signaling,"['AREG', 'TGFA', 'BTC', 'EPGN', 'EFEMP1', 'TNS4', 'GPR87', 'IL18', 'TNIP2', 'TNF', 'TNFAIP2']"
1617,RG108,0.08271721617780003,0.7441937651595807,F3,EGFR signaling & NF-kB signaling,"['AREG', 'TGFA', 'BTC', 'EPGN', 'EFEMP1', 'TNS4', 'GPR87', 'IL18', 'TNIP2', 'TNF', 'TNFAIP2']"
1618,PAC-1,0.047345532454505415,0.8568058786041509,F3,EGFR signaling & NF-kB signaling,"['AREG', 'TGFA', 'BTC', 'EPGN', 'EFEMP1', 'TNS4', 'GPR87', 'IL18', 'TNIP2', 'TNF', 'TNFAIP2']"
1619,pluripotin,0.1666542795841602,0.522634501155161,F3,EGFR signaling & NF-kB signaling,"['AREG', 'TGFA', 'BTC', 'EPGN', 'EFEMP1', 'TNS4', 'GPR87', 'IL18', 'TNIP2', 'TNF', 'TNFAIP2']"
1620,GMX-1778,0.28114030819449193,0.25842185018416863,F3,EGFR signaling & NF-kB signaling,"['AREG', 'TGFA', 'BTC', 'EPGN', 'EFEMP1', 'TNS4', 'GPR87', 'IL18', 'TNIP2', 'TNF', 'TNFAIP2']"
1621,avrainvillamide,-0.22787688668884734,0.5003679469797773,F3,EGFR signaling & NF-kB signaling,"['AREG', 'TGFA', 'BTC', 'EPGN', 'EFEMP1', 'TNS4', 'GPR87', 'IL18', 'TNIP2', 'TNF', 'TNFAIP2']"
1622,BMS-536924,-0.1876865241206631,0.486383550115858,F3,EGFR signaling & NF-kB signaling,"['AREG', 'TGFA', 'BTC', 'EPGN', 'EFEMP1', 'TNS4', 'GPR87', 'IL18', 'TNIP2', 'TNF', 'TNFAIP2']"
1623,gemcitabine,0.06135419857125721,0.8214186235637462,F3,EGFR signaling & NF-kB signaling,"['AREG', 'TGFA', 'BTC', 'EPGN', 'EFEMP1', 'TNS4', 'GPR87', 'IL18', 'TNIP2', 'TNF', 'TNFAIP2']"
1624,olaparib,0.3839541637750074,0.11571193893178124,F3,EGFR signaling & NF-kB signaling,"['AREG', 'TGFA', 'BTC', 'EPGN', 'EFEMP1', 'TNS4', 'GPR87', 'IL18', 'TNIP2', 'TNF', 'TNFAIP2']"
1625,oligomycin A,0.7337737407426891,0.0005280052953005267,F3,EGFR signaling & NF-kB signaling,"['AREG', 'TGFA', 'BTC', 'EPGN', 'EFEMP1', 'TNS4', 'GPR87', 'IL18', 'TNIP2', 'TNF', 'TNFAIP2']"
1626,indisulam,0.05414355321121421,0.8310336578175552,F3,EGFR signaling & NF-kB signaling,"['AREG', 'TGFA', 'BTC', 'EPGN', 'EFEMP1', 'TNS4', 'GPR87', 'IL18', 'TNIP2', 'TNF', 'TNFAIP2']"
1627,BRD-K02492147,-0.243818331413349,0.3811893403057481,F3,EGFR signaling & NF-kB signaling,"['AREG', 'TGFA', 'BTC', 'EPGN', 'EFEMP1', 'TNS4', 'GPR87', 'IL18', 'TNIP2', 'TNF', 'TNFAIP2']"
1628,austocystin D,0.19974112975265448,0.42681781846990596,F3,EGFR signaling & NF-kB signaling,"['AREG', 'TGFA', 'BTC', 'EPGN', 'EFEMP1', 'TNS4', 'GPR87', 'IL18', 'TNIP2', 'TNF', 'TNFAIP2']"
1629,SJ-172550,0.0041234683763450896,0.9874686040588626,F3,EGFR signaling & NF-kB signaling,"['AREG', 'TGFA', 'BTC', 'EPGN', 'EFEMP1', 'TNS4', 'GPR87', 'IL18', 'TNIP2', 'TNF', 'TNFAIP2']"
1630,BRD-K09587429,-0.30689976473832503,0.24760279562411336,F3,EGFR signaling & NF-kB signaling,"['AREG', 'TGFA', 'BTC', 'EPGN', 'EFEMP1', 'TNS4', 'GPR87', 'IL18', 'TNIP2', 'TNF', 'TNFAIP2']"
1631,pandacostat,-0.054873886761522925,0.8287861891670469,F3,EGFR signaling & NF-kB signaling,"['AREG', 'TGFA', 'BTC', 'EPGN', 'EFEMP1', 'TNS4', 'GPR87', 'IL18', 'TNIP2', 'TNF', 'TNFAIP2']"
1632,cyanoquinoline 11,-0.19794309189550297,0.6096890711379781,F3,EGFR signaling & NF-kB signaling,"['AREG', 'TGFA', 'BTC', 'EPGN', 'EFEMP1', 'TNS4', 'GPR87', 'IL18', 'TNIP2', 'TNF', 'TNFAIP2']"
1633,tipifarnib,0.24518370257464198,0.5248659377101943,F3,EGFR signaling & NF-kB signaling,"['AREG', 'TGFA', 'BTC', 'EPGN', 'EFEMP1', 'TNS4', 'GPR87', 'IL18', 'TNIP2', 'TNF', 'TNFAIP2']"
1634,tipifarnib-P1,0.4069981029470439,0.1049371272025709,F3,EGFR signaling & NF-kB signaling,"['AREG', 'TGFA', 'BTC', 'EPGN', 'EFEMP1', 'TNS4', 'GPR87', 'IL18', 'TNIP2', 'TNF', 'TNFAIP2']"
1635,Compound 23 citrate,0.23155765566758196,0.4257140432970417,F3,EGFR signaling & NF-kB signaling,"['AREG', 'TGFA', 'BTC', 'EPGN', 'EFEMP1', 'TNS4', 'GPR87', 'IL18', 'TNIP2', 'TNF', 'TNFAIP2']"
1636,nakiterpiosin,0.4203501774851725,0.08240776229316508,F3,EGFR signaling & NF-kB signaling,"['AREG', 'TGFA', 'BTC', 'EPGN', 'EFEMP1', 'TNS4', 'GPR87', 'IL18', 'TNIP2', 'TNF', 'TNFAIP2']"
1637,CCT036477,0.5373776662104057,0.021455177052588346,F3,EGFR signaling & NF-kB signaling,"['AREG', 'TGFA', 'BTC', 'EPGN', 'EFEMP1', 'TNS4', 'GPR87', 'IL18', 'TNIP2', 'TNF', 'TNFAIP2']"
1638,R406,-0.4710263285240531,0.06553381883540778,F3,EGFR signaling & NF-kB signaling,"['AREG', 'TGFA', 'BTC', 'EPGN', 'EFEMP1', 'TNS4', 'GPR87', 'IL18', 'TNIP2', 'TNF', 'TNFAIP2']"
1639,YM-155,0.14010723138769784,0.6184658660913781,F3,EGFR signaling & NF-kB signaling,"['AREG', 'TGFA', 'BTC', 'EPGN', 'EFEMP1', 'TNS4', 'GPR87', 'IL18', 'TNIP2', 'TNF', 'TNFAIP2']"
1640,BMS-754807,0.2286206544625683,0.3774522835832702,F3,EGFR signaling & NF-kB signaling,"['AREG', 'TGFA', 'BTC', 'EPGN', 'EFEMP1', 'TNS4', 'GPR87', 'IL18', 'TNIP2', 'TNF', 'TNFAIP2']"
1641,BIBR-1532,0.17645259476414052,0.48367345244426974,F3,EGFR signaling & NF-kB signaling,"['AREG', 'TGFA', 'BTC', 'EPGN', 'EFEMP1', 'TNS4', 'GPR87', 'IL18', 'TNIP2', 'TNF', 'TNFAIP2']"
1642,tosedostat,0.43062443694404695,0.0844286157119682,F3,EGFR signaling & NF-kB signaling,"['AREG', 'TGFA', 'BTC', 'EPGN', 'EFEMP1', 'TNS4', 'GPR87', 'IL18', 'TNIP2', 'TNF', 'TNFAIP2']"
1643,neratinib,-0.09905238311994527,0.6957692261536245,F3,EGFR signaling & NF-kB signaling,"['AREG', 'TGFA', 'BTC', 'EPGN', 'EFEMP1', 'TNS4', 'GPR87', 'IL18', 'TNIP2', 'TNF', 'TNFAIP2']"
1644,ICG-001,0.3692382243487564,0.13156457626435364,F3,EGFR signaling & NF-kB signaling,"['AREG', 'TGFA', 'BTC', 'EPGN', 'EFEMP1', 'TNS4', 'GPR87', 'IL18', 'TNIP2', 'TNF', 'TNFAIP2']"
1645,BRD8958,0.6595008726655434,0.007477701875955981,F3,EGFR signaling & NF-kB signaling,"['AREG', 'TGFA', 'BTC', 'EPGN', 'EFEMP1', 'TNS4', 'GPR87', 'IL18', 'TNIP2', 'TNF', 'TNFAIP2']"
1646,serdemetan,0.45337550592327985,0.0675862209857019,F3,EGFR signaling & NF-kB signaling,"['AREG', 'TGFA', 'BTC', 'EPGN', 'EFEMP1', 'TNS4', 'GPR87', 'IL18', 'TNIP2', 'TNF', 'TNFAIP2']"
1647,FK-866,0.042024176696813575,0.8817878095327856,F3,EGFR signaling & NF-kB signaling,"['AREG', 'TGFA', 'BTC', 'EPGN', 'EFEMP1', 'TNS4', 'GPR87', 'IL18', 'TNIP2', 'TNF', 'TNFAIP2']"
1648,MK-1775,0.13735760576474512,0.5990932416549812,F3,EGFR signaling & NF-kB signaling,"['AREG', 'TGFA', 'BTC', 'EPGN', 'EFEMP1', 'TNS4', 'GPR87', 'IL18', 'TNIP2', 'TNF', 'TNFAIP2']"
1649,tivozanib,0.2229758773151898,0.373807556596207,F3,EGFR signaling & NF-kB signaling,"['AREG', 'TGFA', 'BTC', 'EPGN', 'EFEMP1', 'TNS4', 'GPR87', 'IL18', 'TNIP2', 'TNF', 'TNFAIP2']"
1650,Ko143,0.15461226772759334,0.5401583407283087,F3,EGFR signaling & NF-kB signaling,"['AREG', 'TGFA', 'BTC', 'EPGN', 'EFEMP1', 'TNS4', 'GPR87', 'IL18', 'TNIP2', 'TNF', 'TNFAIP2']"
1651,CR-1-31B,0.227986718671592,0.3628806548957194,F3,EGFR signaling & NF-kB signaling,"['AREG', 'TGFA', 'BTC', 'EPGN', 'EFEMP1', 'TNS4', 'GPR87', 'IL18', 'TNIP2', 'TNF', 'TNFAIP2']"
1652,BRD-K26531177,0.4828918531145157,0.06825752820991572,F3,EGFR signaling & NF-kB signaling,"['AREG', 'TGFA', 'BTC', 'EPGN', 'EFEMP1', 'TNS4', 'GPR87', 'IL18', 'TNIP2', 'TNF', 'TNFAIP2']"
1653,BRD-K71781559,0.05138752760992041,0.8500928087164477,F3,EGFR signaling & NF-kB signaling,"['AREG', 'TGFA', 'BTC', 'EPGN', 'EFEMP1', 'TNS4', 'GPR87', 'IL18', 'TNIP2', 'TNF', 'TNFAIP2']"
1654,BRD-K04800985,0.09762705367260756,0.7093280254361958,F3,EGFR signaling & NF-kB signaling,"['AREG', 'TGFA', 'BTC', 'EPGN', 'EFEMP1', 'TNS4', 'GPR87', 'IL18', 'TNIP2', 'TNF', 'TNFAIP2']"
1655,BRD-K19103580,-0.1428306818641765,0.5844706549628294,F3,EGFR signaling & NF-kB signaling,"['AREG', 'TGFA', 'BTC', 'EPGN', 'EFEMP1', 'TNS4', 'GPR87', 'IL18', 'TNIP2', 'TNF', 'TNFAIP2']"
1656,BRD-K64610608,0.5435584032603676,0.02411895443548003,F3,EGFR signaling & NF-kB signaling,"['AREG', 'TGFA', 'BTC', 'EPGN', 'EFEMP1', 'TNS4', 'GPR87', 'IL18', 'TNIP2', 'TNF', 'TNFAIP2']"
1657,BRD-K02251932,0.37472569645699344,0.15270286519299975,F3,EGFR signaling & NF-kB signaling,"['AREG', 'TGFA', 'BTC', 'EPGN', 'EFEMP1', 'TNS4', 'GPR87', 'IL18', 'TNIP2', 'TNF', 'TNFAIP2']"
1658,BRD-K55116708,-0.30049783102032307,0.25810820949007973,F3,EGFR signaling & NF-kB signaling,"['AREG', 'TGFA', 'BTC', 'EPGN', 'EFEMP1', 'TNS4', 'GPR87', 'IL18', 'TNIP2', 'TNF', 'TNFAIP2']"
1659,NSC23766,-0.02697662304812248,0.9181429916685891,F3,EGFR signaling & NF-kB signaling,"['AREG', 'TGFA', 'BTC', 'EPGN', 'EFEMP1', 'TNS4', 'GPR87', 'IL18', 'TNIP2', 'TNF', 'TNFAIP2']"
1660,pyrazolanthrone,0.30156250916951705,0.2394740557627474,F3,EGFR signaling & NF-kB signaling,"['AREG', 'TGFA', 'BTC', 'EPGN', 'EFEMP1', 'TNS4', 'GPR87', 'IL18', 'TNIP2', 'TNF', 'TNFAIP2']"
1661,C6-ceramide,-0.39223507302354915,0.10741260777789068,F3,EGFR signaling & NF-kB signaling,"['AREG', 'TGFA', 'BTC', 'EPGN', 'EFEMP1', 'TNS4', 'GPR87', 'IL18', 'TNIP2', 'TNF', 'TNFAIP2']"
1662,topotecan,0.37431633807921083,0.1259319784909146,F3,EGFR signaling & NF-kB signaling,"['AREG', 'TGFA', 'BTC', 'EPGN', 'EFEMP1', 'TNS4', 'GPR87', 'IL18', 'TNIP2', 'TNF', 'TNFAIP2']"
1663,BRD-K16147474,-0.242864050788346,0.36476122736274735,F3,EGFR signaling & NF-kB signaling,"['AREG', 'TGFA', 'BTC', 'EPGN', 'EFEMP1', 'TNS4', 'GPR87', 'IL18', 'TNIP2', 'TNF', 'TNFAIP2']"
1664,BRD-K33199242,0.16831434172771279,0.5332087392086245,F3,EGFR signaling & NF-kB signaling,"['AREG', 'TGFA', 'BTC', 'EPGN', 'EFEMP1', 'TNS4', 'GPR87', 'IL18', 'TNIP2', 'TNF', 'TNFAIP2']"
1665,BRD-K52037352,-0.23993282731008586,0.40868009345044287,F3,EGFR signaling & NF-kB signaling,"['AREG', 'TGFA', 'BTC', 'EPGN', 'EFEMP1', 'TNS4', 'GPR87', 'IL18', 'TNIP2', 'TNF', 'TNFAIP2']"
1666,N9-isopropylolomoucine,0.17946365994855767,0.49068838002038884,F3,EGFR signaling & NF-kB signaling,"['AREG', 'TGFA', 'BTC', 'EPGN', 'EFEMP1', 'TNS4', 'GPR87', 'IL18', 'TNIP2', 'TNF', 'TNFAIP2']"
1667,BRD-K37390332,0.24667782458979248,0.3398455670824338,F3,EGFR signaling & NF-kB signaling,"['AREG', 'TGFA', 'BTC', 'EPGN', 'EFEMP1', 'TNS4', 'GPR87', 'IL18', 'TNIP2', 'TNF', 'TNFAIP2']"
1668,tandutinib,0.4071709159570339,0.11751331437915823,F3,EGFR signaling & NF-kB signaling,"['AREG', 'TGFA', 'BTC', 'EPGN', 'EFEMP1', 'TNS4', 'GPR87', 'IL18', 'TNIP2', 'TNF', 'TNFAIP2']"
1669,importazole,0.32570745226208564,0.187180371059935,F3,EGFR signaling & NF-kB signaling,"['AREG', 'TGFA', 'BTC', 'EPGN', 'EFEMP1', 'TNS4', 'GPR87', 'IL18', 'TNIP2', 'TNF', 'TNFAIP2']"
1670,isonicotinohydroxamic acid,0.35172744009798557,0.35328560249279073,F3,EGFR signaling & NF-kB signaling,"['AREG', 'TGFA', 'BTC', 'EPGN', 'EFEMP1', 'TNS4', 'GPR87', 'IL18', 'TNIP2', 'TNF', 'TNFAIP2']"
1671,HLI 373,-0.1835488500742438,0.46596787296308156,F3,EGFR signaling & NF-kB signaling,"['AREG', 'TGFA', 'BTC', 'EPGN', 'EFEMP1', 'TNS4', 'GPR87', 'IL18', 'TNIP2', 'TNF', 'TNFAIP2']"
1672,etoposide,0.3922076815246343,0.11944762570258424,F3,EGFR signaling & NF-kB signaling,"['AREG', 'TGFA', 'BTC', 'EPGN', 'EFEMP1', 'TNS4', 'GPR87', 'IL18', 'TNIP2', 'TNF', 'TNFAIP2']"
1673,PRIMA1,0.275214862207082,0.32081785836065235,F3,EGFR signaling & NF-kB signaling,"['AREG', 'TGFA', 'BTC', 'EPGN', 'EFEMP1', 'TNS4', 'GPR87', 'IL18', 'TNIP2', 'TNF', 'TNFAIP2']"
1674,tanespimycin,0.11353521454250338,0.6537466719092747,F3,EGFR signaling & NF-kB signaling,"['AREG', 'TGFA', 'BTC', 'EPGN', 'EFEMP1', 'TNS4', 'GPR87', 'IL18', 'TNIP2', 'TNF', 'TNFAIP2']"
1675,cytochalasin-B,0.13489204801105215,0.5935753750783229,F3,EGFR signaling & NF-kB signaling,"['AREG', 'TGFA', 'BTC', 'EPGN', 'EFEMP1', 'TNS4', 'GPR87', 'IL18', 'TNIP2', 'TNF', 'TNFAIP2']"
1676,NSC-95397,-0.014414521607776792,0.9593366725670374,F3,EGFR signaling & NF-kB signaling,"['AREG', 'TGFA', 'BTC', 'EPGN', 'EFEMP1', 'TNS4', 'GPR87', 'IL18', 'TNIP2', 'TNF', 'TNFAIP2']"
1677,manumycin A,0.05421387741846505,0.8362798199063104,F3,EGFR signaling & NF-kB signaling,"['AREG', 'TGFA', 'BTC', 'EPGN', 'EFEMP1', 'TNS4', 'GPR87', 'IL18', 'TNIP2', 'TNF', 'TNFAIP2']"
1678,mitomycin-C,0.24080368455682039,0.36897010896981675,F3,EGFR signaling & NF-kB signaling,"['AREG', 'TGFA', 'BTC', 'EPGN', 'EFEMP1', 'TNS4', 'GPR87', 'IL18', 'TNIP2', 'TNF', 'TNFAIP2']"
1679,tacrolimus,-0.026661098407635357,0.9279130025292608,F3,EGFR signaling & NF-kB signaling,"['AREG', 'TGFA', 'BTC', 'EPGN', 'EFEMP1', 'TNS4', 'GPR87', 'IL18', 'TNIP2', 'TNF', 'TNFAIP2']"
1680,pifithrin-alpha,-0.16557379790686194,0.539991962906304,F3,EGFR signaling & NF-kB signaling,"['AREG', 'TGFA', 'BTC', 'EPGN', 'EFEMP1', 'TNS4', 'GPR87', 'IL18', 'TNIP2', 'TNF', 'TNFAIP2']"
1681,SB-431542,0.14093854638612519,0.5769667218746057,F3,EGFR signaling & NF-kB signaling,"['AREG', 'TGFA', 'BTC', 'EPGN', 'EFEMP1', 'TNS4', 'GPR87', 'IL18', 'TNIP2', 'TNF', 'TNFAIP2']"
1682,SB-225002,0.5496600411795901,0.018126566182397552,F3,EGFR signaling & NF-kB signaling,"['AREG', 'TGFA', 'BTC', 'EPGN', 'EFEMP1', 'TNS4', 'GPR87', 'IL18', 'TNIP2', 'TNF', 'TNFAIP2']"
1683,PD-153035,-0.6142284146509686,0.05885207558711293,F3,EGFR signaling & NF-kB signaling,"['AREG', 'TGFA', 'BTC', 'EPGN', 'EFEMP1', 'TNS4', 'GPR87', 'IL18', 'TNIP2', 'TNF', 'TNFAIP2']"
1684,cerulenin,0.4595880907389733,0.055005390534878955,F3,EGFR signaling & NF-kB signaling,"['AREG', 'TGFA', 'BTC', 'EPGN', 'EFEMP1', 'TNS4', 'GPR87', 'IL18', 'TNIP2', 'TNF', 'TNFAIP2']"
1685,purmorphamine,-0.00950823733921726,0.9742647822754944,F3,EGFR signaling & NF-kB signaling,"['AREG', 'TGFA', 'BTC', 'EPGN', 'EFEMP1', 'TNS4', 'GPR87', 'IL18', 'TNIP2', 'TNF', 'TNFAIP2']"
1686,GSK-3-inhibitor-IX,0.29101674369084884,0.2571123492043157,F3,EGFR signaling & NF-kB signaling,"['AREG', 'TGFA', 'BTC', 'EPGN', 'EFEMP1', 'TNS4', 'GPR87', 'IL18', 'TNIP2', 'TNF', 'TNFAIP2']"
1687,dasatinib,-0.43127182637327416,0.07394746187650261,F3,EGFR signaling & NF-kB signaling,"['AREG', 'TGFA', 'BTC', 'EPGN', 'EFEMP1', 'TNS4', 'GPR87', 'IL18', 'TNIP2', 'TNF', 'TNFAIP2']"
1688,gefitinib,-0.49218050194396173,0.0527908255255095,F3,EGFR signaling & NF-kB signaling,"['AREG', 'TGFA', 'BTC', 'EPGN', 'EFEMP1', 'TNS4', 'GPR87', 'IL18', 'TNIP2', 'TNF', 'TNFAIP2']"
1689,erlotinib,-0.5572476817997755,0.024929186191795173,F3,EGFR signaling & NF-kB signaling,"['AREG', 'TGFA', 'BTC', 'EPGN', 'EFEMP1', 'TNS4', 'GPR87', 'IL18', 'TNIP2', 'TNF', 'TNFAIP2']"
1690,BRD-K94991378,0.46933523747751643,0.07756346304279406,F3,EGFR signaling & NF-kB signaling,"['AREG', 'TGFA', 'BTC', 'EPGN', 'EFEMP1', 'TNS4', 'GPR87', 'IL18', 'TNIP2', 'TNF', 'TNFAIP2']"
1691,BIX-01294,0.11042581005679654,0.6730894066508016,F3,EGFR signaling & NF-kB signaling,"['AREG', 'TGFA', 'BTC', 'EPGN', 'EFEMP1', 'TNS4', 'GPR87', 'IL18', 'TNIP2', 'TNF', 'TNFAIP2']"
1692,tacedinaline,-0.138003893502862,0.6688586483264598,F3,EGFR signaling & NF-kB signaling,"['AREG', 'TGFA', 'BTC', 'EPGN', 'EFEMP1', 'TNS4', 'GPR87', 'IL18', 'TNIP2', 'TNF', 'TNFAIP2']"
1693,panobinostat,0.2972316275108962,0.23098602716610783,F3,EGFR signaling & NF-kB signaling,"['AREG', 'TGFA', 'BTC', 'EPGN', 'EFEMP1', 'TNS4', 'GPR87', 'IL18', 'TNIP2', 'TNF', 'TNFAIP2']"
1694,IC-87114,-0.05095059152305556,0.8460205074061008,F3,EGFR signaling & NF-kB signaling,"['AREG', 'TGFA', 'BTC', 'EPGN', 'EFEMP1', 'TNS4', 'GPR87', 'IL18', 'TNIP2', 'TNF', 'TNFAIP2']"
1695,ciclosporin,0.07026412006161747,0.7959618704396061,F3,EGFR signaling & NF-kB signaling,"['AREG', 'TGFA', 'BTC', 'EPGN', 'EFEMP1', 'TNS4', 'GPR87', 'IL18', 'TNIP2', 'TNF', 'TNFAIP2']"
1696,vorinostat,0.08903712681208995,0.7339900451900547,F3,EGFR signaling & NF-kB signaling,"['AREG', 'TGFA', 'BTC', 'EPGN', 'EFEMP1', 'TNS4', 'GPR87', 'IL18', 'TNIP2', 'TNF', 'TNFAIP2']"
1697,sirolimus,0.1236801007878781,0.6248815569890569,F3,EGFR signaling & NF-kB signaling,"['AREG', 'TGFA', 'BTC', 'EPGN', 'EFEMP1', 'TNS4', 'GPR87', 'IL18', 'TNIP2', 'TNF', 'TNFAIP2']"
1698,MIRA-1,-0.09787144048828891,0.7746630150571152,F3,EGFR signaling & NF-kB signaling,"['AREG', 'TGFA', 'BTC', 'EPGN', 'EFEMP1', 'TNS4', 'GPR87', 'IL18', 'TNIP2', 'TNF', 'TNFAIP2']"
1699,KU-55933,-0.33450732215083073,0.20538471487158544,F3,EGFR signaling & NF-kB signaling,"['AREG', 'TGFA', 'BTC', 'EPGN', 'EFEMP1', 'TNS4', 'GPR87', 'IL18', 'TNIP2', 'TNF', 'TNFAIP2']"
1700,AM-580,0.07188425811711079,0.7839578345329131,F3,EGFR signaling & NF-kB signaling,"['AREG', 'TGFA', 'BTC', 'EPGN', 'EFEMP1', 'TNS4', 'GPR87', 'IL18', 'TNIP2', 'TNF', 'TNFAIP2']"
1701,PDMP,-0.09299331105622685,0.7416786328619513,F3,EGFR signaling & NF-kB signaling,"['AREG', 'TGFA', 'BTC', 'EPGN', 'EFEMP1', 'TNS4', 'GPR87', 'IL18', 'TNIP2', 'TNF', 'TNFAIP2']"
1702,BRD-K71935468,0.4599294482818967,0.06323011623734216,F3,EGFR signaling & NF-kB signaling,"['AREG', 'TGFA', 'BTC', 'EPGN', 'EFEMP1', 'TNS4', 'GPR87', 'IL18', 'TNIP2', 'TNF', 'TNFAIP2']"
1703,NSC48300,0.34523182495405164,0.16057959148270276,F3,EGFR signaling & NF-kB signaling,"['AREG', 'TGFA', 'BTC', 'EPGN', 'EFEMP1', 'TNS4', 'GPR87', 'IL18', 'TNIP2', 'TNF', 'TNFAIP2']"
1704,PRIMA-1-Met,-0.33079201040418016,0.3845789914252944,F3,EGFR signaling & NF-kB signaling,"['AREG', 'TGFA', 'BTC', 'EPGN', 'EFEMP1', 'TNS4', 'GPR87', 'IL18', 'TNIP2', 'TNF', 'TNFAIP2']"
1705,evodiamine,0.25939312963871325,0.314710431277561,F3,EGFR signaling & NF-kB signaling,"['AREG', 'TGFA', 'BTC', 'EPGN', 'EFEMP1', 'TNS4', 'GPR87', 'IL18', 'TNIP2', 'TNF', 'TNFAIP2']"
1706,UNC0638,-0.20929095815273624,0.4726968543748701,F3,EGFR signaling & NF-kB signaling,"['AREG', 'TGFA', 'BTC', 'EPGN', 'EFEMP1', 'TNS4', 'GPR87', 'IL18', 'TNIP2', 'TNF', 'TNFAIP2']"
1707,cucurbitacin I,0.4020190884248176,0.12268229443313614,F3,EGFR signaling & NF-kB signaling,"['AREG', 'TGFA', 'BTC', 'EPGN', 'EFEMP1', 'TNS4', 'GPR87', 'IL18', 'TNIP2', 'TNF', 'TNFAIP2']"
1708,BRD-K50799972,-0.4854863132153305,0.048206319414120145,F3,EGFR signaling & NF-kB signaling,"['AREG', 'TGFA', 'BTC', 'EPGN', 'EFEMP1', 'TNS4', 'GPR87', 'IL18', 'TNIP2', 'TNF', 'TNFAIP2']"
1709,BRD-K17060750,-0.08860752640236634,0.7266162148767312,F3,EGFR signaling & NF-kB signaling,"['AREG', 'TGFA', 'BTC', 'EPGN', 'EFEMP1', 'TNS4', 'GPR87', 'IL18', 'TNIP2', 'TNF', 'TNFAIP2']"
1710,barasertib,0.17352177569168709,0.5053891437480204,F3,EGFR signaling & NF-kB signaling,"['AREG', 'TGFA', 'BTC', 'EPGN', 'EFEMP1', 'TNS4', 'GPR87', 'IL18', 'TNIP2', 'TNF', 'TNFAIP2']"
1711,entinostat,0.2327356516657886,0.3526935740656244,F3,EGFR signaling & NF-kB signaling,"['AREG', 'TGFA', 'BTC', 'EPGN', 'EFEMP1', 'TNS4', 'GPR87', 'IL18', 'TNIP2', 'TNF', 'TNFAIP2']"
1712,belinostat,-0.114619365391482,0.7690406218169219,F3,EGFR signaling & NF-kB signaling,"['AREG', 'TGFA', 'BTC', 'EPGN', 'EFEMP1', 'TNS4', 'GPR87', 'IL18', 'TNIP2', 'TNF', 'TNFAIP2']"
1713,linifanib,0.40027590557009984,0.09976949556193396,F3,EGFR signaling & NF-kB signaling,"['AREG', 'TGFA', 'BTC', 'EPGN', 'EFEMP1', 'TNS4', 'GPR87', 'IL18', 'TNIP2', 'TNF', 'TNFAIP2']"
1714,veliparib,0.31163186991103375,0.2080810825072945,F3,EGFR signaling & NF-kB signaling,"['AREG', 'TGFA', 'BTC', 'EPGN', 'EFEMP1', 'TNS4', 'GPR87', 'IL18', 'TNIP2', 'TNF', 'TNFAIP2']"
1715,saracatinib,-0.5973564234507109,0.011338403563288321,F3,EGFR signaling & NF-kB signaling,"['AREG', 'TGFA', 'BTC', 'EPGN', 'EFEMP1', 'TNS4', 'GPR87', 'IL18', 'TNIP2', 'TNF', 'TNFAIP2']"
1716,afatinib,-0.3448889532738769,0.19079570297460358,F3,EGFR signaling & NF-kB signaling,"['AREG', 'TGFA', 'BTC', 'EPGN', 'EFEMP1', 'TNS4', 'GPR87', 'IL18', 'TNIP2', 'TNF', 'TNFAIP2']"
1717,cediranib,-0.20171302251920512,0.6027529268520121,F3,EGFR signaling & NF-kB signaling,"['AREG', 'TGFA', 'BTC', 'EPGN', 'EFEMP1', 'TNS4', 'GPR87', 'IL18', 'TNIP2', 'TNF', 'TNFAIP2']"
1718,canertinib,-0.3376900804049238,0.17052945002682895,F3,EGFR signaling & NF-kB signaling,"['AREG', 'TGFA', 'BTC', 'EPGN', 'EFEMP1', 'TNS4', 'GPR87', 'IL18', 'TNIP2', 'TNF', 'TNFAIP2']"
1719,obatoclax,0.33485045169213906,0.18892127546269355,F3,EGFR signaling & NF-kB signaling,"['AREG', 'TGFA', 'BTC', 'EPGN', 'EFEMP1', 'TNS4', 'GPR87', 'IL18', 'TNIP2', 'TNF', 'TNFAIP2']"
1720,masitinib,0.1368342580430901,0.6004992264163553,F3,EGFR signaling & NF-kB signaling,"['AREG', 'TGFA', 'BTC', 'EPGN', 'EFEMP1', 'TNS4', 'GPR87', 'IL18', 'TNIP2', 'TNF', 'TNFAIP2']"
1721,ZSTK-474,-0.0381811934122911,0.8804382696524166,F3,EGFR signaling & NF-kB signaling,"['AREG', 'TGFA', 'BTC', 'EPGN', 'EFEMP1', 'TNS4', 'GPR87', 'IL18', 'TNIP2', 'TNF', 'TNFAIP2']"
1722,brivanib,0.4856363937604097,0.06647636734582395,F3,EGFR signaling & NF-kB signaling,"['AREG', 'TGFA', 'BTC', 'EPGN', 'EFEMP1', 'TNS4', 'GPR87', 'IL18', 'TNIP2', 'TNF', 'TNFAIP2']"
1723,GDC-0879,0.2423117669377558,0.3326553092284672,F3,EGFR signaling & NF-kB signaling,"['AREG', 'TGFA', 'BTC', 'EPGN', 'EFEMP1', 'TNS4', 'GPR87', 'IL18', 'TNIP2', 'TNF', 'TNFAIP2']"
1724,NVP-TAE684,0.07418641285686021,0.7698635904622777,F3,EGFR signaling & NF-kB signaling,"['AREG', 'TGFA', 'BTC', 'EPGN', 'EFEMP1', 'TNS4', 'GPR87', 'IL18', 'TNIP2', 'TNF', 'TNFAIP2']"
1725,BMS-387032,0.33502303624774254,0.22222359213415002,F3,EGFR signaling & NF-kB signaling,"['AREG', 'TGFA', 'BTC', 'EPGN', 'EFEMP1', 'TNS4', 'GPR87', 'IL18', 'TNIP2', 'TNF', 'TNFAIP2']"
1726,PLX4720,0.22745756328257966,0.36402595025388823,F3,EGFR signaling & NF-kB signaling,"['AREG', 'TGFA', 'BTC', 'EPGN', 'EFEMP1', 'TNS4', 'GPR87', 'IL18', 'TNIP2', 'TNF', 'TNFAIP2']"
1727,TGX-221,-0.07389620968031249,0.7780513194787478,F3,EGFR signaling & NF-kB signaling,"['AREG', 'TGFA', 'BTC', 'EPGN', 'EFEMP1', 'TNS4', 'GPR87', 'IL18', 'TNIP2', 'TNF', 'TNFAIP2']"
1728,KU-0063794,0.43742905496819834,0.06946987378027292,F3,EGFR signaling & NF-kB signaling,"['AREG', 'TGFA', 'BTC', 'EPGN', 'EFEMP1', 'TNS4', 'GPR87', 'IL18', 'TNIP2', 'TNF', 'TNFAIP2']"
1729,TG100-115,0.11332412346165392,0.6543524594749616,F3,EGFR signaling & NF-kB signaling,"['AREG', 'TGFA', 'BTC', 'EPGN', 'EFEMP1', 'TNS4', 'GPR87', 'IL18', 'TNIP2', 'TNF', 'TNFAIP2']"
1730,GSK1059615,-0.1431571622077057,0.6571500611317177,F3,EGFR signaling & NF-kB signaling,"['AREG', 'TGFA', 'BTC', 'EPGN', 'EFEMP1', 'TNS4', 'GPR87', 'IL18', 'TNIP2', 'TNF', 'TNFAIP2']"
1731,SU11274,0.4930874201703929,0.037593760996921216,F3,EGFR signaling & NF-kB signaling,"['AREG', 'TGFA', 'BTC', 'EPGN', 'EFEMP1', 'TNS4', 'GPR87', 'IL18', 'TNIP2', 'TNF', 'TNFAIP2']"
1732,PCI-34051,-0.1704464649217955,0.5279580675372353,F3,EGFR signaling & NF-kB signaling,"['AREG', 'TGFA', 'BTC', 'EPGN', 'EFEMP1', 'TNS4', 'GPR87', 'IL18', 'TNIP2', 'TNF', 'TNFAIP2']"
1733,LRRK2-IN-1,-0.039790453889865476,0.9022846024486797,F3,EGFR signaling & NF-kB signaling,"['AREG', 'TGFA', 'BTC', 'EPGN', 'EFEMP1', 'TNS4', 'GPR87', 'IL18', 'TNIP2', 'TNF', 'TNFAIP2']"
1734,BRD8899,-0.09079845931273162,0.7201106444726083,F3,EGFR signaling & NF-kB signaling,"['AREG', 'TGFA', 'BTC', 'EPGN', 'EFEMP1', 'TNS4', 'GPR87', 'IL18', 'TNIP2', 'TNF', 'TNFAIP2']"
1735,EX-527,0.5794986247668324,0.023569806459521035,F3,EGFR signaling & NF-kB signaling,"['AREG', 'TGFA', 'BTC', 'EPGN', 'EFEMP1', 'TNS4', 'GPR87', 'IL18', 'TNIP2', 'TNF', 'TNFAIP2']"
1736,ELCPK,0.3097893020066037,0.45523798037595,F3,EGFR signaling & NF-kB signaling,"['AREG', 'TGFA', 'BTC', 'EPGN', 'EFEMP1', 'TNS4', 'GPR87', 'IL18', 'TNIP2', 'TNF', 'TNFAIP2']"
1737,NPC-26,-0.23997802207586036,0.4085891425313729,F3,EGFR signaling & NF-kB signaling,"['AREG', 'TGFA', 'BTC', 'EPGN', 'EFEMP1', 'TNS4', 'GPR87', 'IL18', 'TNIP2', 'TNF', 'TNFAIP2']"
1738,"1S,3R-RSL-3",0.11814799376867523,0.6405609147395761,F3,EGFR signaling & NF-kB signaling,"['AREG', 'TGFA', 'BTC', 'EPGN', 'EFEMP1', 'TNS4', 'GPR87', 'IL18', 'TNIP2', 'TNF', 'TNFAIP2']"
1739,CIL55A,0.6937723620310622,0.03817677447054631,F3,EGFR signaling & NF-kB signaling,"['AREG', 'TGFA', 'BTC', 'EPGN', 'EFEMP1', 'TNS4', 'GPR87', 'IL18', 'TNIP2', 'TNF', 'TNFAIP2']"
1740,SCH-529074,0.1608053300131066,0.5669742310459188,F3,EGFR signaling & NF-kB signaling,"['AREG', 'TGFA', 'BTC', 'EPGN', 'EFEMP1', 'TNS4', 'GPR87', 'IL18', 'TNIP2', 'TNF', 'TNFAIP2']"
1741,stemregenin-1,0.17331591718374603,0.5209287931920681,F3,EGFR signaling & NF-kB signaling,"['AREG', 'TGFA', 'BTC', 'EPGN', 'EFEMP1', 'TNS4', 'GPR87', 'IL18', 'TNIP2', 'TNF', 'TNFAIP2']"
1742,FQI-2,0.49913130634449776,0.041377418203149836,F3,EGFR signaling & NF-kB signaling,"['AREG', 'TGFA', 'BTC', 'EPGN', 'EFEMP1', 'TNS4', 'GPR87', 'IL18', 'TNIP2', 'TNF', 'TNFAIP2']"
1743,ML210,0.2549574035349612,0.3072364425650185,F3,EGFR signaling & NF-kB signaling,"['AREG', 'TGFA', 'BTC', 'EPGN', 'EFEMP1', 'TNS4', 'GPR87', 'IL18', 'TNIP2', 'TNF', 'TNFAIP2']"
1744,darinaparsin,-0.34411081920126396,0.3645239427888568,F3,EGFR signaling & NF-kB signaling,"['AREG', 'TGFA', 'BTC', 'EPGN', 'EFEMP1', 'TNS4', 'GPR87', 'IL18', 'TNIP2', 'TNF', 'TNFAIP2']"
1745,PX-12,0.4156717705988483,0.12333213715759402,F3,EGFR signaling & NF-kB signaling,"['AREG', 'TGFA', 'BTC', 'EPGN', 'EFEMP1', 'TNS4', 'GPR87', 'IL18', 'TNIP2', 'TNF', 'TNFAIP2']"
1746,GANT-61,-0.15037731359437873,0.5645564983166217,F3,EGFR signaling & NF-kB signaling,"['AREG', 'TGFA', 'BTC', 'EPGN', 'EFEMP1', 'TNS4', 'GPR87', 'IL18', 'TNIP2', 'TNF', 'TNFAIP2']"
1747,PL-DI,0.2957043550136241,0.24917513204820255,F3,EGFR signaling & NF-kB signaling,"['AREG', 'TGFA', 'BTC', 'EPGN', 'EFEMP1', 'TNS4', 'GPR87', 'IL18', 'TNIP2', 'TNF', 'TNFAIP2']"
1748,TW-37,0.19715417393251783,0.4642437550371802,F3,EGFR signaling & NF-kB signaling,"['AREG', 'TGFA', 'BTC', 'EPGN', 'EFEMP1', 'TNS4', 'GPR87', 'IL18', 'TNIP2', 'TNF', 'TNFAIP2']"
1749,AZD8055,0.3838162712144026,0.1158538745311814,F3,EGFR signaling & NF-kB signaling,"['AREG', 'TGFA', 'BTC', 'EPGN', 'EFEMP1', 'TNS4', 'GPR87', 'IL18', 'TNIP2', 'TNF', 'TNFAIP2']"
1750,CHM-1,0.5731482801081186,0.0161683245906305,F3,EGFR signaling & NF-kB signaling,"['AREG', 'TGFA', 'BTC', 'EPGN', 'EFEMP1', 'TNS4', 'GPR87', 'IL18', 'TNIP2', 'TNF', 'TNFAIP2']"
1751,ML239,0.12698994907541541,0.6155728488940764,F3,EGFR signaling & NF-kB signaling,"['AREG', 'TGFA', 'BTC', 'EPGN', 'EFEMP1', 'TNS4', 'GPR87', 'IL18', 'TNIP2', 'TNF', 'TNFAIP2']"
1752,apicidin,0.08366698280507288,0.7413511235458359,F3,EGFR signaling & NF-kB signaling,"['AREG', 'TGFA', 'BTC', 'EPGN', 'EFEMP1', 'TNS4', 'GPR87', 'IL18', 'TNIP2', 'TNF', 'TNFAIP2']"
1753,salermide,0.05000075806502933,0.8839266722933022,F3,EGFR signaling & NF-kB signaling,"['AREG', 'TGFA', 'BTC', 'EPGN', 'EFEMP1', 'TNS4', 'GPR87', 'IL18', 'TNIP2', 'TNF', 'TNFAIP2']"
1754,fumonisin B1,0.18884313973019842,0.4529734785367973,F3,EGFR signaling & NF-kB signaling,"['AREG', 'TGFA', 'BTC', 'EPGN', 'EFEMP1', 'TNS4', 'GPR87', 'IL18', 'TNIP2', 'TNF', 'TNFAIP2']"
1755,JQ1-(+),0.10088606805576798,0.7000407581851856,F3,EGFR signaling & NF-kB signaling,"['AREG', 'TGFA', 'BTC', 'EPGN', 'EFEMP1', 'TNS4', 'GPR87', 'IL18', 'TNIP2', 'TNF', 'TNFAIP2']"
1756,BRD-K51490254,0.23517768613681878,0.38059845677323134,F3,EGFR signaling & NF-kB signaling,"['AREG', 'TGFA', 'BTC', 'EPGN', 'EFEMP1', 'TNS4', 'GPR87', 'IL18', 'TNIP2', 'TNF', 'TNFAIP2']"
1757,BRD-K85133207,-0.057178504656059316,0.8217025135082914,F3,EGFR signaling & NF-kB signaling,"['AREG', 'TGFA', 'BTC', 'EPGN', 'EFEMP1', 'TNS4', 'GPR87', 'IL18', 'TNIP2', 'TNF', 'TNFAIP2']"
1758,Merck60,0.1295628326266464,0.6201703356070746,F3,EGFR signaling & NF-kB signaling,"['AREG', 'TGFA', 'BTC', 'EPGN', 'EFEMP1', 'TNS4', 'GPR87', 'IL18', 'TNIP2', 'TNF', 'TNFAIP2']"
1759,BRD-A94377914,-0.08480340698232672,0.8282719238924365,F3,EGFR signaling & NF-kB signaling,"['AREG', 'TGFA', 'BTC', 'EPGN', 'EFEMP1', 'TNS4', 'GPR87', 'IL18', 'TNIP2', 'TNF', 'TNFAIP2']"
1760,compound 1B,0.2923984059149684,0.23902187510077547,F3,EGFR signaling & NF-kB signaling,"['AREG', 'TGFA', 'BTC', 'EPGN', 'EFEMP1', 'TNS4', 'GPR87', 'IL18', 'TNIP2', 'TNF', 'TNFAIP2']"
1761,BMS-345541,0.34783028271636246,0.1712876216530082,F3,EGFR signaling & NF-kB signaling,"['AREG', 'TGFA', 'BTC', 'EPGN', 'EFEMP1', 'TNS4', 'GPR87', 'IL18', 'TNIP2', 'TNF', 'TNFAIP2']"
1762,CAY10576,-0.22295265004130208,0.44358267775719684,F3,EGFR signaling & NF-kB signaling,"['AREG', 'TGFA', 'BTC', 'EPGN', 'EFEMP1', 'TNS4', 'GPR87', 'IL18', 'TNIP2', 'TNF', 'TNFAIP2']"
1763,vincristine,0.6080459476063075,0.009609631804186934,F3,EGFR signaling & NF-kB signaling,"['AREG', 'TGFA', 'BTC', 'EPGN', 'EFEMP1', 'TNS4', 'GPR87', 'IL18', 'TNIP2', 'TNF', 'TNFAIP2']"
1764,cytarabine,0.29576711258350014,0.2660446785765252,F3,EGFR signaling & NF-kB signaling,"['AREG', 'TGFA', 'BTC', 'EPGN', 'EFEMP1', 'TNS4', 'GPR87', 'IL18', 'TNIP2', 'TNF', 'TNFAIP2']"
1765,Repligen 136,-0.345871204282505,0.15975467907025193,F3,EGFR signaling & NF-kB signaling,"['AREG', 'TGFA', 'BTC', 'EPGN', 'EFEMP1', 'TNS4', 'GPR87', 'IL18', 'TNIP2', 'TNF', 'TNFAIP2']"
1766,nintedanib,-0.10771755041975863,0.6807041809329683,F3,EGFR signaling & NF-kB signaling,"['AREG', 'TGFA', 'BTC', 'EPGN', 'EFEMP1', 'TNS4', 'GPR87', 'IL18', 'TNIP2', 'TNF', 'TNFAIP2']"
1767,crizotinib,0.21862314943384387,0.3834465817101771,F3,EGFR signaling & NF-kB signaling,"['AREG', 'TGFA', 'BTC', 'EPGN', 'EFEMP1', 'TNS4', 'GPR87', 'IL18', 'TNIP2', 'TNF', 'TNFAIP2']"
1768,foretinib,0.3591251145959602,0.14330179057836148,F3,EGFR signaling & NF-kB signaling,"['AREG', 'TGFA', 'BTC', 'EPGN', 'EFEMP1', 'TNS4', 'GPR87', 'IL18', 'TNIP2', 'TNF', 'TNFAIP2']"
1769,regorafenib,0.32078499771958574,0.20933815268885964,F3,EGFR signaling & NF-kB signaling,"['AREG', 'TGFA', 'BTC', 'EPGN', 'EFEMP1', 'TNS4', 'GPR87', 'IL18', 'TNIP2', 'TNF', 'TNFAIP2']"
1770,WZ8040,-0.5263120539710845,0.05319066631469119,F3,EGFR signaling & NF-kB signaling,"['AREG', 'TGFA', 'BTC', 'EPGN', 'EFEMP1', 'TNS4', 'GPR87', 'IL18', 'TNIP2', 'TNF', 'TNFAIP2']"
1771,OSI-930,0.46426534702766237,0.09445019900994912,F3,EGFR signaling & NF-kB signaling,"['AREG', 'TGFA', 'BTC', 'EPGN', 'EFEMP1', 'TNS4', 'GPR87', 'IL18', 'TNIP2', 'TNF', 'TNFAIP2']"
1772,MGCD-265,-0.286575063241882,0.3004178710990831,F3,EGFR signaling & NF-kB signaling,"['AREG', 'TGFA', 'BTC', 'EPGN', 'EFEMP1', 'TNS4', 'GPR87', 'IL18', 'TNIP2', 'TNF', 'TNFAIP2']"
1773,lenvatinib,0.39775713573477195,0.10212024938752329,F3,EGFR signaling & NF-kB signaling,"['AREG', 'TGFA', 'BTC', 'EPGN', 'EFEMP1', 'TNS4', 'GPR87', 'IL18', 'TNIP2', 'TNF', 'TNFAIP2']"
1774,YK-4-279,0.27789739528877405,0.2641873784831888,F3,EGFR signaling & NF-kB signaling,"['AREG', 'TGFA', 'BTC', 'EPGN', 'EFEMP1', 'TNS4', 'GPR87', 'IL18', 'TNIP2', 'TNF', 'TNFAIP2']"
1775,GPP-78,0.05543331417193237,0.8384297931080003,F3,EGFR signaling & NF-kB signaling,"['AREG', 'TGFA', 'BTC', 'EPGN', 'EFEMP1', 'TNS4', 'GPR87', 'IL18', 'TNIP2', 'TNF', 'TNFAIP2']"
1776,KU 0060648,0.47400907038367,0.0636130009153284,F3,EGFR signaling & NF-kB signaling,"['AREG', 'TGFA', 'BTC', 'EPGN', 'EFEMP1', 'TNS4', 'GPR87', 'IL18', 'TNIP2', 'TNF', 'TNFAIP2']"
1777,narciclasine,0.2929925952568156,0.25374784386232535,F3,EGFR signaling & NF-kB signaling,"['AREG', 'TGFA', 'BTC', 'EPGN', 'EFEMP1', 'TNS4', 'GPR87', 'IL18', 'TNIP2', 'TNF', 'TNFAIP2']"
1778,ixazomib,0.05688276390445562,0.8283299985952658,F3,EGFR signaling & NF-kB signaling,"['AREG', 'TGFA', 'BTC', 'EPGN', 'EFEMP1', 'TNS4', 'GPR87', 'IL18', 'TNIP2', 'TNF', 'TNFAIP2']"
1779,ISOX,0.3013191709935732,0.2567453126919681,F3,EGFR signaling & NF-kB signaling,"['AREG', 'TGFA', 'BTC', 'EPGN', 'EFEMP1', 'TNS4', 'GPR87', 'IL18', 'TNIP2', 'TNF', 'TNFAIP2']"
1780,itraconazole,0.07466263313802948,0.7758043194558809,F3,EGFR signaling & NF-kB signaling,"['AREG', 'TGFA', 'BTC', 'EPGN', 'EFEMP1', 'TNS4', 'GPR87', 'IL18', 'TNIP2', 'TNF', 'TNFAIP2']"
1781,lapatinib,-0.19467589657769926,0.4388743516588724,F3,EGFR signaling & NF-kB signaling,"['AREG', 'TGFA', 'BTC', 'EPGN', 'EFEMP1', 'TNS4', 'GPR87', 'IL18', 'TNIP2', 'TNF', 'TNFAIP2']"
1782,BRD-K29313308,-0.1579808418330504,0.5589830869909802,F3,EGFR signaling & NF-kB signaling,"['AREG', 'TGFA', 'BTC', 'EPGN', 'EFEMP1', 'TNS4', 'GPR87', 'IL18', 'TNIP2', 'TNF', 'TNFAIP2']"
1783,UNC0321,-0.1216496690555316,0.6306189643008069,F3,EGFR signaling & NF-kB signaling,"['AREG', 'TGFA', 'BTC', 'EPGN', 'EFEMP1', 'TNS4', 'GPR87', 'IL18', 'TNIP2', 'TNF', 'TNFAIP2']"
1784,erastin,0.16835780696630842,0.5331014659816016,F3,EGFR signaling & NF-kB signaling,"['AREG', 'TGFA', 'BTC', 'EPGN', 'EFEMP1', 'TNS4', 'GPR87', 'IL18', 'TNIP2', 'TNF', 'TNFAIP2']"
1785,SGX523,0.04874300526662348,0.85773224824483,F3,EGFR signaling & NF-kB signaling,"['AREG', 'TGFA', 'BTC', 'EPGN', 'EFEMP1', 'TNS4', 'GPR87', 'IL18', 'TNIP2', 'TNF', 'TNFAIP2']"
1786,sonidegib,0.21769861939409066,0.3855114570915035,F3,EGFR signaling & NF-kB signaling,"['AREG', 'TGFA', 'BTC', 'EPGN', 'EFEMP1', 'TNS4', 'GPR87', 'IL18', 'TNIP2', 'TNF', 'TNFAIP2']"
1787,alisertib,0.5132771107222329,0.02936691463744074,F3,EGFR signaling & NF-kB signaling,"['AREG', 'TGFA', 'BTC', 'EPGN', 'EFEMP1', 'TNS4', 'GPR87', 'IL18', 'TNIP2', 'TNF', 'TNFAIP2']"
1788,AZD6482,0.23762863028769307,0.34237040173986316,F3,EGFR signaling & NF-kB signaling,"['AREG', 'TGFA', 'BTC', 'EPGN', 'EFEMP1', 'TNS4', 'GPR87', 'IL18', 'TNIP2', 'TNF', 'TNFAIP2']"
1789,ruxolitinib,0.25575091659229776,0.30568124744577535,F3,EGFR signaling & NF-kB signaling,"['AREG', 'TGFA', 'BTC', 'EPGN', 'EFEMP1', 'TNS4', 'GPR87', 'IL18', 'TNIP2', 'TNF', 'TNFAIP2']"
1790,bleomycin,-0.06586541559465982,0.8016929739744456,F3,EGFR signaling & NF-kB signaling,"['AREG', 'TGFA', 'BTC', 'EPGN', 'EFEMP1', 'TNS4', 'GPR87', 'IL18', 'TNIP2', 'TNF', 'TNFAIP2']"
1791,GDC-0941,0.05974355452593461,0.813833776697712,F3,EGFR signaling & NF-kB signaling,"['AREG', 'TGFA', 'BTC', 'EPGN', 'EFEMP1', 'TNS4', 'GPR87', 'IL18', 'TNIP2', 'TNF', 'TNFAIP2']"
1792,SB-525334,0.43406693982271427,0.08170284735236225,F3,EGFR signaling & NF-kB signaling,"['AREG', 'TGFA', 'BTC', 'EPGN', 'EFEMP1', 'TNS4', 'GPR87', 'IL18', 'TNIP2', 'TNF', 'TNFAIP2']"
1793,PHA-793887,0.15434246680418254,0.5681839282088454,F3,EGFR signaling & NF-kB signaling,"['AREG', 'TGFA', 'BTC', 'EPGN', 'EFEMP1', 'TNS4', 'GPR87', 'IL18', 'TNIP2', 'TNF', 'TNFAIP2']"
1794,quizartinib,0.26545637576142517,0.28704225151773843,F3,EGFR signaling & NF-kB signaling,"['AREG', 'TGFA', 'BTC', 'EPGN', 'EFEMP1', 'TNS4', 'GPR87', 'IL18', 'TNIP2', 'TNF', 'TNFAIP2']"
1795,fingolimod,-0.06649244890056097,0.7998409236958464,F3,EGFR signaling & NF-kB signaling,"['AREG', 'TGFA', 'BTC', 'EPGN', 'EFEMP1', 'TNS4', 'GPR87', 'IL18', 'TNIP2', 'TNF', 'TNFAIP2']"
1796,pazopanib,0.29107340110428187,0.2740647180858826,F3,EGFR signaling & NF-kB signaling,"['AREG', 'TGFA', 'BTC', 'EPGN', 'EFEMP1', 'TNS4', 'GPR87', 'IL18', 'TNIP2', 'TNF', 'TNFAIP2']"
1797,WZ-4002,-0.2874475821688036,0.4206380052731959,F3,EGFR signaling & NF-kB signaling,"['AREG', 'TGFA', 'BTC', 'EPGN', 'EFEMP1', 'TNS4', 'GPR87', 'IL18', 'TNIP2', 'TNF', 'TNFAIP2']"
1798,BRD-K24690302,0.3727101458122681,0.1406504020145395,F3,EGFR signaling & NF-kB signaling,"['AREG', 'TGFA', 'BTC', 'EPGN', 'EFEMP1', 'TNS4', 'GPR87', 'IL18', 'TNIP2', 'TNF', 'TNFAIP2']"
1799,BRD-K70511574,0.3621777052957964,0.16803732280541467,F3,EGFR signaling & NF-kB signaling,"['AREG', 'TGFA', 'BTC', 'EPGN', 'EFEMP1', 'TNS4', 'GPR87', 'IL18', 'TNIP2', 'TNF', 'TNFAIP2']"
1800,vemurafenib,0.10415243512118205,0.6907726919096663,F3,EGFR signaling & NF-kB signaling,"['AREG', 'TGFA', 'BTC', 'EPGN', 'EFEMP1', 'TNS4', 'GPR87', 'IL18', 'TNIP2', 'TNF', 'TNFAIP2']"
1801,BRD-K48477130,0.345279385080448,0.36278873570695597,F3,EGFR signaling & NF-kB signaling,"['AREG', 'TGFA', 'BTC', 'EPGN', 'EFEMP1', 'TNS4', 'GPR87', 'IL18', 'TNIP2', 'TNF', 'TNFAIP2']"
1802,GSK461364,0.5326087467934639,0.033667154212767544,F3,EGFR signaling & NF-kB signaling,"['AREG', 'TGFA', 'BTC', 'EPGN', 'EFEMP1', 'TNS4', 'GPR87', 'IL18', 'TNIP2', 'TNF', 'TNFAIP2']"
1803,YL54,-0.1085396073384749,0.700204893311041,F3,EGFR signaling & NF-kB signaling,"['AREG', 'TGFA', 'BTC', 'EPGN', 'EFEMP1', 'TNS4', 'GPR87', 'IL18', 'TNIP2', 'TNF', 'TNFAIP2']"
1804,BRD-K20514654,0.2797639068487659,0.4659453840154761,F3,EGFR signaling & NF-kB signaling,"['AREG', 'TGFA', 'BTC', 'EPGN', 'EFEMP1', 'TNS4', 'GPR87', 'IL18', 'TNIP2', 'TNF', 'TNFAIP2']"
1805,BRD-K55473186,0.08981797868222256,0.7928412111871581,F3,EGFR signaling & NF-kB signaling,"['AREG', 'TGFA', 'BTC', 'EPGN', 'EFEMP1', 'TNS4', 'GPR87', 'IL18', 'TNIP2', 'TNF', 'TNFAIP2']"
1806,BRD-K28456706,0.2120738999400196,0.43039498671535836,F3,EGFR signaling & NF-kB signaling,"['AREG', 'TGFA', 'BTC', 'EPGN', 'EFEMP1', 'TNS4', 'GPR87', 'IL18', 'TNIP2', 'TNF', 'TNFAIP2']"
1807,STF-31,-0.006056128836884553,0.9815959511320176,F3,EGFR signaling & NF-kB signaling,"['AREG', 'TGFA', 'BTC', 'EPGN', 'EFEMP1', 'TNS4', 'GPR87', 'IL18', 'TNIP2', 'TNF', 'TNFAIP2']"
1808,ML334 diastereomer,0.5578994438450416,0.07451478573119348,F3,EGFR signaling & NF-kB signaling,"['AREG', 'TGFA', 'BTC', 'EPGN', 'EFEMP1', 'TNS4', 'GPR87', 'IL18', 'TNIP2', 'TNF', 'TNFAIP2']"
1809,spautin-1,0.2884322415869469,0.24574739621370428,F3,EGFR signaling & NF-kB signaling,"['AREG', 'TGFA', 'BTC', 'EPGN', 'EFEMP1', 'TNS4', 'GPR87', 'IL18', 'TNIP2', 'TNF', 'TNFAIP2']"
1810,VAF-347,0.039242660201751614,0.903624287588492,F3,EGFR signaling & NF-kB signaling,"['AREG', 'TGFA', 'BTC', 'EPGN', 'EFEMP1', 'TNS4', 'GPR87', 'IL18', 'TNIP2', 'TNF', 'TNFAIP2']"
1811,BRD-A02303741,-0.24746960080754005,0.3554500149536105,F3,EGFR signaling & NF-kB signaling,"['AREG', 'TGFA', 'BTC', 'EPGN', 'EFEMP1', 'TNS4', 'GPR87', 'IL18', 'TNIP2', 'TNF', 'TNFAIP2']"
1812,ML320,-0.4914056156392455,0.07433563479734431,F3,EGFR signaling & NF-kB signaling,"['AREG', 'TGFA', 'BTC', 'EPGN', 'EFEMP1', 'TNS4', 'GPR87', 'IL18', 'TNIP2', 'TNF', 'TNFAIP2']"
1813,tigecycline,0.16062845124209285,0.6797248119634095,F3,EGFR signaling & NF-kB signaling,"['AREG', 'TGFA', 'BTC', 'EPGN', 'EFEMP1', 'TNS4', 'GPR87', 'IL18', 'TNIP2', 'TNF', 'TNFAIP2']"
1814,PF-573228,0.5473506993287705,0.022958065361246432,F3,EGFR signaling & NF-kB signaling,"['AREG', 'TGFA', 'BTC', 'EPGN', 'EFEMP1', 'TNS4', 'GPR87', 'IL18', 'TNIP2', 'TNF', 'TNFAIP2']"
1815,ceranib-2,0.31656651064764446,0.2157297258396108,F3,EGFR signaling & NF-kB signaling,"['AREG', 'TGFA', 'BTC', 'EPGN', 'EFEMP1', 'TNS4', 'GPR87', 'IL18', 'TNIP2', 'TNF', 'TNFAIP2']"
1816,GSK4112,0.21596531308186684,0.4051187287095755,F3,EGFR signaling & NF-kB signaling,"['AREG', 'TGFA', 'BTC', 'EPGN', 'EFEMP1', 'TNS4', 'GPR87', 'IL18', 'TNIP2', 'TNF', 'TNFAIP2']"
1817,etomoxir,0.1792769296425386,0.4765873999383378,F3,EGFR signaling & NF-kB signaling,"['AREG', 'TGFA', 'BTC', 'EPGN', 'EFEMP1', 'TNS4', 'GPR87', 'IL18', 'TNIP2', 'TNF', 'TNFAIP2']"
1818,HC-067047,-0.15067948425864802,0.5919392156781266,F3,EGFR signaling & NF-kB signaling,"['AREG', 'TGFA', 'BTC', 'EPGN', 'EFEMP1', 'TNS4', 'GPR87', 'IL18', 'TNIP2', 'TNF', 'TNFAIP2']"
1819,IPR-456,-0.0526570631136203,0.8409240861290257,F3,EGFR signaling & NF-kB signaling,"['AREG', 'TGFA', 'BTC', 'EPGN', 'EFEMP1', 'TNS4', 'GPR87', 'IL18', 'TNIP2', 'TNF', 'TNFAIP2']"
1820,KH-CB19,-0.03048644800425716,0.9290980742289083,F3,EGFR signaling & NF-kB signaling,"['AREG', 'TGFA', 'BTC', 'EPGN', 'EFEMP1', 'TNS4', 'GPR87', 'IL18', 'TNIP2', 'TNF', 'TNFAIP2']"
1821,leptomycin B,0.13211081758170254,0.6012805671133169,F3,EGFR signaling & NF-kB signaling,"['AREG', 'TGFA', 'BTC', 'EPGN', 'EFEMP1', 'TNS4', 'GPR87', 'IL18', 'TNIP2', 'TNF', 'TNFAIP2']"
1822,AZ3146,-0.16418518266016688,0.5748803752027165,F3,EGFR signaling & NF-kB signaling,"['AREG', 'TGFA', 'BTC', 'EPGN', 'EFEMP1', 'TNS4', 'GPR87', 'IL18', 'TNIP2', 'TNF', 'TNFAIP2']"
1823,VU0155056,-0.004516136377712725,0.9862753701658075,F3,EGFR signaling & NF-kB signaling,"['AREG', 'TGFA', 'BTC', 'EPGN', 'EFEMP1', 'TNS4', 'GPR87', 'IL18', 'TNIP2', 'TNF', 'TNFAIP2']"
1824,JQ-1:UNC0638,0.3221367057288601,0.20731641098336387,F3,EGFR signaling & NF-kB signaling,"['AREG', 'TGFA', 'BTC', 'EPGN', 'EFEMP1', 'TNS4', 'GPR87', 'IL18', 'TNIP2', 'TNF', 'TNFAIP2']"
1825,carboplatin:UNC0638,0.010130339044681275,0.9702976902411032,F3,EGFR signaling & NF-kB signaling,"['AREG', 'TGFA', 'BTC', 'EPGN', 'EFEMP1', 'TNS4', 'GPR87', 'IL18', 'TNIP2', 'TNF', 'TNFAIP2']"
1826,vorinostat:carboplatin,0.038826907210778236,0.8784303416394804,F3,EGFR signaling & NF-kB signaling,"['AREG', 'TGFA', 'BTC', 'EPGN', 'EFEMP1', 'TNS4', 'GPR87', 'IL18', 'TNIP2', 'TNF', 'TNFAIP2']"
1827,serdemetan:SCH-529074,0.04502896742564533,0.8684811529444842,F3,EGFR signaling & NF-kB signaling,"['AREG', 'TGFA', 'BTC', 'EPGN', 'EFEMP1', 'TNS4', 'GPR87', 'IL18', 'TNIP2', 'TNF', 'TNFAIP2']"
1828,selumetinib:PLX-4032,-0.11309757753881959,0.6656065433712893,F3,EGFR signaling & NF-kB signaling,"['AREG', 'TGFA', 'BTC', 'EPGN', 'EFEMP1', 'TNS4', 'GPR87', 'IL18', 'TNIP2', 'TNF', 'TNFAIP2']"
1829,sirolimus:bortezomib,0.21027450754639682,0.40231356807618057,F3,EGFR signaling & NF-kB signaling,"['AREG', 'TGFA', 'BTC', 'EPGN', 'EFEMP1', 'TNS4', 'GPR87', 'IL18', 'TNIP2', 'TNF', 'TNFAIP2']"
1830,BRD-K97651142,0.6088398076220484,0.007326808330970497,F3,EGFR signaling & NF-kB signaling,"['AREG', 'TGFA', 'BTC', 'EPGN', 'EFEMP1', 'TNS4', 'GPR87', 'IL18', 'TNIP2', 'TNF', 'TNFAIP2']"
1831,vorapaxar,-0.12044746405201452,0.6451767070146646,F3,EGFR signaling & NF-kB signaling,"['AREG', 'TGFA', 'BTC', 'EPGN', 'EFEMP1', 'TNS4', 'GPR87', 'IL18', 'TNIP2', 'TNF', 'TNFAIP2']"
1832,CH55,0.15369907207469555,0.5558848936905527,F3,EGFR signaling & NF-kB signaling,"['AREG', 'TGFA', 'BTC', 'EPGN', 'EFEMP1', 'TNS4', 'GPR87', 'IL18', 'TNIP2', 'TNF', 'TNFAIP2']"
1833,BRD-K79669418,0.10973015420603502,0.7959015309258061,F3,EGFR signaling & NF-kB signaling,"['AREG', 'TGFA', 'BTC', 'EPGN', 'EFEMP1', 'TNS4', 'GPR87', 'IL18', 'TNIP2', 'TNF', 'TNFAIP2']"
1834,BRD-K99584050,0.329981228836861,0.42473162080412485,F3,EGFR signaling & NF-kB signaling,"['AREG', 'TGFA', 'BTC', 'EPGN', 'EFEMP1', 'TNS4', 'GPR87', 'IL18', 'TNIP2', 'TNF', 'TNFAIP2']"
1835,BRD-A71883111,-0.2822877133106511,0.25640090244829544,F3,EGFR signaling & NF-kB signaling,"['AREG', 'TGFA', 'BTC', 'EPGN', 'EFEMP1', 'TNS4', 'GPR87', 'IL18', 'TNIP2', 'TNF', 'TNFAIP2']"
1836,navitoclax:birinapant,-0.1107222760532849,0.6722576424520678,F3,EGFR signaling & NF-kB signaling,"['AREG', 'TGFA', 'BTC', 'EPGN', 'EFEMP1', 'TNS4', 'GPR87', 'IL18', 'TNIP2', 'TNF', 'TNFAIP2']"
1837,ISOX:bortezomib,-0.0002822602186929868,0.9991722389632101,F3,EGFR signaling & NF-kB signaling,"['AREG', 'TGFA', 'BTC', 'EPGN', 'EFEMP1', 'TNS4', 'GPR87', 'IL18', 'TNIP2', 'TNF', 'TNFAIP2']"
1838,selumetinib:GDC-0941,0.08513298112229643,0.7452824246419893,F3,EGFR signaling & NF-kB signaling,"['AREG', 'TGFA', 'BTC', 'EPGN', 'EFEMP1', 'TNS4', 'GPR87', 'IL18', 'TNIP2', 'TNF', 'TNFAIP2']"
1839,selumetinib:tretinoin,-0.016062920037832804,0.9512095831028665,F3,EGFR signaling & NF-kB signaling,"['AREG', 'TGFA', 'BTC', 'EPGN', 'EFEMP1', 'TNS4', 'GPR87', 'IL18', 'TNIP2', 'TNF', 'TNFAIP2']"
1840,selumetinib:vorinostat,0.06779928373083373,0.7959842133348417,F3,EGFR signaling & NF-kB signaling,"['AREG', 'TGFA', 'BTC', 'EPGN', 'EFEMP1', 'TNS4', 'GPR87', 'IL18', 'TNIP2', 'TNF', 'TNFAIP2']"
1841,selumetinib:JQ-1,-0.19252685823719415,0.4591098886303191,F3,EGFR signaling & NF-kB signaling,"['AREG', 'TGFA', 'BTC', 'EPGN', 'EFEMP1', 'TNS4', 'GPR87', 'IL18', 'TNIP2', 'TNF', 'TNFAIP2']"
1842,selumetinib:BRD-A02303741,-0.029113292465489587,0.9087040565189957,F3,EGFR signaling & NF-kB signaling,"['AREG', 'TGFA', 'BTC', 'EPGN', 'EFEMP1', 'TNS4', 'GPR87', 'IL18', 'TNIP2', 'TNF', 'TNFAIP2']"
1843,tretinoin:navitoclax,0.24297527665305535,0.34737502235108814,F3,EGFR signaling & NF-kB signaling,"['AREG', 'TGFA', 'BTC', 'EPGN', 'EFEMP1', 'TNS4', 'GPR87', 'IL18', 'TNIP2', 'TNF', 'TNFAIP2']"
1844,decitabine:navitoclax,0.15225618667447016,0.5596444509448925,F3,EGFR signaling & NF-kB signaling,"['AREG', 'TGFA', 'BTC', 'EPGN', 'EFEMP1', 'TNS4', 'GPR87', 'IL18', 'TNIP2', 'TNF', 'TNFAIP2']"
1845,tretinoin:carboplatin,0.20934886140362602,0.4044358454313234,F3,EGFR signaling & NF-kB signaling,"['AREG', 'TGFA', 'BTC', 'EPGN', 'EFEMP1', 'TNS4', 'GPR87', 'IL18', 'TNIP2', 'TNF', 'TNFAIP2']"
1846,necrostatin-7,-0.04210944731150449,0.8682340264925487,F3,EGFR signaling & NF-kB signaling,"['AREG', 'TGFA', 'BTC', 'EPGN', 'EFEMP1', 'TNS4', 'GPR87', 'IL18', 'TNIP2', 'TNF', 'TNFAIP2']"
1847,PYR-41,-0.09936031822771915,0.7043838007589944,F3,EGFR signaling & NF-kB signaling,"['AREG', 'TGFA', 'BTC', 'EPGN', 'EFEMP1', 'TNS4', 'GPR87', 'IL18', 'TNIP2', 'TNF', 'TNFAIP2']"
1848,I-BET151,0.0826508246666674,0.744392592431246,F3,EGFR signaling & NF-kB signaling,"['AREG', 'TGFA', 'BTC', 'EPGN', 'EFEMP1', 'TNS4', 'GPR87', 'IL18', 'TNIP2', 'TNF', 'TNFAIP2']"
1849,lomeguatrib,-0.04843256304691795,0.8535511642268732,F3,EGFR signaling & NF-kB signaling,"['AREG', 'TGFA', 'BTC', 'EPGN', 'EFEMP1', 'TNS4', 'GPR87', 'IL18', 'TNIP2', 'TNF', 'TNFAIP2']"
1850,PF-184,0.3076985500026405,0.214183745858552,F3,EGFR signaling & NF-kB signaling,"['AREG', 'TGFA', 'BTC', 'EPGN', 'EFEMP1', 'TNS4', 'GPR87', 'IL18', 'TNIP2', 'TNF', 'TNFAIP2']"
1851,tanespimycin:gemcitabine,0.17310084303973253,0.49214916532088826,F3,EGFR signaling & NF-kB signaling,"['AREG', 'TGFA', 'BTC', 'EPGN', 'EFEMP1', 'TNS4', 'GPR87', 'IL18', 'TNIP2', 'TNF', 'TNFAIP2']"
1852,docetaxel:tanespimycin,0.26248294861726157,0.2926773591624923,F3,EGFR signaling & NF-kB signaling,"['AREG', 'TGFA', 'BTC', 'EPGN', 'EFEMP1', 'TNS4', 'GPR87', 'IL18', 'TNIP2', 'TNF', 'TNFAIP2']"
1853,selumetinib:MK-2206,-0.004684020966145538,0.985765213140938,F3,EGFR signaling & NF-kB signaling,"['AREG', 'TGFA', 'BTC', 'EPGN', 'EFEMP1', 'TNS4', 'GPR87', 'IL18', 'TNIP2', 'TNF', 'TNFAIP2']"
1854,navitoclax:PLX-4032,0.19276842677449568,0.4434599035996538,F3,EGFR signaling & NF-kB signaling,"['AREG', 'TGFA', 'BTC', 'EPGN', 'EFEMP1', 'TNS4', 'GPR87', 'IL18', 'TNIP2', 'TNF', 'TNFAIP2']"
1855,selumetinib:piperlongumine,0.08275809945737235,0.7440713368178334,F3,EGFR signaling & NF-kB signaling,"['AREG', 'TGFA', 'BTC', 'EPGN', 'EFEMP1', 'TNS4', 'GPR87', 'IL18', 'TNIP2', 'TNF', 'TNFAIP2']"
1856,tanespimycin:bortezomib,0.29648006908126756,0.28326780346219227,F3,EGFR signaling & NF-kB signaling,"['AREG', 'TGFA', 'BTC', 'EPGN', 'EFEMP1', 'TNS4', 'GPR87', 'IL18', 'TNIP2', 'TNF', 'TNFAIP2']"
1857,navitoclax:MST-312,0.28847778128832996,0.2456695011134794,F3,EGFR signaling & NF-kB signaling,"['AREG', 'TGFA', 'BTC', 'EPGN', 'EFEMP1', 'TNS4', 'GPR87', 'IL18', 'TNIP2', 'TNF', 'TNFAIP2']"
1858,carboplatin:etoposide,0.26659736707779697,0.2848975715495911,F3,EGFR signaling & NF-kB signaling,"['AREG', 'TGFA', 'BTC', 'EPGN', 'EFEMP1', 'TNS4', 'GPR87', 'IL18', 'TNIP2', 'TNF', 'TNFAIP2']"
1859,piperlongumine:MST-312,0.269031280275489,0.3523289316189022,F3,EGFR signaling & NF-kB signaling,"['AREG', 'TGFA', 'BTC', 'EPGN', 'EFEMP1', 'TNS4', 'GPR87', 'IL18', 'TNIP2', 'TNF', 'TNFAIP2']"
1860,navitoclax:gemcitabine,0.07684414719330891,0.7618404804609243,F3,EGFR signaling & NF-kB signaling,"['AREG', 'TGFA', 'BTC', 'EPGN', 'EFEMP1', 'TNS4', 'GPR87', 'IL18', 'TNIP2', 'TNF', 'TNFAIP2']"
1861,JW-480,0.12863206514181078,0.6477602059064691,F3,EGFR signaling & NF-kB signaling,"['AREG', 'TGFA', 'BTC', 'EPGN', 'EFEMP1', 'TNS4', 'GPR87', 'IL18', 'TNIP2', 'TNF', 'TNFAIP2']"
1862,BMS-195614,0.0629895080938467,0.8102001186257752,F3,EGFR signaling & NF-kB signaling,"['AREG', 'TGFA', 'BTC', 'EPGN', 'EFEMP1', 'TNS4', 'GPR87', 'IL18', 'TNIP2', 'TNF', 'TNFAIP2']"
1863,BAM7,0.06977955142782397,0.7901486052347136,F3,EGFR signaling & NF-kB signaling,"['AREG', 'TGFA', 'BTC', 'EPGN', 'EFEMP1', 'TNS4', 'GPR87', 'IL18', 'TNIP2', 'TNF', 'TNFAIP2']"
1864,BRD-K35604418,0.30242017488505185,0.2225545363989394,F3,EGFR signaling & NF-kB signaling,"['AREG', 'TGFA', 'BTC', 'EPGN', 'EFEMP1', 'TNS4', 'GPR87', 'IL18', 'TNIP2', 'TNF', 'TNFAIP2']"
1865,SB-743921,0.4342027153421544,0.08159666718042022,F3,EGFR signaling & NF-kB signaling,"['AREG', 'TGFA', 'BTC', 'EPGN', 'EFEMP1', 'TNS4', 'GPR87', 'IL18', 'TNIP2', 'TNF', 'TNFAIP2']"
1866,I-BET-762,-0.05073086178475843,0.8415518743883692,F3,EGFR signaling & NF-kB signaling,"['AREG', 'TGFA', 'BTC', 'EPGN', 'EFEMP1', 'TNS4', 'GPR87', 'IL18', 'TNIP2', 'TNF', 'TNFAIP2']"
1867,navitoclax:pluripotin,0.17862255979077765,0.4782245822584436,F3,EGFR signaling & NF-kB signaling,"['AREG', 'TGFA', 'BTC', 'EPGN', 'EFEMP1', 'TNS4', 'GPR87', 'IL18', 'TNIP2', 'TNF', 'TNFAIP2']"
1868,JQ-1:carboplatin,0.015344941097019171,0.9550203469583947,F3,EGFR signaling & NF-kB signaling,"['AREG', 'TGFA', 'BTC', 'EPGN', 'EFEMP1', 'TNS4', 'GPR87', 'IL18', 'TNIP2', 'TNF', 'TNFAIP2']"
1869,selumetinib:navitoclax,0.03654823272979556,0.8892450380273595,F3,EGFR signaling & NF-kB signaling,"['AREG', 'TGFA', 'BTC', 'EPGN', 'EFEMP1', 'TNS4', 'GPR87', 'IL18', 'TNIP2', 'TNF', 'TNFAIP2']"
1870,selumetinib:decitabine,0.03902820479790397,0.8901665327609964,F3,EGFR signaling & NF-kB signaling,"['AREG', 'TGFA', 'BTC', 'EPGN', 'EFEMP1', 'TNS4', 'GPR87', 'IL18', 'TNIP2', 'TNF', 'TNFAIP2']"
1871,decitabine:carboplatin,-0.011171175335530907,0.9660582499469728,F3,EGFR signaling & NF-kB signaling,"['AREG', 'TGFA', 'BTC', 'EPGN', 'EFEMP1', 'TNS4', 'GPR87', 'IL18', 'TNIP2', 'TNF', 'TNFAIP2']"
1872,SNX-2112:bortezomib,0.09559763841562618,0.7059246643716028,F3,EGFR signaling & NF-kB signaling,"['AREG', 'TGFA', 'BTC', 'EPGN', 'EFEMP1', 'TNS4', 'GPR87', 'IL18', 'TNIP2', 'TNF', 'TNFAIP2']"
1873,JQ-1:navitoclax,0.2108593514734553,0.40097577977981186,F3,EGFR signaling & NF-kB signaling,"['AREG', 'TGFA', 'BTC', 'EPGN', 'EFEMP1', 'TNS4', 'GPR87', 'IL18', 'TNIP2', 'TNF', 'TNFAIP2']"
1874,JQ-1:MK-0752,0.1464445417366305,0.5748978382347808,F3,EGFR signaling & NF-kB signaling,"['AREG', 'TGFA', 'BTC', 'EPGN', 'EFEMP1', 'TNS4', 'GPR87', 'IL18', 'TNIP2', 'TNF', 'TNFAIP2']"
1875,BRD-A02303741:navitoclax,0.4125026567396505,0.12651053651622746,F3,EGFR signaling & NF-kB signaling,"['AREG', 'TGFA', 'BTC', 'EPGN', 'EFEMP1', 'TNS4', 'GPR87', 'IL18', 'TNIP2', 'TNF', 'TNFAIP2']"
1876,salermide:PLX-4032,0.2962028672939002,0.2653074726706745,F3,EGFR signaling & NF-kB signaling,"['AREG', 'TGFA', 'BTC', 'EPGN', 'EFEMP1', 'TNS4', 'GPR87', 'IL18', 'TNIP2', 'TNF', 'TNFAIP2']"
1877,UNC0638:navitoclax,0.5131267781461137,0.03516150618916872,F3,EGFR signaling & NF-kB signaling,"['AREG', 'TGFA', 'BTC', 'EPGN', 'EFEMP1', 'TNS4', 'GPR87', 'IL18', 'TNIP2', 'TNF', 'TNFAIP2']"
1878,BRD-A02303741:carboplatin,0.073735275433597,0.7712277086240726,F3,EGFR signaling & NF-kB signaling,"['AREG', 'TGFA', 'BTC', 'EPGN', 'EFEMP1', 'TNS4', 'GPR87', 'IL18', 'TNIP2', 'TNF', 'TNFAIP2']"
1879,doxorubicin:navitoclax,0.48431820208008297,0.057291184297962316,F3,EGFR signaling & NF-kB signaling,"['AREG', 'TGFA', 'BTC', 'EPGN', 'EFEMP1', 'TNS4', 'GPR87', 'IL18', 'TNIP2', 'TNF', 'TNFAIP2']"
1880,selumetinib:UNC0638,0.04025285763937769,0.8823353883651068,F3,EGFR signaling & NF-kB signaling,"['AREG', 'TGFA', 'BTC', 'EPGN', 'EFEMP1', 'TNS4', 'GPR87', 'IL18', 'TNIP2', 'TNF', 'TNFAIP2']"
1881,alisertib:navitoclax,0.30071204332941615,0.22530800947537,F3,EGFR signaling & NF-kB signaling,"['AREG', 'TGFA', 'BTC', 'EPGN', 'EFEMP1', 'TNS4', 'GPR87', 'IL18', 'TNIP2', 'TNF', 'TNFAIP2']"
1882,navitoclax:sorafenib,0.39560756947403397,0.12933258158293268,F3,EGFR signaling & NF-kB signaling,"['AREG', 'TGFA', 'BTC', 'EPGN', 'EFEMP1', 'TNS4', 'GPR87', 'IL18', 'TNIP2', 'TNF', 'TNFAIP2']"
1883,navitoclax:piperlongumine,0.22557405176250495,0.40090240903465685,F3,EGFR signaling & NF-kB signaling,"['AREG', 'TGFA', 'BTC', 'EPGN', 'EFEMP1', 'TNS4', 'GPR87', 'IL18', 'TNIP2', 'TNF', 'TNFAIP2']"
1884,SMER-3,0.15038342337815216,0.5926757635941039,F3,EGFR signaling & NF-kB signaling,"['AREG', 'TGFA', 'BTC', 'EPGN', 'EFEMP1', 'TNS4', 'GPR87', 'IL18', 'TNIP2', 'TNF', 'TNFAIP2']"
1885,NVP-ADW742,-0.24645333339519687,0.37590100599699205,F3,EGFR signaling & NF-kB signaling,"['AREG', 'TGFA', 'BTC', 'EPGN', 'EFEMP1', 'TNS4', 'GPR87', 'IL18', 'TNIP2', 'TNF', 'TNFAIP2']"
1886,clofarabine,0.27940444570662815,0.26149814363799484,F3,EGFR signaling & NF-kB signaling,"['AREG', 'TGFA', 'BTC', 'EPGN', 'EFEMP1', 'TNS4', 'GPR87', 'IL18', 'TNIP2', 'TNF', 'TNFAIP2']"
1887,vorinostat:navitoclax,0.30044430148944284,0.24130710019108673,F3,EGFR signaling & NF-kB signaling,"['AREG', 'TGFA', 'BTC', 'EPGN', 'EFEMP1', 'TNS4', 'GPR87', 'IL18', 'TNIP2', 'TNF', 'TNFAIP2']"
1888,SAR-245409,-0.04307312047795159,0.8652443210490056,F3,EGFR signaling & NF-kB signaling,"['AREG', 'TGFA', 'BTC', 'EPGN', 'EFEMP1', 'TNS4', 'GPR87', 'IL18', 'TNIP2', 'TNF', 'TNFAIP2']"
1889,AZD1480,0.21582614271717174,0.5770339836855857,F3,EGFR signaling & NF-kB signaling,"['AREG', 'TGFA', 'BTC', 'EPGN', 'EFEMP1', 'TNS4', 'GPR87', 'IL18', 'TNIP2', 'TNF', 'TNFAIP2']"
1890,ML258,0.37821169019282724,0.12172773760446401,F3,EGFR signaling & NF-kB signaling,"['AREG', 'TGFA', 'BTC', 'EPGN', 'EFEMP1', 'TNS4', 'GPR87', 'IL18', 'TNIP2', 'TNF', 'TNFAIP2']"
1891,SR1001,-0.18184822317655844,0.4701811648841976,F3,EGFR signaling & NF-kB signaling,"['AREG', 'TGFA', 'BTC', 'EPGN', 'EFEMP1', 'TNS4', 'GPR87', 'IL18', 'TNIP2', 'TNF', 'TNFAIP2']"
1892,bardoxolone methyl,0.07421588374258258,0.7847311141581377,F3,EGFR signaling & NF-kB signaling,"['AREG', 'TGFA', 'BTC', 'EPGN', 'EFEMP1', 'TNS4', 'GPR87', 'IL18', 'TNIP2', 'TNF', 'TNFAIP2']"
1893,elocalcitol,0.19220982708661385,0.5103368191090178,F3,EGFR signaling & NF-kB signaling,"['AREG', 'TGFA', 'BTC', 'EPGN', 'EFEMP1', 'TNS4', 'GPR87', 'IL18', 'TNIP2', 'TNF', 'TNFAIP2']"
1894,BMS-270394,0.44281954566072973,0.06571750712603902,F3,EGFR signaling & NF-kB signaling,"['AREG', 'TGFA', 'BTC', 'EPGN', 'EFEMP1', 'TNS4', 'GPR87', 'IL18', 'TNIP2', 'TNF', 'TNFAIP2']"
1895,fluvastatin,0.6315005248414687,0.011567530347981168,F3,EGFR signaling & NF-kB signaling,"['AREG', 'TGFA', 'BTC', 'EPGN', 'EFEMP1', 'TNS4', 'GPR87', 'IL18', 'TNIP2', 'TNF', 'TNFAIP2']"
1896,AZD4547,0.50339913373424,0.03319647868962568,F3,EGFR signaling & NF-kB signaling,"['AREG', 'TGFA', 'BTC', 'EPGN', 'EFEMP1', 'TNS4', 'GPR87', 'IL18', 'TNIP2', 'TNF', 'TNFAIP2']"
1897,hyperforin,0.4831788943809258,0.04944010288764497,F3,EGFR signaling & NF-kB signaling,"['AREG', 'TGFA', 'BTC', 'EPGN', 'EFEMP1', 'TNS4', 'GPR87', 'IL18', 'TNIP2', 'TNF', 'TNFAIP2']"
1898,NVP-231,0.371118879299628,0.12945841830883809,F3,EGFR signaling & NF-kB signaling,"['AREG', 'TGFA', 'BTC', 'EPGN', 'EFEMP1', 'TNS4', 'GPR87', 'IL18', 'TNIP2', 'TNF', 'TNFAIP2']"
1899,MK-0752,0.13769416959925151,0.5981897627189455,F3,EGFR signaling & NF-kB signaling,"['AREG', 'TGFA', 'BTC', 'EPGN', 'EFEMP1', 'TNS4', 'GPR87', 'IL18', 'TNIP2', 'TNF', 'TNFAIP2']"
1900,semagacestat,-0.05456226947581403,0.8297449809676183,F3,EGFR signaling & NF-kB signaling,"['AREG', 'TGFA', 'BTC', 'EPGN', 'EFEMP1', 'TNS4', 'GPR87', 'IL18', 'TNIP2', 'TNF', 'TNFAIP2']"
1901,BRD-A05715709,-0.01612268350387542,0.9671622528103809,F3,EGFR signaling & NF-kB signaling,"['AREG', 'TGFA', 'BTC', 'EPGN', 'EFEMP1', 'TNS4', 'GPR87', 'IL18', 'TNIP2', 'TNF', 'TNFAIP2']"
1902,bosutinib,-0.3986868913502044,0.10124793153087272,F3,EGFR signaling & NF-kB signaling,"['AREG', 'TGFA', 'BTC', 'EPGN', 'EFEMP1', 'TNS4', 'GPR87', 'IL18', 'TNIP2', 'TNF', 'TNFAIP2']"
1903,temsirolimus,0.18279737831047382,0.6378224598957928,F3,EGFR signaling & NF-kB signaling,"['AREG', 'TGFA', 'BTC', 'EPGN', 'EFEMP1', 'TNS4', 'GPR87', 'IL18', 'TNIP2', 'TNF', 'TNFAIP2']"
1904,docetaxel,-0.07052317889163252,0.8569254767269322,F3,EGFR signaling & NF-kB signaling,"['AREG', 'TGFA', 'BTC', 'EPGN', 'EFEMP1', 'TNS4', 'GPR87', 'IL18', 'TNIP2', 'TNF', 'TNFAIP2']"
1905,nelarabine,0.027446460402266518,0.9196311690530616,F3,EGFR signaling & NF-kB signaling,"['AREG', 'TGFA', 'BTC', 'EPGN', 'EFEMP1', 'TNS4', 'GPR87', 'IL18', 'TNIP2', 'TNF', 'TNFAIP2']"
1906,rigosertib,0.40874836560931027,0.11596142541588907,F3,EGFR signaling & NF-kB signaling,"['AREG', 'TGFA', 'BTC', 'EPGN', 'EFEMP1', 'TNS4', 'GPR87', 'IL18', 'TNIP2', 'TNF', 'TNFAIP2']"
1907,AT7867,0.7132622594784348,0.0019215035400005013,F3,EGFR signaling & NF-kB signaling,"['AREG', 'TGFA', 'BTC', 'EPGN', 'EFEMP1', 'TNS4', 'GPR87', 'IL18', 'TNIP2', 'TNF', 'TNFAIP2']"
1908,PD-318088,-0.029738559517702445,0.9067512889168163,F3,EGFR signaling & NF-kB signaling,"['AREG', 'TGFA', 'BTC', 'EPGN', 'EFEMP1', 'TNS4', 'GPR87', 'IL18', 'TNIP2', 'TNF', 'TNFAIP2']"
1909,KU-60019,0.19920303082940358,0.42809028705939717,F3,EGFR signaling & NF-kB signaling,"['AREG', 'TGFA', 'BTC', 'EPGN', 'EFEMP1', 'TNS4', 'GPR87', 'IL18', 'TNIP2', 'TNF', 'TNFAIP2']"
1910,doramapimod,-0.1286635948264494,0.6348661526779362,F3,EGFR signaling & NF-kB signaling,"['AREG', 'TGFA', 'BTC', 'EPGN', 'EFEMP1', 'TNS4', 'GPR87', 'IL18', 'TNIP2', 'TNF', 'TNFAIP2']"
1911,KW-2449,0.5659770979046107,0.01787203567232381,F3,EGFR signaling & NF-kB signaling,"['AREG', 'TGFA', 'BTC', 'EPGN', 'EFEMP1', 'TNS4', 'GPR87', 'IL18', 'TNIP2', 'TNF', 'TNFAIP2']"
1912,RAF265,0.10793713635110293,0.7520857310499391,F3,EGFR signaling & NF-kB signaling,"['AREG', 'TGFA', 'BTC', 'EPGN', 'EFEMP1', 'TNS4', 'GPR87', 'IL18', 'TNIP2', 'TNF', 'TNFAIP2']"
1913,CX-4945,0.13358965381342258,0.6092455516531801,F3,EGFR signaling & NF-kB signaling,"['AREG', 'TGFA', 'BTC', 'EPGN', 'EFEMP1', 'TNS4', 'GPR87', 'IL18', 'TNIP2', 'TNF', 'TNFAIP2']"
1914,BRD-K03911514,-0.10911080694512156,0.7970351658862697,F3,EGFR signaling & NF-kB signaling,"['AREG', 'TGFA', 'BTC', 'EPGN', 'EFEMP1', 'TNS4', 'GPR87', 'IL18', 'TNIP2', 'TNF', 'TNFAIP2']"
1915,cyt387,0.36329380249951027,0.15176435119557444,F3,EGFR signaling & NF-kB signaling,"['AREG', 'TGFA', 'BTC', 'EPGN', 'EFEMP1', 'TNS4', 'GPR87', 'IL18', 'TNIP2', 'TNF', 'TNFAIP2']"
1916,idelalisib,-0.3160115046165586,0.21657989493328253,F3,EGFR signaling & NF-kB signaling,"['AREG', 'TGFA', 'BTC', 'EPGN', 'EFEMP1', 'TNS4', 'GPR87', 'IL18', 'TNIP2', 'TNF', 'TNFAIP2']"
1917,WP1130,0.23101746859303401,0.3563602729978774,F3,EGFR signaling & NF-kB signaling,"['AREG', 'TGFA', 'BTC', 'EPGN', 'EFEMP1', 'TNS4', 'GPR87', 'IL18', 'TNIP2', 'TNF', 'TNFAIP2']"
1918,OSI-027,0.29508108555692447,0.23453989950737375,F3,EGFR signaling & NF-kB signaling,"['AREG', 'TGFA', 'BTC', 'EPGN', 'EFEMP1', 'TNS4', 'GPR87', 'IL18', 'TNIP2', 'TNF', 'TNFAIP2']"
1919,NVP-BSK805,-0.2046707173069689,0.4306983608592417,F3,EGFR signaling & NF-kB signaling,"['AREG', 'TGFA', 'BTC', 'EPGN', 'EFEMP1', 'TNS4', 'GPR87', 'IL18', 'TNIP2', 'TNF', 'TNFAIP2']"
1920,erlotinib:PLX-4032,-0.2778456656188738,0.31602450684722794,F3,EGFR signaling & NF-kB signaling,"['AREG', 'TGFA', 'BTC', 'EPGN', 'EFEMP1', 'TNS4', 'GPR87', 'IL18', 'TNIP2', 'TNF', 'TNFAIP2']"
1921,PIK-93,0.2342440391963478,0.38254732680631626,F3,EGFR signaling & NF-kB signaling,"['AREG', 'TGFA', 'BTC', 'EPGN', 'EFEMP1', 'TNS4', 'GPR87', 'IL18', 'TNIP2', 'TNF', 'TNFAIP2']"
1922,AZD7762,-0.2601863507628049,0.29707530378488034,F3,EGFR signaling & NF-kB signaling,"['AREG', 'TGFA', 'BTC', 'EPGN', 'EFEMP1', 'TNS4', 'GPR87', 'IL18', 'TNIP2', 'TNF', 'TNFAIP2']"
1923,birinapant,-0.0934538806408908,0.7122503538853027,F3,EGFR signaling & NF-kB signaling,"['AREG', 'TGFA', 'BTC', 'EPGN', 'EFEMP1', 'TNS4', 'GPR87', 'IL18', 'TNIP2', 'TNF', 'TNFAIP2']"
1924,KX2-391,0.5324149269818756,0.03374401420135573,F3,EGFR signaling & NF-kB signaling,"['AREG', 'TGFA', 'BTC', 'EPGN', 'EFEMP1', 'TNS4', 'GPR87', 'IL18', 'TNIP2', 'TNF', 'TNFAIP2']"
1925,3-Cl-AHPC,0.42168861761421433,0.08133459713713478,F3,EGFR signaling & NF-kB signaling,"['AREG', 'TGFA', 'BTC', 'EPGN', 'EFEMP1', 'TNS4', 'GPR87', 'IL18', 'TNIP2', 'TNF', 'TNFAIP2']"
1926,BRD-K27188169,-0.48118583258008457,0.1897269729687885,F3,EGFR signaling & NF-kB signaling,"['AREG', 'TGFA', 'BTC', 'EPGN', 'EFEMP1', 'TNS4', 'GPR87', 'IL18', 'TNIP2', 'TNF', 'TNFAIP2']"
1927,KHS-101,0.36606052383829807,0.13517753681073313,F3,EGFR signaling & NF-kB signaling,"['AREG', 'TGFA', 'BTC', 'EPGN', 'EFEMP1', 'TNS4', 'GPR87', 'IL18', 'TNIP2', 'TNF', 'TNFAIP2']"
1928,WAY-362450,-0.0013958005773757145,0.9957579642574841,F3,EGFR signaling & NF-kB signaling,"['AREG', 'TGFA', 'BTC', 'EPGN', 'EFEMP1', 'TNS4', 'GPR87', 'IL18', 'TNIP2', 'TNF', 'TNFAIP2']"
1929,JQ-1:vorinostat,0.0951314368451065,0.7259975591570509,F3,EGFR signaling & NF-kB signaling,"['AREG', 'TGFA', 'BTC', 'EPGN', 'EFEMP1', 'TNS4', 'GPR87', 'IL18', 'TNIP2', 'TNF', 'TNFAIP2']"
1930,cabozantinib,0.08442860480806355,0.7473250731993115,F3,EGFR signaling & NF-kB signaling,"['AREG', 'TGFA', 'BTC', 'EPGN', 'EFEMP1', 'TNS4', 'GPR87', 'IL18', 'TNIP2', 'TNF', 'TNFAIP2']"
1931,crizotinib:PLX-4032,0.3353908618503163,0.20411589765128113,F3,EGFR signaling & NF-kB signaling,"['AREG', 'TGFA', 'BTC', 'EPGN', 'EFEMP1', 'TNS4', 'GPR87', 'IL18', 'TNIP2', 'TNF', 'TNFAIP2']"
1932,BRD-M00053801,-0.08960435058008843,0.7933247124171241,F3,EGFR signaling & NF-kB signaling,"['AREG', 'TGFA', 'BTC', 'EPGN', 'EFEMP1', 'TNS4', 'GPR87', 'IL18', 'TNIP2', 'TNF', 'TNFAIP2']"
1933,KPT-185,0.054733474895500615,0.8658409105510637,F3,EGFR signaling & NF-kB signaling,"['AREG', 'TGFA', 'BTC', 'EPGN', 'EFEMP1', 'TNS4', 'GPR87', 'IL18', 'TNIP2', 'TNF', 'TNFAIP2']"
1934,pitstop2,0.2892214314264907,0.41764726858937695,F3,EGFR signaling & NF-kB signaling,"['AREG', 'TGFA', 'BTC', 'EPGN', 'EFEMP1', 'TNS4', 'GPR87', 'IL18', 'TNIP2', 'TNF', 'TNFAIP2']"
1935,R-428,-0.0034957870047201997,0.9928785137169247,F3,EGFR signaling & NF-kB signaling,"['AREG', 'TGFA', 'BTC', 'EPGN', 'EFEMP1', 'TNS4', 'GPR87', 'IL18', 'TNIP2', 'TNF', 'TNFAIP2']"
1936,ibrutinib,-0.32922662109775397,0.3228426256173995,F3,EGFR signaling & NF-kB signaling,"['AREG', 'TGFA', 'BTC', 'EPGN', 'EFEMP1', 'TNS4', 'GPR87', 'IL18', 'TNIP2', 'TNF', 'TNFAIP2']"
1937,sotrastaurin,0.28450011163223204,0.3964844211611938,F3,EGFR signaling & NF-kB signaling,"['AREG', 'TGFA', 'BTC', 'EPGN', 'EFEMP1', 'TNS4', 'GPR87', 'IL18', 'TNIP2', 'TNF', 'TNFAIP2']"
1938,A-804598,-0.04329020836956471,0.8937312544405441,F3,EGFR signaling & NF-kB signaling,"['AREG', 'TGFA', 'BTC', 'EPGN', 'EFEMP1', 'TNS4', 'GPR87', 'IL18', 'TNIP2', 'TNF', 'TNFAIP2']"
1939,BRD-K27188169:navitoclax,-0.12147084502990997,0.7555641999805995,F3,EGFR signaling & NF-kB signaling,"['AREG', 'TGFA', 'BTC', 'EPGN', 'EFEMP1', 'TNS4', 'GPR87', 'IL18', 'TNIP2', 'TNF', 'TNFAIP2']"
1940,COL-3,0.4224224543743275,0.17131407920754502,F3,EGFR signaling & NF-kB signaling,"['AREG', 'TGFA', 'BTC', 'EPGN', 'EFEMP1', 'TNS4', 'GPR87', 'IL18', 'TNIP2', 'TNF', 'TNFAIP2']"
1941,venetoclax,-0.11917136394373501,0.7600809515516773,F3,EGFR signaling & NF-kB signaling,"['AREG', 'TGFA', 'BTC', 'EPGN', 'EFEMP1', 'TNS4', 'GPR87', 'IL18', 'TNIP2', 'TNF', 'TNFAIP2']"
1942,ETP-46464,0.25792526767587465,0.4182981334439768,F3,EGFR signaling & NF-kB signaling,"['AREG', 'TGFA', 'BTC', 'EPGN', 'EFEMP1', 'TNS4', 'GPR87', 'IL18', 'TNIP2', 'TNF', 'TNFAIP2']"
1943,marinopyrrole A,0.7153320591223212,0.00891216912763703,F3,EGFR signaling & NF-kB signaling,"['AREG', 'TGFA', 'BTC', 'EPGN', 'EFEMP1', 'TNS4', 'GPR87', 'IL18', 'TNIP2', 'TNF', 'TNFAIP2']"
1944,methylstat,0.2359277776074347,0.4603844619428319,F3,EGFR signaling & NF-kB signaling,"['AREG', 'TGFA', 'BTC', 'EPGN', 'EFEMP1', 'TNS4', 'GPR87', 'IL18', 'TNIP2', 'TNF', 'TNFAIP2']"
1945,alpelisib,-0.030925023032638922,0.9280803453479424,F3,EGFR signaling & NF-kB signaling,"['AREG', 'TGFA', 'BTC', 'EPGN', 'EFEMP1', 'TNS4', 'GPR87', 'IL18', 'TNIP2', 'TNF', 'TNFAIP2']"
1946,GSK2636771,0.07773204570268528,0.8102390683248937,F3,EGFR signaling & NF-kB signaling,"['AREG', 'TGFA', 'BTC', 'EPGN', 'EFEMP1', 'TNS4', 'GPR87', 'IL18', 'TNIP2', 'TNF', 'TNFAIP2']"
1947,JW-74,-0.12682264289810405,0.7269946640195482,F3,EGFR signaling & NF-kB signaling,"['AREG', 'TGFA', 'BTC', 'EPGN', 'EFEMP1', 'TNS4', 'GPR87', 'IL18', 'TNIP2', 'TNF', 'TNFAIP2']"
1948,necrosulfonamide,0.22428896754799546,0.5073200050862522,F3,EGFR signaling & NF-kB signaling,"['AREG', 'TGFA', 'BTC', 'EPGN', 'EFEMP1', 'TNS4', 'GPR87', 'IL18', 'TNIP2', 'TNF', 'TNFAIP2']"
1949,HBX-41108,0.5776097581242106,0.049206168538784116,F3,EGFR signaling & NF-kB signaling,"['AREG', 'TGFA', 'BTC', 'EPGN', 'EFEMP1', 'TNS4', 'GPR87', 'IL18', 'TNIP2', 'TNF', 'TNFAIP2']"
1950,palmostatin B,0.055790085118128496,0.8705795683823834,F3,EGFR signaling & NF-kB signaling,"['AREG', 'TGFA', 'BTC', 'EPGN', 'EFEMP1', 'TNS4', 'GPR87', 'IL18', 'TNIP2', 'TNF', 'TNFAIP2']"
1951,BRD-K03536150,0.20939909096663992,0.41988919612850534,F3,EGFR signaling & NF-kB signaling,"['AREG', 'TGFA', 'BTC', 'EPGN', 'EFEMP1', 'TNS4', 'GPR87', 'IL18', 'TNIP2', 'TNF', 'TNFAIP2']"
1952,BRD-K99006945,0.17702154298787676,0.648659690391495,F3,EGFR signaling & NF-kB signaling,"['AREG', 'TGFA', 'BTC', 'EPGN', 'EFEMP1', 'TNS4', 'GPR87', 'IL18', 'TNIP2', 'TNF', 'TNFAIP2']"
1953,tivantinib,-0.0741339514672266,0.8496655169127048,F3,EGFR signaling & NF-kB signaling,"['AREG', 'TGFA', 'BTC', 'EPGN', 'EFEMP1', 'TNS4', 'GPR87', 'IL18', 'TNIP2', 'TNF', 'TNFAIP2']"
1954,trametinib,-0.14720891810546646,0.7054714370612442,F3,EGFR signaling & NF-kB signaling,"['AREG', 'TGFA', 'BTC', 'EPGN', 'EFEMP1', 'TNS4', 'GPR87', 'IL18', 'TNIP2', 'TNF', 'TNFAIP2']"
1955,RG4733,-0.18056516271387366,0.642003871590413,F3,EGFR signaling & NF-kB signaling,"['AREG', 'TGFA', 'BTC', 'EPGN', 'EFEMP1', 'TNS4', 'GPR87', 'IL18', 'TNIP2', 'TNF', 'TNFAIP2']"
1956,dinaciclib,0.3488474400487699,0.35751511999099583,F3,EGFR signaling & NF-kB signaling,"['AREG', 'TGFA', 'BTC', 'EPGN', 'EFEMP1', 'TNS4', 'GPR87', 'IL18', 'TNIP2', 'TNF', 'TNFAIP2']"
1957,MLN2480,0.11244071628106328,0.7733372905757377,F3,EGFR signaling & NF-kB signaling,"['AREG', 'TGFA', 'BTC', 'EPGN', 'EFEMP1', 'TNS4', 'GPR87', 'IL18', 'TNIP2', 'TNF', 'TNFAIP2']"
1958,BRD-K51831558,-0.09325588521915185,0.8261563387176217,F3,EGFR signaling & NF-kB signaling,"['AREG', 'TGFA', 'BTC', 'EPGN', 'EFEMP1', 'TNS4', 'GPR87', 'IL18', 'TNIP2', 'TNF', 'TNFAIP2']"
1959,istradefylline,0.13581731286133916,0.727533199683086,F3,EGFR signaling & NF-kB signaling,"['AREG', 'TGFA', 'BTC', 'EPGN', 'EFEMP1', 'TNS4', 'GPR87', 'IL18', 'TNIP2', 'TNF', 'TNFAIP2']"
1960,MI-2,0.37759189330219783,0.31640715143124043,F3,EGFR signaling & NF-kB signaling,"['AREG', 'TGFA', 'BTC', 'EPGN', 'EFEMP1', 'TNS4', 'GPR87', 'IL18', 'TNIP2', 'TNF', 'TNFAIP2']"
1961,alvocidib,0.49459431855949393,0.21277359706478294,F3,EGFR signaling & NF-kB signaling,"['AREG', 'TGFA', 'BTC', 'EPGN', 'EFEMP1', 'TNS4', 'GPR87', 'IL18', 'TNIP2', 'TNF', 'TNFAIP2']"
1962,CBB-1007,0.41860694808893917,0.26213815660789475,F3,EGFR signaling & NF-kB signaling,"['AREG', 'TGFA', 'BTC', 'EPGN', 'EFEMP1', 'TNS4', 'GPR87', 'IL18', 'TNIP2', 'TNF', 'TNFAIP2']"
1963,BRD-A86708339,-0.45068163548804474,0.22342817107266058,F3,EGFR signaling & NF-kB signaling,"['AREG', 'TGFA', 'BTC', 'EPGN', 'EFEMP1', 'TNS4', 'GPR87', 'IL18', 'TNIP2', 'TNF', 'TNFAIP2']"
1964,PF-03758309,-0.12576334466704397,0.7471498738051777,F3,EGFR signaling & NF-kB signaling,"['AREG', 'TGFA', 'BTC', 'EPGN', 'EFEMP1', 'TNS4', 'GPR87', 'IL18', 'TNIP2', 'TNF', 'TNFAIP2']"
1965,dabrafenib,0.14777363161795604,0.7043825600854587,F3,EGFR signaling & NF-kB signaling,"['AREG', 'TGFA', 'BTC', 'EPGN', 'EFEMP1', 'TNS4', 'GPR87', 'IL18', 'TNIP2', 'TNF', 'TNFAIP2']"
1966,SZ4TA2,0.20020916078758225,0.6055165574039015,F3,EGFR signaling & NF-kB signaling,"['AREG', 'TGFA', 'BTC', 'EPGN', 'EFEMP1', 'TNS4', 'GPR87', 'IL18', 'TNIP2', 'TNF', 'TNFAIP2']"
1967,AT13387,-0.28677812725028057,0.45435255801123314,F3,EGFR signaling & NF-kB signaling,"['AREG', 'TGFA', 'BTC', 'EPGN', 'EFEMP1', 'TNS4', 'GPR87', 'IL18', 'TNIP2', 'TNF', 'TNFAIP2']"
1968,BCL-LZH-4,0.24075751668835702,0.532610416985242,F3,EGFR signaling & NF-kB signaling,"['AREG', 'TGFA', 'BTC', 'EPGN', 'EFEMP1', 'TNS4', 'GPR87', 'IL18', 'TNIP2', 'TNF', 'TNFAIP2']"
1969,skepinone-L,0.3455743766970554,0.3623513290009256,F3,EGFR signaling & NF-kB signaling,"['AREG', 'TGFA', 'BTC', 'EPGN', 'EFEMP1', 'TNS4', 'GPR87', 'IL18', 'TNIP2', 'TNF', 'TNFAIP2']"
1970,BRD-K34222889,0.16152725067107132,0.52195810897049,F3,EGFR signaling & NF-kB signaling,"['AREG', 'TGFA', 'BTC', 'EPGN', 'EFEMP1', 'TNS4', 'GPR87', 'IL18', 'TNIP2', 'TNF', 'TNFAIP2']"
1971,PF-4800567,0.11265706146807906,0.772910380711566,F3,EGFR signaling & NF-kB signaling,"['AREG', 'TGFA', 'BTC', 'EPGN', 'EFEMP1', 'TNS4', 'GPR87', 'IL18', 'TNIP2', 'TNF', 'TNFAIP2']"
1972,avicin D,0.1367740173516538,0.7467290800581985,F3,EGFR signaling & NF-kB signaling,"['AREG', 'TGFA', 'BTC', 'EPGN', 'EFEMP1', 'TNS4', 'GPR87', 'IL18', 'TNIP2', 'TNF', 'TNFAIP2']"
1973,linsitinib,0.10708952800538922,0.6930280575218479,F3,EGFR signaling & NF-kB signaling,"['AREG', 'TGFA', 'BTC', 'EPGN', 'EFEMP1', 'TNS4', 'GPR87', 'IL18', 'TNIP2', 'TNF', 'TNFAIP2']"
1974,AT-406,0.24472260327936646,0.525670652183924,F3,EGFR signaling & NF-kB signaling,"['AREG', 'TGFA', 'BTC', 'EPGN', 'EFEMP1', 'TNS4', 'GPR87', 'IL18', 'TNIP2', 'TNF', 'TNFAIP2']"
1975,ML031,0.5911509654895855,0.01588124805587516,F3,EGFR signaling & NF-kB signaling,"['AREG', 'TGFA', 'BTC', 'EPGN', 'EFEMP1', 'TNS4', 'GPR87', 'IL18', 'TNIP2', 'TNF', 'TNFAIP2']"
1976,CIL56,0.28720689705394575,0.45364797923393624,F5,EMT & DNA damage response,"['SLFN12', 'ZNF185', 'GSDME', 'ERCC2']"
1977,FQI-1,0.3447891891429407,0.3635161462584773,F5,EMT & DNA damage response,"['SLFN12', 'ZNF185', 'GSDME', 'ERCC2']"
1978,BRD-K92856060,0.03663983893980919,0.8852340893294869,F5,EMT & DNA damage response,"['SLFN12', 'ZNF185', 'GSDME', 'ERCC2']"
1979,B02,0.1499767900835371,0.5793080104778049,F5,EMT & DNA damage response,"['SLFN12', 'ZNF185', 'GSDME', 'ERCC2']"
1980,BRD6340,0.42404083523973923,0.08982389716587615,F5,EMT & DNA damage response,"['SLFN12', 'ZNF185', 'GSDME', 'ERCC2']"
1981,BRD-K45681478,0.11890140057059151,0.6494548729400816,F5,EMT & DNA damage response,"['SLFN12', 'ZNF185', 'GSDME', 'ERCC2']"
1982,ML050,-0.0749271145323052,0.7750293021463784,F5,EMT & DNA damage response,"['SLFN12', 'ZNF185', 'GSDME', 'ERCC2']"
1983,ML162,0.39652878309229755,0.11507076806949831,F5,EMT & DNA damage response,"['SLFN12', 'ZNF185', 'GSDME', 'ERCC2']"
1984,CIL41,-0.2894665101481481,0.4499426765911708,F5,EMT & DNA damage response,"['SLFN12', 'ZNF185', 'GSDME', 'ERCC2']"
1985,ML006,0.13181610803753194,0.6020994196256271,F5,EMT & DNA damage response,"['SLFN12', 'ZNF185', 'GSDME', 'ERCC2']"
1986,CIL55,0.4940130515162917,0.2133959464620701,F5,EMT & DNA damage response,"['SLFN12', 'ZNF185', 'GSDME', 'ERCC2']"
1987,NSC30930,0.45554932943432086,0.06611761147757,F5,EMT & DNA damage response,"['SLFN12', 'ZNF185', 'GSDME', 'ERCC2']"
1988,Bax channel blocker,0.12100141851149257,0.6553150943888664,F5,EMT & DNA damage response,"['SLFN12', 'ZNF185', 'GSDME', 'ERCC2']"
1989,CIL70,0.6293458743358579,0.0693643227012716,F5,EMT & DNA damage response,"['SLFN12', 'ZNF185', 'GSDME', 'ERCC2']"
1990,MI-1,0.5033286657365166,0.046865928261991326,F5,EMT & DNA damage response,"['SLFN12', 'ZNF185', 'GSDME', 'ERCC2']"
1991,BRD9876,0.2958035255786357,0.2659830275151458,F5,EMT & DNA damage response,"['SLFN12', 'ZNF185', 'GSDME', 'ERCC2']"
1992,DBeQ,0.09512560775696192,0.7164828615192241,F5,EMT & DNA damage response,"['SLFN12', 'ZNF185', 'GSDME', 'ERCC2']"
1993,mdivi-1,0.07917628614080027,0.7626058133469685,F5,EMT & DNA damage response,"['SLFN12', 'ZNF185', 'GSDME', 'ERCC2']"
1994,tretinoin,0.38666877599827004,0.12522702237653796,F5,EMT & DNA damage response,"['SLFN12', 'ZNF185', 'GSDME', 'ERCC2']"
1995,betulinic-acid,0.17791786523583766,0.5097456659859952,F5,EMT & DNA damage response,"['SLFN12', 'ZNF185', 'GSDME', 'ERCC2']"
1996,phloretin,0.5103060165879726,0.04341932477356851,F5,EMT & DNA damage response,"['SLFN12', 'ZNF185', 'GSDME', 'ERCC2']"
1997,thalidomide,-0.7173367657350347,0.04516802487382726,F5,EMT & DNA damage response,"['SLFN12', 'ZNF185', 'GSDME', 'ERCC2']"
1998,gossypol,0.5722333439111164,0.013079960067521944,F5,EMT & DNA damage response,"['SLFN12', 'ZNF185', 'GSDME', 'ERCC2']"
1999,chlorambucil,0.1380875475740701,0.5847732724632572,F5,EMT & DNA damage response,"['SLFN12', 'ZNF185', 'GSDME', 'ERCC2']"
2000,5-fluorouracil,0.005872753817092519,0.9821531272885289,F5,EMT & DNA damage response,"['SLFN12', 'ZNF185', 'GSDME', 'ERCC2']"
2001,ML083,0.12669462476855864,0.6279980229638368,F5,EMT & DNA damage response,"['SLFN12', 'ZNF185', 'GSDME', 'ERCC2']"
2002,CID-5951923,0.3214759527954214,0.20830310399128812,F5,EMT & DNA damage response,"['SLFN12', 'ZNF185', 'GSDME', 'ERCC2']"
2003,azacitidine,-0.21051661015536077,0.4017594830818863,F5,EMT & DNA damage response,"['SLFN12', 'ZNF185', 'GSDME', 'ERCC2']"
2004,trifluoperazine,0.3663575170413412,0.19762706739418973,F5,EMT & DNA damage response,"['SLFN12', 'ZNF185', 'GSDME', 'ERCC2']"
2005,paclitaxel,0.29116632000392706,0.25685668355178604,F5,EMT & DNA damage response,"['SLFN12', 'ZNF185', 'GSDME', 'ERCC2']"
2006,tamoxifen,-0.16937355234661916,0.5157737628599768,F5,EMT & DNA damage response,"['SLFN12', 'ZNF185', 'GSDME', 'ERCC2']"
2007,carboplatin,0.18024739842040818,0.474164475580473,F5,EMT & DNA damage response,"['SLFN12', 'ZNF185', 'GSDME', 'ERCC2']"
2008,IU1,0.3880947210654376,0.12372088525526954,F5,EMT & DNA damage response,"['SLFN12', 'ZNF185', 'GSDME', 'ERCC2']"
2009,dexamethasone,-0.37052240625902655,0.17398243553267786,F5,EMT & DNA damage response,"['SLFN12', 'ZNF185', 'GSDME', 'ERCC2']"
2010,teniposide,-0.22690465714999325,0.5889311530256798,F5,EMT & DNA damage response,"['SLFN12', 'ZNF185', 'GSDME', 'ERCC2']"
2011,sildenafil,0.27504737369644555,0.28531759645933097,F5,EMT & DNA damage response,"['SLFN12', 'ZNF185', 'GSDME', 'ERCC2']"
2012,simvastatin,-0.36012139691534284,0.18733271352591258,F5,EMT & DNA damage response,"['SLFN12', 'ZNF185', 'GSDME', 'ERCC2']"
2013,parbendazole,0.21188823281812236,0.39862815101352655,F5,EMT & DNA damage response,"['SLFN12', 'ZNF185', 'GSDME', 'ERCC2']"
2014,procarbazine,-0.11461892972259098,0.6841911875254311,F5,EMT & DNA damage response,"['SLFN12', 'ZNF185', 'GSDME', 'ERCC2']"
2015,curcumin,-0.13622313905146213,0.6149306783334387,F5,EMT & DNA damage response,"['SLFN12', 'ZNF185', 'GSDME', 'ERCC2']"
2016,ciclopirox,-0.18512732432811618,0.49245376581226696,F5,EMT & DNA damage response,"['SLFN12', 'ZNF185', 'GSDME', 'ERCC2']"
2017,epigallocatechin-gallate-(-),-0.13016508333553262,0.6867988114451071,F5,EMT & DNA damage response,"['SLFN12', 'ZNF185', 'GSDME', 'ERCC2']"
2018,ML311,0.3231251783982452,0.19090555223988173,F5,EMT & DNA damage response,"['SLFN12', 'ZNF185', 'GSDME', 'ERCC2']"
2019,myricetin,-0.057443404250556655,0.8388669031003779,F5,EMT & DNA damage response,"['SLFN12', 'ZNF185', 'GSDME', 'ERCC2']"
2020,methotrexate,0.0034006157231379675,0.9896652622627978,F5,EMT & DNA damage response,"['SLFN12', 'ZNF185', 'GSDME', 'ERCC2']"
2021,lovastatin,-0.3810310202674978,0.11874727168863276,F5,EMT & DNA damage response,"['SLFN12', 'ZNF185', 'GSDME', 'ERCC2']"
2022,valdecoxib,0.49273630242994204,0.04448002174947799,F5,EMT & DNA damage response,"['SLFN12', 'ZNF185', 'GSDME', 'ERCC2']"
2023,cyclophosphamide,0.4060567807466029,0.2781833609150456,F5,EMT & DNA damage response,"['SLFN12', 'ZNF185', 'GSDME', 'ERCC2']"
2024,dacarbazine,0.38190473769572164,0.13035166205607115,F5,EMT & DNA damage response,"['SLFN12', 'ZNF185', 'GSDME', 'ERCC2']"
2025,niclosamide,0.4612449520593826,0.09690083592779439,F5,EMT & DNA damage response,"['SLFN12', 'ZNF185', 'GSDME', 'ERCC2']"
2026,prochlorperazine,0.18260794306591235,0.4984645458627053,F5,EMT & DNA damage response,"['SLFN12', 'ZNF185', 'GSDME', 'ERCC2']"
2027,imatinib,0.3190418626172187,0.21196416486785313,F5,EMT & DNA damage response,"['SLFN12', 'ZNF185', 'GSDME', 'ERCC2']"
2028,decitabine,0.25431691980165033,0.30849515889655355,F5,EMT & DNA damage response,"['SLFN12', 'ZNF185', 'GSDME', 'ERCC2']"
2029,CHIR-99021,0.07159722276218822,0.7921689346150572,F5,EMT & DNA damage response,"['SLFN12', 'ZNF185', 'GSDME', 'ERCC2']"
2030,BI-2536,0.2822084488146617,0.2724468750339807,F5,EMT & DNA damage response,"['SLFN12', 'ZNF185', 'GSDME', 'ERCC2']"
2031,BRD-K61166597,-0.010746829458709133,0.96849094187446,F5,EMT & DNA damage response,"['SLFN12', 'ZNF185', 'GSDME', 'ERCC2']"
2032,axitinib,0.22361016188024277,0.3724143464035332,F5,EMT & DNA damage response,"['SLFN12', 'ZNF185', 'GSDME', 'ERCC2']"
2033,selumetinib,0.17714854388647908,0.4963915713997986,F5,EMT & DNA damage response,"['SLFN12', 'ZNF185', 'GSDME', 'ERCC2']"
2034,NVP-BEZ235,0.1888012679375935,0.5567581712804656,F5,EMT & DNA damage response,"['SLFN12', 'ZNF185', 'GSDME', 'ERCC2']"
2035,GW-843682X,0.18497709033440407,0.4928112256160908,F5,EMT & DNA damage response,"['SLFN12', 'ZNF185', 'GSDME', 'ERCC2']"
2036,vandetanib,0.007374309085777561,0.9783763263025953,F5,EMT & DNA damage response,"['SLFN12', 'ZNF185', 'GSDME', 'ERCC2']"
2037,sorafenib,0.2528684309503681,0.3274679203234265,F5,EMT & DNA damage response,"['SLFN12', 'ZNF185', 'GSDME', 'ERCC2']"
2038,ML029,0.39837351620661815,0.14136198793108173,F5,EMT & DNA damage response,"['SLFN12', 'ZNF185', 'GSDME', 'ERCC2']"
2039,temozolomide,0.041811114898855264,0.8734094797216982,F5,EMT & DNA damage response,"['SLFN12', 'ZNF185', 'GSDME', 'ERCC2']"
2040,ifosfamide,-0.3020797852876875,0.4671139298171796,F5,EMT & DNA damage response,"['SLFN12', 'ZNF185', 'GSDME', 'ERCC2']"
2041,BRD4132,0.5806910131775912,0.018342332881431306,F5,EMT & DNA damage response,"['SLFN12', 'ZNF185', 'GSDME', 'ERCC2']"
2042,BRD-K90370028,0.01623794556637309,0.9695592034813825,F5,EMT & DNA damage response,"['SLFN12', 'ZNF185', 'GSDME', 'ERCC2']"
2043,SNX-2112,0.13088331929976507,0.6046941640339383,F5,EMT & DNA damage response,"['SLFN12', 'ZNF185', 'GSDME', 'ERCC2']"
2044,navitoclax,-0.08215375850410808,0.7458816788558316,F5,EMT & DNA damage response,"['SLFN12', 'ZNF185', 'GSDME', 'ERCC2']"
2045,doxorubicin,-0.012439398618539805,0.9622074169458447,F5,EMT & DNA damage response,"['SLFN12', 'ZNF185', 'GSDME', 'ERCC2']"
2046,ouabain,0.2271711206692287,0.36464677188796557,F5,EMT & DNA damage response,"['SLFN12', 'ZNF185', 'GSDME', 'ERCC2']"
2047,bexarotene,0.14530565516031824,0.565095652204653,F5,EMT & DNA damage response,"['SLFN12', 'ZNF185', 'GSDME', 'ERCC2']"
2048,nilotinib,0.21200892274491087,0.4305395777774094,F5,EMT & DNA damage response,"['SLFN12', 'ZNF185', 'GSDME', 'ERCC2']"
2049,sunitinib,0.10107366609654203,0.689850170252155,F5,EMT & DNA damage response,"['SLFN12', 'ZNF185', 'GSDME', 'ERCC2']"
2050,bendamustine,0.1836406062802449,0.5123762447041103,F5,EMT & DNA damage response,"['SLFN12', 'ZNF185', 'GSDME', 'ERCC2']"
2051,BRD9647,0.32576268499675126,0.18710122553482647,F5,EMT & DNA damage response,"['SLFN12', 'ZNF185', 'GSDME', 'ERCC2']"
2052,homoharringtonine,0.10718413412992739,0.740225456424343,F5,EMT & DNA damage response,"['SLFN12', 'ZNF185', 'GSDME', 'ERCC2']"
2053,CD-437,0.32164096895224703,0.19306879234820332,F5,EMT & DNA damage response,"['SLFN12', 'ZNF185', 'GSDME', 'ERCC2']"
2054,SCH-79797,0.09415616347571358,0.7101761020245634,F5,EMT & DNA damage response,"['SLFN12', 'ZNF185', 'GSDME', 'ERCC2']"
2055,LE-135,0.04128781882279473,0.8707843973308012,F5,EMT & DNA damage response,"['SLFN12', 'ZNF185', 'GSDME', 'ERCC2']"
2056,SKI-II,0.31565158041805225,0.20196308298066049,F5,EMT & DNA damage response,"['SLFN12', 'ZNF185', 'GSDME', 'ERCC2']"
2057,CI-976,0.2036255556446821,0.41769140567565377,F5,EMT & DNA damage response,"['SLFN12', 'ZNF185', 'GSDME', 'ERCC2']"
2058,cisplatin,0.37900434787425247,0.12088450076435527,F5,EMT & DNA damage response,"['SLFN12', 'ZNF185', 'GSDME', 'ERCC2']"
2059,necrostatin-1,0.10698538123533805,0.6933130769903845,F5,EMT & DNA damage response,"['SLFN12', 'ZNF185', 'GSDME', 'ERCC2']"
2060,GW-405833,0.47309766153444804,0.05511025566648564,F5,EMT & DNA damage response,"['SLFN12', 'ZNF185', 'GSDME', 'ERCC2']"
2061,AC-55649,0.19345026373750163,0.45691708911584406,F5,EMT & DNA damage response,"['SLFN12', 'ZNF185', 'GSDME', 'ERCC2']"
2062,RITA,0.43121322422649355,0.07399107473662943,F5,EMT & DNA damage response,"['SLFN12', 'ZNF185', 'GSDME', 'ERCC2']"
2063,LY2183240,0.17695621891958643,0.49686677566958065,F5,EMT & DNA damage response,"['SLFN12', 'ZNF185', 'GSDME', 'ERCC2']"
2064,KI-8751,0.1636829560584695,0.5446942866205582,F5,EMT & DNA damage response,"['SLFN12', 'ZNF185', 'GSDME', 'ERCC2']"
2065,CD-1530,0.18091232529644224,0.5187698616948812,F5,EMT & DNA damage response,"['SLFN12', 'ZNF185', 'GSDME', 'ERCC2']"
2066,TPCA-1,0.1157382009640628,0.647436904579823,F5,EMT & DNA damage response,"['SLFN12', 'ZNF185', 'GSDME', 'ERCC2']"
2067,oxaliplatin,0.0556066246392813,0.8321293208965763,F5,EMT & DNA damage response,"['SLFN12', 'ZNF185', 'GSDME', 'ERCC2']"
2068,NSC632839,0.08839076035842122,0.727260838250633,F5,EMT & DNA damage response,"['SLFN12', 'ZNF185', 'GSDME', 'ERCC2']"
2069,pifithrin-mu,0.4072112828042671,0.09349824620870188,F5,EMT & DNA damage response,"['SLFN12', 'ZNF185', 'GSDME', 'ERCC2']"
2070,camptothecin,0.3339774296991969,0.223759985830025,F5,EMT & DNA damage response,"['SLFN12', 'ZNF185', 'GSDME', 'ERCC2']"
2071,BRD-K80183349,0.12796832495024596,0.6367117954828527,F5,EMT & DNA damage response,"['SLFN12', 'ZNF185', 'GSDME', 'ERCC2']"
2072,BRD-K66532283,0.30932800211603084,0.21164163635854058,F5,EMT & DNA damage response,"['SLFN12', 'ZNF185', 'GSDME', 'ERCC2']"
2073,MK-2206,-0.07236945332805789,0.7977153729433901,F5,EMT & DNA damage response,"['SLFN12', 'ZNF185', 'GSDME', 'ERCC2']"
2074,triazolothiadiazine,0.11586264029329817,0.6470811634906553,F5,EMT & DNA damage response,"['SLFN12', 'ZNF185', 'GSDME', 'ERCC2']"
2075,BRD-K66453893,0.2338304523653993,0.3663743503345679,F5,EMT & DNA damage response,"['SLFN12', 'ZNF185', 'GSDME', 'ERCC2']"
2076,BRD-K11533227,0.19006365428732622,0.4974683158534193,F5,EMT & DNA damage response,"['SLFN12', 'ZNF185', 'GSDME', 'ERCC2']"
2077,Piplartine,0.5446407487517161,0.019433652825239518,F5,EMT & DNA damage response,"['SLFN12', 'ZNF185', 'GSDME', 'ERCC2']"
2078,BRD-K14844214,0.37829493119660246,0.14851989231350324,F5,EMT & DNA damage response,"['SLFN12', 'ZNF185', 'GSDME', 'ERCC2']"
2079,BRD1835,0.5775750063793095,0.012068066064329225,F5,EMT & DNA damage response,"['SLFN12', 'ZNF185', 'GSDME', 'ERCC2']"
2080,BRD-K41597374,0.602205013760165,0.01052605382551466,F5,EMT & DNA damage response,"['SLFN12', 'ZNF185', 'GSDME', 'ERCC2']"
2081,BRD-K63431240,-0.21527811264877308,0.39094643925666506,F5,EMT & DNA damage response,"['SLFN12', 'ZNF185', 'GSDME', 'ERCC2']"
2082,BRD-K13999467,0.5072873291243053,0.037661704308166274,F5,EMT & DNA damage response,"['SLFN12', 'ZNF185', 'GSDME', 'ERCC2']"
2083,brefeldin A,-0.32091635191524137,0.19413080250551157,F5,EMT & DNA damage response,"['SLFN12', 'ZNF185', 'GSDME', 'ERCC2']"
2084,AGK-2,0.1877981976103573,0.4555234636258234,F5,EMT & DNA damage response,"['SLFN12', 'ZNF185', 'GSDME', 'ERCC2']"
2085,L-685458,0.34099444152873626,0.16611999869102562,F5,EMT & DNA damage response,"['SLFN12', 'ZNF185', 'GSDME', 'ERCC2']"
2086,PF-750,0.24506791488535398,0.3602888460894581,F5,EMT & DNA damage response,"['SLFN12', 'ZNF185', 'GSDME', 'ERCC2']"
2087,triptolide,0.17849379480915076,0.47854706852147394,F5,EMT & DNA damage response,"['SLFN12', 'ZNF185', 'GSDME', 'ERCC2']"
2088,nutlin-3,0.2578794852368401,0.30153281739169324,F5,EMT & DNA damage response,"['SLFN12', 'ZNF185', 'GSDME', 'ERCC2']"
2089,AA-COCF3,0.36179881251642865,0.15358233871725957,F5,EMT & DNA damage response,"['SLFN12', 'ZNF185', 'GSDME', 'ERCC2']"
2090,16-beta-bromoandrosterone,0.38186621064711473,0.11787434468260102,F5,EMT & DNA damage response,"['SLFN12', 'ZNF185', 'GSDME', 'ERCC2']"
2091,PRL-3 inhibitor I,-0.02517192609944363,0.9290454599299723,F5,EMT & DNA damage response,"['SLFN12', 'ZNF185', 'GSDME', 'ERCC2']"
2092,SID 26681509,0.04193956767380995,0.8917922778747613,F5,EMT & DNA damage response,"['SLFN12', 'ZNF185', 'GSDME', 'ERCC2']"
2093,ISX-9,0.37541195959052315,0.12473931247496675,F5,EMT & DNA damage response,"['SLFN12', 'ZNF185', 'GSDME', 'ERCC2']"
2094,STAT3-inhibitor-VI,0.035715890028512554,0.8917532659753575,F5,EMT & DNA damage response,"['SLFN12', 'ZNF185', 'GSDME', 'ERCC2']"
2095,bortezomib,0.15904602005933538,0.5420502222956026,F5,EMT & DNA damage response,"['SLFN12', 'ZNF185', 'GSDME', 'ERCC2']"
2096,ABT-737,-0.001956057706817743,0.9938539458159248,F5,EMT & DNA damage response,"['SLFN12', 'ZNF185', 'GSDME', 'ERCC2']"
2097,zebularine,0.24585963261688396,0.3254035233737265,F5,EMT & DNA damage response,"['SLFN12', 'ZNF185', 'GSDME', 'ERCC2']"
2098,PI-103,0.15954593684734505,0.527143666176493,F5,EMT & DNA damage response,"['SLFN12', 'ZNF185', 'GSDME', 'ERCC2']"
2099,tubastatin-A,0.19263542572443904,0.6476445944849571,F5,EMT & DNA damage response,"['SLFN12', 'ZNF185', 'GSDME', 'ERCC2']"
2100,SR-II-138A,0.20535547362922474,0.41366066403110435,F5,EMT & DNA damage response,"['SLFN12', 'ZNF185', 'GSDME', 'ERCC2']"
2101,parthenolide,0.3893374624091133,0.13607248985858866,F5,EMT & DNA damage response,"['SLFN12', 'ZNF185', 'GSDME', 'ERCC2']"
2102,Compound 7d-cis,-0.1583729595452101,0.6053191085778572,F5,EMT & DNA damage response,"['SLFN12', 'ZNF185', 'GSDME', 'ERCC2']"
2103,fedratinib,-0.12951862559037247,0.632599174955307,F5,EMT & DNA damage response,"['SLFN12', 'ZNF185', 'GSDME', 'ERCC2']"
2104,pevonedistat,0.03233955243697313,0.9089101949601702,F5,EMT & DNA damage response,"['SLFN12', 'ZNF185', 'GSDME', 'ERCC2']"
2105,AZD7545,0.26009078725122314,0.3491753167438941,F5,EMT & DNA damage response,"['SLFN12', 'ZNF185', 'GSDME', 'ERCC2']"
2106,VER-155008,0.3092547171305143,0.2117555437589291,F5,EMT & DNA damage response,"['SLFN12', 'ZNF185', 'GSDME', 'ERCC2']"
2107,ML203,0.18983317509297398,0.4655365960081945,F5,EMT & DNA damage response,"['SLFN12', 'ZNF185', 'GSDME', 'ERCC2']"
2108,SRT-1720,0.22133838884169812,0.4279067632764476,F5,EMT & DNA damage response,"['SLFN12', 'ZNF185', 'GSDME', 'ERCC2']"
2109,CAY10594,0.12090565238460632,0.6555721718209099,F5,EMT & DNA damage response,"['SLFN12', 'ZNF185', 'GSDME', 'ERCC2']"
2110,Compound 1541A,0.19827979381494323,0.4455348761588073,F5,EMT & DNA damage response,"['SLFN12', 'ZNF185', 'GSDME', 'ERCC2']"
2111,RG108,0.22217179512534696,0.3755779049279345,F5,EMT & DNA damage response,"['SLFN12', 'ZNF185', 'GSDME', 'ERCC2']"
2112,PAC-1,0.07261899305124671,0.7817995519684374,F5,EMT & DNA damage response,"['SLFN12', 'ZNF185', 'GSDME', 'ERCC2']"
2113,pluripotin,-0.18772720211656999,0.4705921136662727,F5,EMT & DNA damage response,"['SLFN12', 'ZNF185', 'GSDME', 'ERCC2']"
2114,GMX-1778,0.33156545212890914,0.17891009863630136,F5,EMT & DNA damage response,"['SLFN12', 'ZNF185', 'GSDME', 'ERCC2']"
2115,avrainvillamide,-0.11895927207872492,0.7275622173502767,F5,EMT & DNA damage response,"['SLFN12', 'ZNF185', 'GSDME', 'ERCC2']"
2116,BMS-536924,0.20888706218964354,0.4375159388072645,F5,EMT & DNA damage response,"['SLFN12', 'ZNF185', 'GSDME', 'ERCC2']"
2117,gemcitabine,-0.12832894894617206,0.6357542429349785,F5,EMT & DNA damage response,"['SLFN12', 'ZNF185', 'GSDME', 'ERCC2']"
2118,olaparib,0.23113246762722506,0.35611418394703304,F5,EMT & DNA damage response,"['SLFN12', 'ZNF185', 'GSDME', 'ERCC2']"
2119,oligomycin A,0.439400850644607,0.06807934223845302,F5,EMT & DNA damage response,"['SLFN12', 'ZNF185', 'GSDME', 'ERCC2']"
2120,indisulam,0.22544429673521926,0.3684020358920659,F5,EMT & DNA damage response,"['SLFN12', 'ZNF185', 'GSDME', 'ERCC2']"
2121,BRD-K02492147,-0.00703047136910747,0.980161300917826,F5,EMT & DNA damage response,"['SLFN12', 'ZNF185', 'GSDME', 'ERCC2']"
2122,austocystin D,0.31106722041159446,0.2089500804183939,F5,EMT & DNA damage response,"['SLFN12', 'ZNF185', 'GSDME', 'ERCC2']"
2123,SJ-172550,-0.13142306322508548,0.6151140083260391,F5,EMT & DNA damage response,"['SLFN12', 'ZNF185', 'GSDME', 'ERCC2']"
2124,BRD-K09587429,-0.059571227102312385,0.826533741384466,F5,EMT & DNA damage response,"['SLFN12', 'ZNF185', 'GSDME', 'ERCC2']"
2125,pandacostat,0.34262242686217836,0.16397627234540013,F5,EMT & DNA damage response,"['SLFN12', 'ZNF185', 'GSDME', 'ERCC2']"
2126,cyanoquinoline 11,0.3243966075022752,0.3943882744868555,F5,EMT & DNA damage response,"['SLFN12', 'ZNF185', 'GSDME', 'ERCC2']"
2127,tipifarnib,0.36102082245333417,0.3398043160708086,F5,EMT & DNA damage response,"['SLFN12', 'ZNF185', 'GSDME', 'ERCC2']"
2128,tipifarnib-P1,0.4174014082138478,0.09551213888358495,F5,EMT & DNA damage response,"['SLFN12', 'ZNF185', 'GSDME', 'ERCC2']"
2129,Compound 23 citrate,-0.12104444979565397,0.6801912675339751,F5,EMT & DNA damage response,"['SLFN12', 'ZNF185', 'GSDME', 'ERCC2']"
2130,nakiterpiosin,0.38640231924801965,0.11321249288721177,F5,EMT & DNA damage response,"['SLFN12', 'ZNF185', 'GSDME', 'ERCC2']"
2131,CCT036477,0.09312023797189951,0.7132364705812446,F5,EMT & DNA damage response,"['SLFN12', 'ZNF185', 'GSDME', 'ERCC2']"
2132,R406,-0.05446223770777335,0.8412263858167143,F5,EMT & DNA damage response,"['SLFN12', 'ZNF185', 'GSDME', 'ERCC2']"
2133,YM-155,-0.10932430129179725,0.6981311499034498,F5,EMT & DNA damage response,"['SLFN12', 'ZNF185', 'GSDME', 'ERCC2']"
2134,BMS-754807,0.0411607063782037,0.8753641623729389,F5,EMT & DNA damage response,"['SLFN12', 'ZNF185', 'GSDME', 'ERCC2']"
2135,BIBR-1532,0.40322021965504956,0.09707122986169975,F5,EMT & DNA damage response,"['SLFN12', 'ZNF185', 'GSDME', 'ERCC2']"
2136,tosedostat,0.2361101915467608,0.3615845907870327,F5,EMT & DNA damage response,"['SLFN12', 'ZNF185', 'GSDME', 'ERCC2']"
2137,neratinib,0.14425925623089902,0.5679303883511397,F5,EMT & DNA damage response,"['SLFN12', 'ZNF185', 'GSDME', 'ERCC2']"
2138,ICG-001,0.3496125855254392,0.1549855763059544,F5,EMT & DNA damage response,"['SLFN12', 'ZNF185', 'GSDME', 'ERCC2']"
2139,BRD8958,0.21807843999013576,0.43491484031370603,F5,EMT & DNA damage response,"['SLFN12', 'ZNF185', 'GSDME', 'ERCC2']"
2140,serdemetan,-0.05507024874758006,0.833727273792913,F5,EMT & DNA damage response,"['SLFN12', 'ZNF185', 'GSDME', 'ERCC2']"
2141,FK-866,0.13914938960154347,0.6208915438218616,F5,EMT & DNA damage response,"['SLFN12', 'ZNF185', 'GSDME', 'ERCC2']"
2142,MK-1775,0.24324994179010742,0.3468132276507995,F5,EMT & DNA damage response,"['SLFN12', 'ZNF185', 'GSDME', 'ERCC2']"
2143,tivozanib,0.1453274822991641,0.5650365870686138,F5,EMT & DNA damage response,"['SLFN12', 'ZNF185', 'GSDME', 'ERCC2']"
2144,Ko143,0.5898594700264295,0.009977139267223965,F5,EMT & DNA damage response,"['SLFN12', 'ZNF185', 'GSDME', 'ERCC2']"
2145,CR-1-31B,0.30632799791737547,0.216337264689301,F5,EMT & DNA damage response,"['SLFN12', 'ZNF185', 'GSDME', 'ERCC2']"
2146,BRD-K26531177,0.20431094243705675,0.4651429520654157,F5,EMT & DNA damage response,"['SLFN12', 'ZNF185', 'GSDME', 'ERCC2']"
2147,BRD-K71781559,0.40272681225201,0.12196304099142799,F5,EMT & DNA damage response,"['SLFN12', 'ZNF185', 'GSDME', 'ERCC2']"
2148,BRD-K04800985,0.09964371720658548,0.7035764484663063,F5,EMT & DNA damage response,"['SLFN12', 'ZNF185', 'GSDME', 'ERCC2']"
2149,BRD-K19103580,0.41198188634827265,0.10034302496803833,F5,EMT & DNA damage response,"['SLFN12', 'ZNF185', 'GSDME', 'ERCC2']"
2150,BRD-K64610608,-0.04095770395822866,0.8759743886983443,F5,EMT & DNA damage response,"['SLFN12', 'ZNF185', 'GSDME', 'ERCC2']"
2151,BRD-K02251932,0.3478570555531235,0.1867526699986508,F5,EMT & DNA damage response,"['SLFN12', 'ZNF185', 'GSDME', 'ERCC2']"
2152,BRD-K55116708,-0.20443184015212904,0.4475710866814625,F5,EMT & DNA damage response,"['SLFN12', 'ZNF185', 'GSDME', 'ERCC2']"
2153,NSC23766,0.11296187764768789,0.665985889068332,F5,EMT & DNA damage response,"['SLFN12', 'ZNF185', 'GSDME', 'ERCC2']"
2154,pyrazolanthrone,0.2687645049168112,0.29690765674560554,F5,EMT & DNA damage response,"['SLFN12', 'ZNF185', 'GSDME', 'ERCC2']"
2155,C6-ceramide,0.3078011705342758,0.2140230639429758,F5,EMT & DNA damage response,"['SLFN12', 'ZNF185', 'GSDME', 'ERCC2']"
2156,topotecan,0.283464616250704,0.2543383190421784,F5,EMT & DNA damage response,"['SLFN12', 'ZNF185', 'GSDME', 'ERCC2']"
2157,BRD-K16147474,0.08661282781541882,0.7497660935293098,F5,EMT & DNA damage response,"['SLFN12', 'ZNF185', 'GSDME', 'ERCC2']"
2158,BRD-K33199242,0.3557313718159243,0.17630028289563565,F5,EMT & DNA damage response,"['SLFN12', 'ZNF185', 'GSDME', 'ERCC2']"
2159,BRD-K52037352,0.49305687255617975,0.07321923576878878,F5,EMT & DNA damage response,"['SLFN12', 'ZNF185', 'GSDME', 'ERCC2']"
2160,N9-isopropylolomoucine,0.17765386111267323,0.4951440488875368,F5,EMT & DNA damage response,"['SLFN12', 'ZNF185', 'GSDME', 'ERCC2']"
2161,BRD-K37390332,0.22355538569115052,0.3883978592176659,F5,EMT & DNA damage response,"['SLFN12', 'ZNF185', 'GSDME', 'ERCC2']"
2162,tandutinib,0.34804517395277124,0.18649833129800356,F5,EMT & DNA damage response,"['SLFN12', 'ZNF185', 'GSDME', 'ERCC2']"
2163,importazole,0.1789062117265034,0.4775145667994883,F5,EMT & DNA damage response,"['SLFN12', 'ZNF185', 'GSDME', 'ERCC2']"
2164,isonicotinohydroxamic acid,-0.06042948145478598,0.8772680798083182,F5,EMT & DNA damage response,"['SLFN12', 'ZNF185', 'GSDME', 'ERCC2']"
2165,HLI 373,-0.10706932100458724,0.672394316547237,F5,EMT & DNA damage response,"['SLFN12', 'ZNF185', 'GSDME', 'ERCC2']"
2166,etoposide,0.1393229215389871,0.5938253634400336,F5,EMT & DNA damage response,"['SLFN12', 'ZNF185', 'GSDME', 'ERCC2']"
2167,PRIMA1,-0.05095893898188739,0.8568724600977476,F5,EMT & DNA damage response,"['SLFN12', 'ZNF185', 'GSDME', 'ERCC2']"
2168,tanespimycin,0.2287083166128575,0.3613221258228485,F5,EMT & DNA damage response,"['SLFN12', 'ZNF185', 'GSDME', 'ERCC2']"
2169,cytochalasin-B,0.29227153213779866,0.23923518464614582,F5,EMT & DNA damage response,"['SLFN12', 'ZNF185', 'GSDME', 'ERCC2']"
2170,NSC-95397,0.09072940171327212,0.7477765885909275,F5,EMT & DNA damage response,"['SLFN12', 'ZNF185', 'GSDME', 'ERCC2']"
2171,manumycin A,0.3483337135118283,0.17062677158974923,F5,EMT & DNA damage response,"['SLFN12', 'ZNF185', 'GSDME', 'ERCC2']"
2172,mitomycin-C,-0.11409163905985525,0.6739554888946226,F5,EMT & DNA damage response,"['SLFN12', 'ZNF185', 'GSDME', 'ERCC2']"
2173,tacrolimus,-0.04801855073764624,0.8705104413838329,F5,EMT & DNA damage response,"['SLFN12', 'ZNF185', 'GSDME', 'ERCC2']"
2174,pifithrin-alpha,-0.10406665827693262,0.7013163323057586,F5,EMT & DNA damage response,"['SLFN12', 'ZNF185', 'GSDME', 'ERCC2']"
2175,SB-431542,0.37118824543269385,0.12938118920517788,F5,EMT & DNA damage response,"['SLFN12', 'ZNF185', 'GSDME', 'ERCC2']"
2176,SB-225002,0.26603036162709437,0.28596212517820363,F5,EMT & DNA damage response,"['SLFN12', 'ZNF185', 'GSDME', 'ERCC2']"
2177,PD-153035,0.17640902035345152,0.625891793570655,F5,EMT & DNA damage response,"['SLFN12', 'ZNF185', 'GSDME', 'ERCC2']"
2178,cerulenin,0.3400204311792784,0.16741162308693616,F5,EMT & DNA damage response,"['SLFN12', 'ZNF185', 'GSDME', 'ERCC2']"
2179,purmorphamine,0.4685119173657317,0.09107804433856315,F5,EMT & DNA damage response,"['SLFN12', 'ZNF185', 'GSDME', 'ERCC2']"
2180,GSK-3-inhibitor-IX,0.664272294206659,0.0036324342870525167,F5,EMT & DNA damage response,"['SLFN12', 'ZNF185', 'GSDME', 'ERCC2']"
2181,dasatinib,-0.2907344722422697,0.24182902657080377,F5,EMT & DNA damage response,"['SLFN12', 'ZNF185', 'GSDME', 'ERCC2']"
2182,gefitinib,0.17677308303853384,0.512517112516313,F5,EMT & DNA damage response,"['SLFN12', 'ZNF185', 'GSDME', 'ERCC2']"
2183,erlotinib,-0.00896291884159562,0.9737194127694335,F5,EMT & DNA damage response,"['SLFN12', 'ZNF185', 'GSDME', 'ERCC2']"
2184,BRD-K94991378,0.4763852778480029,0.0726173941862298,F5,EMT & DNA damage response,"['SLFN12', 'ZNF185', 'GSDME', 'ERCC2']"
2185,BIX-01294,0.17061593790051519,0.5126532223857767,F5,EMT & DNA damage response,"['SLFN12', 'ZNF185', 'GSDME', 'ERCC2']"
2186,tacedinaline,0.29892189862709406,0.34526054615341306,F5,EMT & DNA damage response,"['SLFN12', 'ZNF185', 'GSDME', 'ERCC2']"
2187,panobinostat,0.12083293652200255,0.6329325169085618,F5,EMT & DNA damage response,"['SLFN12', 'ZNF185', 'GSDME', 'ERCC2']"
2188,IC-87114,-0.069037236295285,0.7923348996756787,F5,EMT & DNA damage response,"['SLFN12', 'ZNF185', 'GSDME', 'ERCC2']"
2189,ciclosporin,0.32085747831685446,0.22563374956498328,F5,EMT & DNA damage response,"['SLFN12', 'ZNF185', 'GSDME', 'ERCC2']"
2190,vorinostat,0.03243137208520879,0.9016602752919158,F5,EMT & DNA damage response,"['SLFN12', 'ZNF185', 'GSDME', 'ERCC2']"
2191,sirolimus,0.3442640181248594,0.1618337501105642,F5,EMT & DNA damage response,"['SLFN12', 'ZNF185', 'GSDME', 'ERCC2']"
2192,MIRA-1,0.4655963805449138,0.14895325461815473,F5,EMT & DNA damage response,"['SLFN12', 'ZNF185', 'GSDME', 'ERCC2']"
2193,KU-55933,0.19062499851752823,0.4794583370299653,F5,EMT & DNA damage response,"['SLFN12', 'ZNF185', 'GSDME', 'ERCC2']"
2194,AM-580,0.28537633712342503,0.2668687046079795,F5,EMT & DNA damage response,"['SLFN12', 'ZNF185', 'GSDME', 'ERCC2']"
2195,PDMP,0.6796240228210312,0.0053175126298005086,F5,EMT & DNA damage response,"['SLFN12', 'ZNF185', 'GSDME', 'ERCC2']"
2196,BRD-K71935468,0.3900977743249182,0.12162662957990471,F5,EMT & DNA damage response,"['SLFN12', 'ZNF185', 'GSDME', 'ERCC2']"
2197,NSC48300,0.11809414768094276,0.640714255402971,F5,EMT & DNA damage response,"['SLFN12', 'ZNF185', 'GSDME', 'ERCC2']"
2198,PRIMA-1-Met,0.23607182653582745,0.5408568015965363,F5,EMT & DNA damage response,"['SLFN12', 'ZNF185', 'GSDME', 'ERCC2']"
2199,evodiamine,0.30757890646041686,0.22976282269856013,F5,EMT & DNA damage response,"['SLFN12', 'ZNF185', 'GSDME', 'ERCC2']"
2200,UNC0638,0.26413065979918354,0.3615052439991763,F5,EMT & DNA damage response,"['SLFN12', 'ZNF185', 'GSDME', 'ERCC2']"
2201,cucurbitacin I,0.35784652864573585,0.1735600137064207,F5,EMT & DNA damage response,"['SLFN12', 'ZNF185', 'GSDME', 'ERCC2']"
2202,BRD-K50799972,-0.10053947836216306,0.7010265590715045,F5,EMT & DNA damage response,"['SLFN12', 'ZNF185', 'GSDME', 'ERCC2']"
2203,BRD-K17060750,0.21646906272707991,0.38826706394882116,F5,EMT & DNA damage response,"['SLFN12', 'ZNF185', 'GSDME', 'ERCC2']"
2204,barasertib,0.09880069168906325,0.7059789513860929,F5,EMT & DNA damage response,"['SLFN12', 'ZNF185', 'GSDME', 'ERCC2']"
2205,entinostat,0.3210294068182938,0.19396485330861882,F5,EMT & DNA damage response,"['SLFN12', 'ZNF185', 'GSDME', 'ERCC2']"
2206,belinostat,0.24305828133243398,0.5285792546783219,F5,EMT & DNA damage response,"['SLFN12', 'ZNF185', 'GSDME', 'ERCC2']"
2207,linifanib,0.4092828814776531,0.09168163944661922,F5,EMT & DNA damage response,"['SLFN12', 'ZNF185', 'GSDME', 'ERCC2']"
2208,veliparib,0.18495725860814602,0.46249293756502075,F5,EMT & DNA damage response,"['SLFN12', 'ZNF185', 'GSDME', 'ERCC2']"
2209,saracatinib,-0.1371501366938723,0.5996504518027311,F5,EMT & DNA damage response,"['SLFN12', 'ZNF185', 'GSDME', 'ERCC2']"
2210,afatinib,-0.001453361947419643,0.9957378637788449,F5,EMT & DNA damage response,"['SLFN12', 'ZNF185', 'GSDME', 'ERCC2']"
2211,cediranib,-0.03719947685252869,0.9243051831548835,F5,EMT & DNA damage response,"['SLFN12', 'ZNF185', 'GSDME', 'ERCC2']"
2212,canertinib,0.2428159702349176,0.3316190284637721,F5,EMT & DNA damage response,"['SLFN12', 'ZNF185', 'GSDME', 'ERCC2']"
2213,obatoclax,0.0066036893897681226,0.979932263623367,F5,EMT & DNA damage response,"['SLFN12', 'ZNF185', 'GSDME', 'ERCC2']"
2214,masitinib,0.27929050443701703,0.2776476503655396,F5,EMT & DNA damage response,"['SLFN12', 'ZNF185', 'GSDME', 'ERCC2']"
2215,ZSTK-474,0.4188911738954243,0.0835893493428881,F5,EMT & DNA damage response,"['SLFN12', 'ZNF185', 'GSDME', 'ERCC2']"
2216,brivanib,-0.08566081587793933,0.761479028115746,F5,EMT & DNA damage response,"['SLFN12', 'ZNF185', 'GSDME', 'ERCC2']"
2217,GDC-0879,0.1268264492631151,0.6160313865342935,F5,EMT & DNA damage response,"['SLFN12', 'ZNF185', 'GSDME', 'ERCC2']"
2218,NVP-TAE684,0.026845146142152602,0.9157917931531143,F5,EMT & DNA damage response,"['SLFN12', 'ZNF185', 'GSDME', 'ERCC2']"
2219,BMS-387032,0.4053769831193846,0.13386052439009583,F5,EMT & DNA damage response,"['SLFN12', 'ZNF185', 'GSDME', 'ERCC2']"
2220,PLX4720,0.3144462722191327,0.2037849936287417,F5,EMT & DNA damage response,"['SLFN12', 'ZNF185', 'GSDME', 'ERCC2']"
2221,TGX-221,0.31923758212461195,0.21166825866320393,F5,EMT & DNA damage response,"['SLFN12', 'ZNF185', 'GSDME', 'ERCC2']"
2222,KU-0063794,-0.18118628470686862,0.4718262308997793,F5,EMT & DNA damage response,"['SLFN12', 'ZNF185', 'GSDME', 'ERCC2']"
2223,TG100-115,0.5659914299046604,0.01434683026289518,F5,EMT & DNA damage response,"['SLFN12', 'ZNF185', 'GSDME', 'ERCC2']"
2224,GSK1059615,0.5751455278508792,0.05041215113970025,F5,EMT & DNA damage response,"['SLFN12', 'ZNF185', 'GSDME', 'ERCC2']"
2225,SU11274,0.12652706863225463,0.6168713545611171,F5,EMT & DNA damage response,"['SLFN12', 'ZNF185', 'GSDME', 'ERCC2']"
2226,PCI-34051,-0.12367052501278959,0.6481647487519672,F5,EMT & DNA damage response,"['SLFN12', 'ZNF185', 'GSDME', 'ERCC2']"
2227,LRRK2-IN-1,0.255586058999536,0.4226804011044856,F5,EMT & DNA damage response,"['SLFN12', 'ZNF185', 'GSDME', 'ERCC2']"
2228,BRD8899,0.009770795872239692,0.9693061192328896,F5,EMT & DNA damage response,"['SLFN12', 'ZNF185', 'GSDME', 'ERCC2']"
2229,EX-527,-0.16497317428001504,0.5568294211688084,F5,EMT & DNA damage response,"['SLFN12', 'ZNF185', 'GSDME', 'ERCC2']"
2230,ELCPK,0.1601335315986456,0.704842972029662,F5,EMT & DNA damage response,"['SLFN12', 'ZNF185', 'GSDME', 'ERCC2']"
2231,NPC-26,0.43670063691348887,0.11846584838203339,F5,EMT & DNA damage response,"['SLFN12', 'ZNF185', 'GSDME', 'ERCC2']"
2232,"1S,3R-RSL-3",0.17258253293732362,0.4934662219744206,F5,EMT & DNA damage response,"['SLFN12', 'ZNF185', 'GSDME', 'ERCC2']"
2233,CIL55A,0.1265816976295388,0.745548298877524,F5,EMT & DNA damage response,"['SLFN12', 'ZNF185', 'GSDME', 'ERCC2']"
2234,SCH-529074,0.4648177919374535,0.08085664563697006,F5,EMT & DNA damage response,"['SLFN12', 'ZNF185', 'GSDME', 'ERCC2']"
2235,stemregenin-1,0.5476163396506091,0.028108037066863246,F5,EMT & DNA damage response,"['SLFN12', 'ZNF185', 'GSDME', 'ERCC2']"
2236,FQI-2,0.28279932533700103,0.27140105227039313,F5,EMT & DNA damage response,"['SLFN12', 'ZNF185', 'GSDME', 'ERCC2']"
2237,ML210,0.14685391269369427,0.560912666565001,F5,EMT & DNA damage response,"['SLFN12', 'ZNF185', 'GSDME', 'ERCC2']"
2238,darinaparsin,0.13924762252872552,0.720870828935005,F5,EMT & DNA damage response,"['SLFN12', 'ZNF185', 'GSDME', 'ERCC2']"
2239,PX-12,0.004068529241671401,0.9885186657106747,F5,EMT & DNA damage response,"['SLFN12', 'ZNF185', 'GSDME', 'ERCC2']"
2240,GANT-61,0.019550059415446082,0.940633520051418,F5,EMT & DNA damage response,"['SLFN12', 'ZNF185', 'GSDME', 'ERCC2']"
2241,PL-DI,0.16783735817056855,0.5196444362698294,F5,EMT & DNA damage response,"['SLFN12', 'ZNF185', 'GSDME', 'ERCC2']"
2242,TW-37,0.4306467662870417,0.09587452487806129,F5,EMT & DNA damage response,"['SLFN12', 'ZNF185', 'GSDME', 'ERCC2']"
2243,AZD8055,0.0776903389447317,0.7592908163837091,F5,EMT & DNA damage response,"['SLFN12', 'ZNF185', 'GSDME', 'ERCC2']"
2244,CHM-1,0.28131317462053357,0.2740361659541186,F5,EMT & DNA damage response,"['SLFN12', 'ZNF185', 'GSDME', 'ERCC2']"
2245,ML239,0.22046330891662705,0.3793549543531854,F5,EMT & DNA damage response,"['SLFN12', 'ZNF185', 'GSDME', 'ERCC2']"
2246,apicidin,0.08493563107872959,0.7375590435937034,F5,EMT & DNA damage response,"['SLFN12', 'ZNF185', 'GSDME', 'ERCC2']"
2247,salermide,-0.02262775641349528,0.947349301282342,F5,EMT & DNA damage response,"['SLFN12', 'ZNF185', 'GSDME', 'ERCC2']"
2248,fumonisin B1,0.08828946220413383,0.7275621405928427,F5,EMT & DNA damage response,"['SLFN12', 'ZNF185', 'GSDME', 'ERCC2']"
2249,JQ1-(+),0.3220456923015054,0.20745213937864318,F5,EMT & DNA damage response,"['SLFN12', 'ZNF185', 'GSDME', 'ERCC2']"
2250,BRD-K51490254,0.10124639129237377,0.7090776918970662,F5,EMT & DNA damage response,"['SLFN12', 'ZNF185', 'GSDME', 'ERCC2']"
2251,BRD-K85133207,0.22563404314571958,0.3679883423504495,F5,EMT & DNA damage response,"['SLFN12', 'ZNF185', 'GSDME', 'ERCC2']"
2252,Merck60,0.19237483402639277,0.4594714041771457,F5,EMT & DNA damage response,"['SLFN12', 'ZNF185', 'GSDME', 'ERCC2']"
2253,BRD-A94377914,-0.2222289489887513,0.5654989134249002,F5,EMT & DNA damage response,"['SLFN12', 'ZNF185', 'GSDME', 'ERCC2']"
2254,compound 1B,0.014144110222639918,0.9555786728742299,F5,EMT & DNA damage response,"['SLFN12', 'ZNF185', 'GSDME', 'ERCC2']"
2255,BMS-345541,0.6446939727545971,0.005206505942262349,F5,EMT & DNA damage response,"['SLFN12', 'ZNF185', 'GSDME', 'ERCC2']"
2256,CAY10576,-0.10241170251876179,0.7275538664198709,F5,EMT & DNA damage response,"['SLFN12', 'ZNF185', 'GSDME', 'ERCC2']"
2257,vincristine,0.2284438441893647,0.37783145751236874,F5,EMT & DNA damage response,"['SLFN12', 'ZNF185', 'GSDME', 'ERCC2']"
2258,cytarabine,0.2858577661361758,0.28314656909130204,F5,EMT & DNA damage response,"['SLFN12', 'ZNF185', 'GSDME', 'ERCC2']"
2259,Repligen 136,0.04160350243600951,0.8698043567044301,F5,EMT & DNA damage response,"['SLFN12', 'ZNF185', 'GSDME', 'ERCC2']"
2260,nintedanib,0.15137200377702262,0.5619537071181887,F5,EMT & DNA damage response,"['SLFN12', 'ZNF185', 'GSDME', 'ERCC2']"
2261,crizotinib,0.019351825717811653,0.9392479217721101,F5,EMT & DNA damage response,"['SLFN12', 'ZNF185', 'GSDME', 'ERCC2']"
2262,foretinib,0.05722006692416576,0.8215748827982173,F5,EMT & DNA damage response,"['SLFN12', 'ZNF185', 'GSDME', 'ERCC2']"
2263,regorafenib,0.17467627197076271,0.5025166592075139,F5,EMT & DNA damage response,"['SLFN12', 'ZNF185', 'GSDME', 'ERCC2']"
2264,WZ8040,0.20047931034230015,0.49194631087806706,F5,EMT & DNA damage response,"['SLFN12', 'ZNF185', 'GSDME', 'ERCC2']"
2265,OSI-930,0.11504459725727377,0.6953323451768112,F5,EMT & DNA damage response,"['SLFN12', 'ZNF185', 'GSDME', 'ERCC2']"
2266,MGCD-265,0.25157074646833366,0.3657452064889926,F5,EMT & DNA damage response,"['SLFN12', 'ZNF185', 'GSDME', 'ERCC2']"
2267,lenvatinib,0.060085883246360244,0.8127848886405583,F5,EMT & DNA damage response,"['SLFN12', 'ZNF185', 'GSDME', 'ERCC2']"
2268,YK-4-279,0.12909464417587319,0.6096823443313548,F5,EMT & DNA damage response,"['SLFN12', 'ZNF185', 'GSDME', 'ERCC2']"
2269,GPP-78,0.16965977919410236,0.5298926702905994,F5,EMT & DNA damage response,"['SLFN12', 'ZNF185', 'GSDME', 'ERCC2']"
2270,KU 0060648,0.13452213163884508,0.6193951025569495,F5,EMT & DNA damage response,"['SLFN12', 'ZNF185', 'GSDME', 'ERCC2']"
2271,narciclasine,0.01157895970055186,0.9648199723155653,F5,EMT & DNA damage response,"['SLFN12', 'ZNF185', 'GSDME', 'ERCC2']"
2272,ixazomib,0.2596300602764907,0.3142527566735513,F5,EMT & DNA damage response,"['SLFN12', 'ZNF185', 'GSDME', 'ERCC2']"
2273,ISOX,0.1854933656940505,0.49158334116123636,F5,EMT & DNA damage response,"['SLFN12', 'ZNF185', 'GSDME', 'ERCC2']"
2274,itraconazole,0.35686351226595425,0.15968899097475178,F5,EMT & DNA damage response,"['SLFN12', 'ZNF185', 'GSDME', 'ERCC2']"
2275,lapatinib,0.6002350116816009,0.00844707307036028,F5,EMT & DNA damage response,"['SLFN12', 'ZNF185', 'GSDME', 'ERCC2']"
2276,BRD-K29313308,0.12824216414271752,0.6359846303127423,F5,EMT & DNA damage response,"['SLFN12', 'ZNF185', 'GSDME', 'ERCC2']"
2277,UNC0321,0.03311925790093361,0.8962021314204538,F5,EMT & DNA damage response,"['SLFN12', 'ZNF185', 'GSDME', 'ERCC2']"
2278,erastin,-0.28196066349917,0.2900491448729705,F5,EMT & DNA damage response,"['SLFN12', 'ZNF185', 'GSDME', 'ERCC2']"
2279,SGX523,0.08087840963362396,0.7658873381395401,F5,EMT & DNA damage response,"['SLFN12', 'ZNF185', 'GSDME', 'ERCC2']"
2280,sonidegib,-0.06068709348170335,0.8109435276153835,F5,EMT & DNA damage response,"['SLFN12', 'ZNF185', 'GSDME', 'ERCC2']"
2281,alisertib,0.12675385859786795,0.6162350115104249,F5,EMT & DNA damage response,"['SLFN12', 'ZNF185', 'GSDME', 'ERCC2']"
2282,AZD6482,0.36726855717103946,0.13379598238136425,F5,EMT & DNA damage response,"['SLFN12', 'ZNF185', 'GSDME', 'ERCC2']"
2283,ruxolitinib,0.08661313072763131,0.7325537307809411,F5,EMT & DNA damage response,"['SLFN12', 'ZNF185', 'GSDME', 'ERCC2']"
2284,bleomycin,0.09246833359754192,0.724107901116926,F5,EMT & DNA damage response,"['SLFN12', 'ZNF185', 'GSDME', 'ERCC2']"
2285,GDC-0941,0.24700807215641749,0.32307617729366356,F5,EMT & DNA damage response,"['SLFN12', 'ZNF185', 'GSDME', 'ERCC2']"
2286,SB-525334,0.47001994027405314,0.05693423998041519,F5,EMT & DNA damage response,"['SLFN12', 'ZNF185', 'GSDME', 'ERCC2']"
2287,PHA-793887,-0.12071302770011927,0.6560893690050931,F5,EMT & DNA damage response,"['SLFN12', 'ZNF185', 'GSDME', 'ERCC2']"
2288,quizartinib,0.284983821854253,0.2516912810453058,F5,EMT & DNA damage response,"['SLFN12', 'ZNF185', 'GSDME', 'ERCC2']"
2289,fingolimod,0.49748454971175976,0.042160186974555994,F5,EMT & DNA damage response,"['SLFN12', 'ZNF185', 'GSDME', 'ERCC2']"
2290,pazopanib,0.2564905899401395,0.33760294476111297,F5,EMT & DNA damage response,"['SLFN12', 'ZNF185', 'GSDME', 'ERCC2']"
2291,WZ-4002,0.21907962796007746,0.5431098882205994,F5,EMT & DNA damage response,"['SLFN12', 'ZNF185', 'GSDME', 'ERCC2']"
2292,BRD-K24690302,-0.00028381350464881037,0.9991374470519189,F5,EMT & DNA damage response,"['SLFN12', 'ZNF185', 'GSDME', 'ERCC2']"
2293,BRD-K70511574,0.014147856359394015,0.9585263578164374,F5,EMT & DNA damage response,"['SLFN12', 'ZNF185', 'GSDME', 'ERCC2']"
2294,vemurafenib,0.27185248735259826,0.29117649740370644,F5,EMT & DNA damage response,"['SLFN12', 'ZNF185', 'GSDME', 'ERCC2']"
2295,BRD-K48477130,-0.1141208862844024,0.770023232172013,F5,EMT & DNA damage response,"['SLFN12', 'ZNF185', 'GSDME', 'ERCC2']"
2296,GSK461364,0.03596396801030535,0.894803748140778,F5,EMT & DNA damage response,"['SLFN12', 'ZNF185', 'GSDME', 'ERCC2']"
2297,YL54,0.3962081420387845,0.143737581597408,F5,EMT & DNA damage response,"['SLFN12', 'ZNF185', 'GSDME', 'ERCC2']"
2298,BRD-K20514654,0.10032739578294617,0.7973213331361594,F5,EMT & DNA damage response,"['SLFN12', 'ZNF185', 'GSDME', 'ERCC2']"
2299,BRD-K55473186,0.24076148540792583,0.4757506415235303,F5,EMT & DNA damage response,"['SLFN12', 'ZNF185', 'GSDME', 'ERCC2']"
2300,BRD-K28456706,0.019755556104487065,0.9421097125072952,F5,EMT & DNA damage response,"['SLFN12', 'ZNF185', 'GSDME', 'ERCC2']"
2301,STF-31,-0.0011081663779922263,0.9966321200922487,F5,EMT & DNA damage response,"['SLFN12', 'ZNF185', 'GSDME', 'ERCC2']"
2302,ML334 diastereomer,-0.30982419586557547,0.3538281607750638,F5,EMT & DNA damage response,"['SLFN12', 'ZNF185', 'GSDME', 'ERCC2']"
2303,spautin-1,0.3176539850422285,0.1989600530531349,F5,EMT & DNA damage response,"['SLFN12', 'ZNF185', 'GSDME', 'ERCC2']"
2304,VAF-347,0.032510514210370045,0.9201062977550852,F5,EMT & DNA damage response,"['SLFN12', 'ZNF185', 'GSDME', 'ERCC2']"
2305,BRD-A02303741,0.2822426667566583,0.2895463139714646,F5,EMT & DNA damage response,"['SLFN12', 'ZNF185', 'GSDME', 'ERCC2']"
2306,ML320,0.008621464420903757,0.9766643173806091,F5,EMT & DNA damage response,"['SLFN12', 'ZNF185', 'GSDME', 'ERCC2']"
2307,tigecycline,-0.2903896147951767,0.4484327682701826,F5,EMT & DNA damage response,"['SLFN12', 'ZNF185', 'GSDME', 'ERCC2']"
2308,PF-573228,-0.0011169778868750603,0.9966053407705654,F5,EMT & DNA damage response,"['SLFN12', 'ZNF185', 'GSDME', 'ERCC2']"
2309,ceranib-2,0.1543724712278073,0.5541340856814198,F5,EMT & DNA damage response,"['SLFN12', 'ZNF185', 'GSDME', 'ERCC2']"
2310,GSK4112,0.3591220843128479,0.1568743016631582,F5,EMT & DNA damage response,"['SLFN12', 'ZNF185', 'GSDME', 'ERCC2']"
2311,etomoxir,0.38482967433347864,0.11481363395312788,F5,EMT & DNA damage response,"['SLFN12', 'ZNF185', 'GSDME', 'ERCC2']"
2312,HC-067047,-0.027461658370521533,0.9226082614652336,F5,EMT & DNA damage response,"['SLFN12', 'ZNF185', 'GSDME', 'ERCC2']"
2313,IPR-456,0.5158335045532911,0.03404653702403508,F5,EMT & DNA damage response,"['SLFN12', 'ZNF185', 'GSDME', 'ERCC2']"
2314,KH-CB19,0.04290322759121383,0.900326509663232,F5,EMT & DNA damage response,"['SLFN12', 'ZNF185', 'GSDME', 'ERCC2']"
2315,leptomycin B,0.30483864888253764,0.21869333575565714,F5,EMT & DNA damage response,"['SLFN12', 'ZNF185', 'GSDME', 'ERCC2']"
2316,AZ3146,-0.2685987777530145,0.3531335866891099,F5,EMT & DNA damage response,"['SLFN12', 'ZNF185', 'GSDME', 'ERCC2']"
2317,VU0155056,0.19490575957212442,0.45347147489305206,F5,EMT & DNA damage response,"['SLFN12', 'ZNF185', 'GSDME', 'ERCC2']"
2318,JQ-1:UNC0638,0.3180821472745235,0.2134190213151937,F5,EMT & DNA damage response,"['SLFN12', 'ZNF185', 'GSDME', 'ERCC2']"
2319,carboplatin:UNC0638,0.2809056870043375,0.2919348634419181,F5,EMT & DNA damage response,"['SLFN12', 'ZNF185', 'GSDME', 'ERCC2']"
2320,vorinostat:carboplatin,-0.11961907031188322,0.6363770194230725,F5,EMT & DNA damage response,"['SLFN12', 'ZNF185', 'GSDME', 'ERCC2']"
2321,serdemetan:SCH-529074,0.3706590531995554,0.15756488512623046,F5,EMT & DNA damage response,"['SLFN12', 'ZNF185', 'GSDME', 'ERCC2']"
2322,selumetinib:PLX-4032,0.2784834383554663,0.2790967313272635,F5,EMT & DNA damage response,"['SLFN12', 'ZNF185', 'GSDME', 'ERCC2']"
2323,sirolimus:bortezomib,0.35502692220183535,0.14825813214013622,F5,EMT & DNA damage response,"['SLFN12', 'ZNF185', 'GSDME', 'ERCC2']"
2324,BRD-K97651142,0.401207810766318,0.0989097003493413,F5,EMT & DNA damage response,"['SLFN12', 'ZNF185', 'GSDME', 'ERCC2']"
2325,vorapaxar,0.20685268496091208,0.42569248000742427,F5,EMT & DNA damage response,"['SLFN12', 'ZNF185', 'GSDME', 'ERCC2']"
2326,CH55,0.08689664979338635,0.7401749526306196,F5,EMT & DNA damage response,"['SLFN12', 'ZNF185', 'GSDME', 'ERCC2']"
2327,BRD-K79669418,0.09923076236793987,0.8151600875074732,F5,EMT & DNA damage response,"['SLFN12', 'ZNF185', 'GSDME', 'ERCC2']"
2328,BRD-K99584050,0.04467968352383739,0.9163370177426274,F5,EMT & DNA damage response,"['SLFN12', 'ZNF185', 'GSDME', 'ERCC2']"
2329,BRD-A71883111,0.34842145591903473,0.15649318047655675,F5,EMT & DNA damage response,"['SLFN12', 'ZNF185', 'GSDME', 'ERCC2']"
2330,navitoclax:birinapant,-0.11730586812265392,0.6538808115823268,F5,EMT & DNA damage response,"['SLFN12', 'ZNF185', 'GSDME', 'ERCC2']"
2331,ISOX:bortezomib,0.4051791260107121,0.11949341365171076,F5,EMT & DNA damage response,"['SLFN12', 'ZNF185', 'GSDME', 'ERCC2']"
2332,selumetinib:GDC-0941,0.3056340853386334,0.23287412611429928,F5,EMT & DNA damage response,"['SLFN12', 'ZNF185', 'GSDME', 'ERCC2']"
2333,selumetinib:tretinoin,0.249619851530174,0.3339301215102237,F5,EMT & DNA damage response,"['SLFN12', 'ZNF185', 'GSDME', 'ERCC2']"
2334,selumetinib:vorinostat,0.05122237755223291,0.8452084196897542,F5,EMT & DNA damage response,"['SLFN12', 'ZNF185', 'GSDME', 'ERCC2']"
2335,selumetinib:JQ-1,0.1965213888382111,0.44966221611790913,F5,EMT & DNA damage response,"['SLFN12', 'ZNF185', 'GSDME', 'ERCC2']"
2336,selumetinib:BRD-A02303741,0.2502332749995585,0.3165927688011526,F5,EMT & DNA damage response,"['SLFN12', 'ZNF185', 'GSDME', 'ERCC2']"
2337,tretinoin:navitoclax,-0.030963090120114802,0.9060935444246072,F5,EMT & DNA damage response,"['SLFN12', 'ZNF185', 'GSDME', 'ERCC2']"
2338,decitabine:navitoclax,0.021160839760974322,0.935751285991147,F5,EMT & DNA damage response,"['SLFN12', 'ZNF185', 'GSDME', 'ERCC2']"
2339,tretinoin:carboplatin,-0.04893164310192818,0.8471076337355871,F5,EMT & DNA damage response,"['SLFN12', 'ZNF185', 'GSDME', 'ERCC2']"
2340,necrostatin-7,0.375952653035518,0.12415366489694202,F5,EMT & DNA damage response,"['SLFN12', 'ZNF185', 'GSDME', 'ERCC2']"
2341,PYR-41,0.4432297087362485,0.07475977021369111,F5,EMT & DNA damage response,"['SLFN12', 'ZNF185', 'GSDME', 'ERCC2']"
2342,I-BET151,0.3797068605381874,0.12014061460466204,F5,EMT & DNA damage response,"['SLFN12', 'ZNF185', 'GSDME', 'ERCC2']"
2343,lomeguatrib,0.2937289460196804,0.25250103233062204,F5,EMT & DNA damage response,"['SLFN12', 'ZNF185', 'GSDME', 'ERCC2']"
2344,PF-184,0.2113825676081591,0.39978100716878306,F5,EMT & DNA damage response,"['SLFN12', 'ZNF185', 'GSDME', 'ERCC2']"
2345,tanespimycin:gemcitabine,0.06044021625918262,0.8116995389279873,F5,EMT & DNA damage response,"['SLFN12', 'ZNF185', 'GSDME', 'ERCC2']"
2346,docetaxel:tanespimycin,0.26402301511366666,0.28975038401369735,F5,EMT & DNA damage response,"['SLFN12', 'ZNF185', 'GSDME', 'ERCC2']"
2347,selumetinib:MK-2206,0.4698920887275341,0.05701096984060949,F5,EMT & DNA damage response,"['SLFN12', 'ZNF185', 'GSDME', 'ERCC2']"
2348,navitoclax:PLX-4032,0.07582839441245652,0.7649041324636436,F5,EMT & DNA damage response,"['SLFN12', 'ZNF185', 'GSDME', 'ERCC2']"
2349,selumetinib:piperlongumine,0.25744902915119755,0.3023690037467823,F5,EMT & DNA damage response,"['SLFN12', 'ZNF185', 'GSDME', 'ERCC2']"
2350,tanespimycin:bortezomib,0.13317255255572866,0.6361086926460758,F5,EMT & DNA damage response,"['SLFN12', 'ZNF185', 'GSDME', 'ERCC2']"
2351,navitoclax:MST-312,0.11165079632769913,0.6591618074504397,F5,EMT & DNA damage response,"['SLFN12', 'ZNF185', 'GSDME', 'ERCC2']"
2352,carboplatin:etoposide,0.20474156037454783,0.41508870825531285,F5,EMT & DNA damage response,"['SLFN12', 'ZNF185', 'GSDME', 'ERCC2']"
2353,piperlongumine:MST-312,0.49636457519611815,0.07101879308209622,F5,EMT & DNA damage response,"['SLFN12', 'ZNF185', 'GSDME', 'ERCC2']"
2354,navitoclax:gemcitabine,-0.12811983838003058,0.6124077676010312,F5,EMT & DNA damage response,"['SLFN12', 'ZNF185', 'GSDME', 'ERCC2']"
2355,JW-480,0.19628599978971664,0.48322285904477097,F5,EMT & DNA damage response,"['SLFN12', 'ZNF185', 'GSDME', 'ERCC2']"
2356,BMS-195614,0.15241517308376765,0.5592296576664278,F5,EMT & DNA damage response,"['SLFN12', 'ZNF185', 'GSDME', 'ERCC2']"
2357,BAM7,0.37553251363907614,0.13743143054989954,F5,EMT & DNA damage response,"['SLFN12', 'ZNF185', 'GSDME', 'ERCC2']"
2358,BRD-K35604418,0.5508150252870314,0.017835851576274157,F5,EMT & DNA damage response,"['SLFN12', 'ZNF185', 'GSDME', 'ERCC2']"
2359,SB-743921,0.2622441345144874,0.30922925297068904,F5,EMT & DNA damage response,"['SLFN12', 'ZNF185', 'GSDME', 'ERCC2']"
2360,I-BET-762,0.41498189767403953,0.08681625073643631,F5,EMT & DNA damage response,"['SLFN12', 'ZNF185', 'GSDME', 'ERCC2']"
2361,navitoclax:pluripotin,-0.1874975241297287,0.45625854910793223,F5,EMT & DNA damage response,"['SLFN12', 'ZNF185', 'GSDME', 'ERCC2']"
2362,JQ-1:carboplatin,0.4153726864525382,0.10960044113119427,F5,EMT & DNA damage response,"['SLFN12', 'ZNF185', 'GSDME', 'ERCC2']"
2363,selumetinib:navitoclax,0.16017154043127235,0.5391578084325443,F5,EMT & DNA damage response,"['SLFN12', 'ZNF185', 'GSDME', 'ERCC2']"
2364,selumetinib:decitabine,0.24898463395899653,0.3708585266739238,F5,EMT & DNA damage response,"['SLFN12', 'ZNF185', 'GSDME', 'ERCC2']"
2365,decitabine:carboplatin,0.2100442640132176,0.41842548657233875,F5,EMT & DNA damage response,"['SLFN12', 'ZNF185', 'GSDME', 'ERCC2']"
2366,SNX-2112:bortezomib,0.08114557393088952,0.7489045766924893,F5,EMT & DNA damage response,"['SLFN12', 'ZNF185', 'GSDME', 'ERCC2']"
2367,JQ-1:navitoclax,0.1817133055662549,0.47051623326730907,F5,EMT & DNA damage response,"['SLFN12', 'ZNF185', 'GSDME', 'ERCC2']"
2368,JQ-1:MK-0752,0.4350574928894515,0.08093050764540986,F5,EMT & DNA damage response,"['SLFN12', 'ZNF185', 'GSDME', 'ERCC2']"
2369,BRD-A02303741:navitoclax,-0.15995660747116003,0.5690495722901925,F5,EMT & DNA damage response,"['SLFN12', 'ZNF185', 'GSDME', 'ERCC2']"
2370,salermide:PLX-4032,0.3799485855169605,0.14660847779181624,F5,EMT & DNA damage response,"['SLFN12', 'ZNF185', 'GSDME', 'ERCC2']"
2371,UNC0638:navitoclax,-0.05182100698316284,0.8434202553906073,F5,EMT & DNA damage response,"['SLFN12', 'ZNF185', 'GSDME', 'ERCC2']"
2372,BRD-A02303741:carboplatin,0.11933408121054584,0.6371867458348104,F5,EMT & DNA damage response,"['SLFN12', 'ZNF185', 'GSDME', 'ERCC2']"
2373,doxorubicin:navitoclax,0.030167556867981435,0.911690914218052,F5,EMT & DNA damage response,"['SLFN12', 'ZNF185', 'GSDME', 'ERCC2']"
2374,selumetinib:UNC0638,0.2901991856512472,0.27557448836031295,F5,EMT & DNA damage response,"['SLFN12', 'ZNF185', 'GSDME', 'ERCC2']"
2375,alisertib:navitoclax,0.13299111950268935,0.5988373495177672,F5,EMT & DNA damage response,"['SLFN12', 'ZNF185', 'GSDME', 'ERCC2']"
2376,navitoclax:sorafenib,-0.0828872375508739,0.7602292811519724,F5,EMT & DNA damage response,"['SLFN12', 'ZNF185', 'GSDME', 'ERCC2']"
2377,navitoclax:piperlongumine,0.09323420618321034,0.7312717696834597,F5,EMT & DNA damage response,"['SLFN12', 'ZNF185', 'GSDME', 'ERCC2']"
2378,SMER-3,0.37805266729824366,0.1647168573550819,F5,EMT & DNA damage response,"['SLFN12', 'ZNF185', 'GSDME', 'ERCC2']"
2379,NVP-ADW742,0.1578054359301677,0.5743239590748951,F5,EMT & DNA damage response,"['SLFN12', 'ZNF185', 'GSDME', 'ERCC2']"
2380,clofarabine,0.02032756705843678,0.9361904939053074,F5,EMT & DNA damage response,"['SLFN12', 'ZNF185', 'GSDME', 'ERCC2']"
2381,vorinostat:navitoclax,0.00464978352705806,0.9858692512791377,F5,EMT & DNA damage response,"['SLFN12', 'ZNF185', 'GSDME', 'ERCC2']"
2382,SAR-245409,0.3991653280835558,0.10080114334794651,F5,EMT & DNA damage response,"['SLFN12', 'ZNF185', 'GSDME', 'ERCC2']"
2383,AZD1480,-0.2004946160803836,0.6049916448802424,F5,EMT & DNA damage response,"['SLFN12', 'ZNF185', 'GSDME', 'ERCC2']"
2384,ML258,0.1900811976322642,0.4499616738913905,F5,EMT & DNA damage response,"['SLFN12', 'ZNF185', 'GSDME', 'ERCC2']"
2385,SR1001,-0.20367825610666931,0.41756830512632775,F5,EMT & DNA damage response,"['SLFN12', 'ZNF185', 'GSDME', 'ERCC2']"
2386,bardoxolone methyl,0.030903451413591042,0.9095448631708958,F5,EMT & DNA damage response,"['SLFN12', 'ZNF185', 'GSDME', 'ERCC2']"
2387,elocalcitol,0.2310821803758967,0.42669173934976007,F5,EMT & DNA damage response,"['SLFN12', 'ZNF185', 'GSDME', 'ERCC2']"
2388,BMS-270394,0.30035252197018436,0.22589033387610108,F5,EMT & DNA damage response,"['SLFN12', 'ZNF185', 'GSDME', 'ERCC2']"
2389,fluvastatin,-0.34949061661588615,0.2016467369151817,F5,EMT & DNA damage response,"['SLFN12', 'ZNF185', 'GSDME', 'ERCC2']"
2390,AZD4547,0.1709419836588267,0.4976461527518494,F5,EMT & DNA damage response,"['SLFN12', 'ZNF185', 'GSDME', 'ERCC2']"
2391,hyperforin,0.028892662574444554,0.9123493359338775,F5,EMT & DNA damage response,"['SLFN12', 'ZNF185', 'GSDME', 'ERCC2']"
2392,NVP-231,0.3428766711225694,0.16364319037646013,F5,EMT & DNA damage response,"['SLFN12', 'ZNF185', 'GSDME', 'ERCC2']"
2393,MK-0752,0.5887546056365869,0.012901392444783775,F5,EMT & DNA damage response,"['SLFN12', 'ZNF185', 'GSDME', 'ERCC2']"
2394,semagacestat,0.3329118599732893,0.1770444982497909,F5,EMT & DNA damage response,"['SLFN12', 'ZNF185', 'GSDME', 'ERCC2']"
2395,BRD-A05715709,-0.0980144440795777,0.8019182352912376,F5,EMT & DNA damage response,"['SLFN12', 'ZNF185', 'GSDME', 'ERCC2']"
2396,bosutinib,0.06879622156978316,0.7862030697588553,F5,EMT & DNA damage response,"['SLFN12', 'ZNF185', 'GSDME', 'ERCC2']"
2397,temsirolimus,0.11874084163100435,0.760927305921761,F5,EMT & DNA damage response,"['SLFN12', 'ZNF185', 'GSDME', 'ERCC2']"
2398,docetaxel,-0.004361138491105675,0.9911157024345478,F5,EMT & DNA damage response,"['SLFN12', 'ZNF185', 'GSDME', 'ERCC2']"
2399,nelarabine,0.021742293162624396,0.9362984185581189,F5,EMT & DNA damage response,"['SLFN12', 'ZNF185', 'GSDME', 'ERCC2']"
2400,rigosertib,0.2311484749170165,0.3890476451432606,F5,EMT & DNA damage response,"['SLFN12', 'ZNF185', 'GSDME', 'ERCC2']"
2401,AT7867,0.015427853498057413,0.9547775418047753,F5,EMT & DNA damage response,"['SLFN12', 'ZNF185', 'GSDME', 'ERCC2']"
2402,PD-318088,0.15452797507009844,0.5403819519995339,F5,EMT & DNA damage response,"['SLFN12', 'ZNF185', 'GSDME', 'ERCC2']"
2403,KU-60019,-0.22973761186547417,0.3591055913072979,F5,EMT & DNA damage response,"['SLFN12', 'ZNF185', 'GSDME', 'ERCC2']"
2404,doramapimod,0.00178703604953891,0.9947593408385611,F5,EMT & DNA damage response,"['SLFN12', 'ZNF185', 'GSDME', 'ERCC2']"
2405,KW-2449,-0.021705023782961935,0.9341023589571547,F5,EMT & DNA damage response,"['SLFN12', 'ZNF185', 'GSDME', 'ERCC2']"
2406,RAF265,0.5700635127734976,0.06709800508019106,F5,EMT & DNA damage response,"['SLFN12', 'ZNF185', 'GSDME', 'ERCC2']"
2407,CX-4945,-0.07710679809921904,0.7686498198199614,F5,EMT & DNA damage response,"['SLFN12', 'ZNF185', 'GSDME', 'ERCC2']"
2408,BRD-K03911514,0.7420739226585907,0.035026779825561606,F5,EMT & DNA damage response,"['SLFN12', 'ZNF185', 'GSDME', 'ERCC2']"
2409,cyt387,0.172064029674355,0.5090271679402832,F5,EMT & DNA damage response,"['SLFN12', 'ZNF185', 'GSDME', 'ERCC2']"
2410,idelalisib,0.12782759194439747,0.6249014778856004,F5,EMT & DNA damage response,"['SLFN12', 'ZNF185', 'GSDME', 'ERCC2']"
2411,WP1130,0.3726780870000241,0.1277302503104307,F5,EMT & DNA damage response,"['SLFN12', 'ZNF185', 'GSDME', 'ERCC2']"
2412,OSI-027,0.056437869051120505,0.8239775920349188,F5,EMT & DNA damage response,"['SLFN12', 'ZNF185', 'GSDME', 'ERCC2']"
2413,NVP-BSK805,-0.04056133048149313,0.8771660795834791,F5,EMT & DNA damage response,"['SLFN12', 'ZNF185', 'GSDME', 'ERCC2']"
2414,erlotinib:PLX-4032,0.3472408130206233,0.2047633072708652,F5,EMT & DNA damage response,"['SLFN12', 'ZNF185', 'GSDME', 'ERCC2']"
2415,PIK-93,0.05136164177716923,0.8501675276902603,F5,EMT & DNA damage response,"['SLFN12', 'ZNF185', 'GSDME', 'ERCC2']"
2416,AZD7762,0.10314462032350943,0.6838033755833427,F5,EMT & DNA damage response,"['SLFN12', 'ZNF185', 'GSDME', 'ERCC2']"
2417,birinapant,-0.03201158257715019,0.8996567893934084,F5,EMT & DNA damage response,"['SLFN12', 'ZNF185', 'GSDME', 'ERCC2']"
2418,KX2-391,0.15481923703821404,0.566974603141486,F5,EMT & DNA damage response,"['SLFN12', 'ZNF185', 'GSDME', 'ERCC2']"
2419,3-Cl-AHPC,0.4552393199946665,0.057647555757305374,F5,EMT & DNA damage response,"['SLFN12', 'ZNF185', 'GSDME', 'ERCC2']"
2420,BRD-K27188169,0.19466345749313257,0.6157451060483831,F5,EMT & DNA damage response,"['SLFN12', 'ZNF185', 'GSDME', 'ERCC2']"
2421,KHS-101,0.49352840322343483,0.037397019890730694,F5,EMT & DNA damage response,"['SLFN12', 'ZNF185', 'GSDME', 'ERCC2']"
2422,WAY-362450,0.2516560695724551,0.32987103587270955,F5,EMT & DNA damage response,"['SLFN12', 'ZNF185', 'GSDME', 'ERCC2']"
2423,JQ-1:vorinostat,0.3004323858027406,0.2582169976938339,F5,EMT & DNA damage response,"['SLFN12', 'ZNF185', 'GSDME', 'ERCC2']"
2424,cabozantinib,0.20866712068246965,0.42155308154094573,F5,EMT & DNA damage response,"['SLFN12', 'ZNF185', 'GSDME', 'ERCC2']"
2425,crizotinib:PLX-4032,0.19609011734176618,0.4667068508180089,F5,EMT & DNA damage response,"['SLFN12', 'ZNF185', 'GSDME', 'ERCC2']"
2426,BRD-M00053801,0.6496936305648577,0.030490489644076104,F5,EMT & DNA damage response,"['SLFN12', 'ZNF185', 'GSDME', 'ERCC2']"
2427,KPT-185,0.17758465026503292,0.5808376887212803,F5,EMT & DNA damage response,"['SLFN12', 'ZNF185', 'GSDME', 'ERCC2']"
2428,pitstop2,-0.16728425165665886,0.6441352191220686,F5,EMT & DNA damage response,"['SLFN12', 'ZNF185', 'GSDME', 'ERCC2']"
2429,R-428,-0.2106696080725032,0.5863849079744391,F5,EMT & DNA damage response,"['SLFN12', 'ZNF185', 'GSDME', 'ERCC2']"
2430,ibrutinib,0.3515383950851169,0.28908633126823474,F5,EMT & DNA damage response,"['SLFN12', 'ZNF185', 'GSDME', 'ERCC2']"
2431,sotrastaurin,0.06007636685176713,0.8607169945035662,F5,EMT & DNA damage response,"['SLFN12', 'ZNF185', 'GSDME', 'ERCC2']"
2432,A-804598,-0.24479287062742755,0.4431896167073303,F5,EMT & DNA damage response,"['SLFN12', 'ZNF185', 'GSDME', 'ERCC2']"
2433,BRD-K27188169:navitoclax,-0.6135040016537405,0.07889209936623441,F5,EMT & DNA damage response,"['SLFN12', 'ZNF185', 'GSDME', 'ERCC2']"
2434,COL-3,0.04288632864990061,0.8947178164021977,F5,EMT & DNA damage response,"['SLFN12', 'ZNF185', 'GSDME', 'ERCC2']"
2435,venetoclax,-0.2550716129000631,0.5077271017727503,F5,EMT & DNA damage response,"['SLFN12', 'ZNF185', 'GSDME', 'ERCC2']"
2436,ETP-46464,-0.07235938788317814,0.8231653766372463,F5,EMT & DNA damage response,"['SLFN12', 'ZNF185', 'GSDME', 'ERCC2']"
2437,marinopyrrole A,0.34444992248701295,0.27289815939745493,F5,EMT & DNA damage response,"['SLFN12', 'ZNF185', 'GSDME', 'ERCC2']"
2438,methylstat,-0.15106322192142996,0.6393244304069647,F5,EMT & DNA damage response,"['SLFN12', 'ZNF185', 'GSDME', 'ERCC2']"
2439,alpelisib,-0.07024374215364447,0.8373958157766485,F5,EMT & DNA damage response,"['SLFN12', 'ZNF185', 'GSDME', 'ERCC2']"
2440,GSK2636771,-0.24095749028279276,0.450590569006978,F5,EMT & DNA damage response,"['SLFN12', 'ZNF185', 'GSDME', 'ERCC2']"
2441,JW-74,-0.20014406552397213,0.5793052064576453,F5,EMT & DNA damage response,"['SLFN12', 'ZNF185', 'GSDME', 'ERCC2']"
2442,necrosulfonamide,0.10645935265073171,0.7553899144194324,F5,EMT & DNA damage response,"['SLFN12', 'ZNF185', 'GSDME', 'ERCC2']"
2443,HBX-41108,0.12078902620788795,0.7084529323185033,F5,EMT & DNA damage response,"['SLFN12', 'ZNF185', 'GSDME', 'ERCC2']"
2444,palmostatin B,0.16285491528221066,0.6323404708363173,F5,EMT & DNA damage response,"['SLFN12', 'ZNF185', 'GSDME', 'ERCC2']"
2445,BRD-K03536150,0.7036226286297723,0.001622574233422126,F5,EMT & DNA damage response,"['SLFN12', 'ZNF185', 'GSDME', 'ERCC2']"
2446,BRD-K99006945,-0.17895639058510868,0.6450228543504108,F5,EMT & DNA damage response,"['SLFN12', 'ZNF185', 'GSDME', 'ERCC2']"
2447,tivantinib,-0.09409205964182184,0.8097257919922808,F5,EMT & DNA damage response,"['SLFN12', 'ZNF185', 'GSDME', 'ERCC2']"
2448,trametinib,0.3364592590198795,0.37598329900282357,F5,EMT & DNA damage response,"['SLFN12', 'ZNF185', 'GSDME', 'ERCC2']"
2449,RG4733,0.21218256350382944,0.5836357204202517,F5,EMT & DNA damage response,"['SLFN12', 'ZNF185', 'GSDME', 'ERCC2']"
2450,dinaciclib,-0.020001008074456553,0.9592678617664825,F5,EMT & DNA damage response,"['SLFN12', 'ZNF185', 'GSDME', 'ERCC2']"
2451,MLN2480,0.1541868689856554,0.6920495798603497,F5,EMT & DNA damage response,"['SLFN12', 'ZNF185', 'GSDME', 'ERCC2']"
2452,BRD-K51831558,0.16376996277735695,0.6983776531262355,F5,EMT & DNA damage response,"['SLFN12', 'ZNF185', 'GSDME', 'ERCC2']"
2453,istradefylline,0.21015232315894236,0.5873259191616402,F5,EMT & DNA damage response,"['SLFN12', 'ZNF185', 'GSDME', 'ERCC2']"
2454,MI-2,0.555163769959059,0.12074602515042768,F5,EMT & DNA damage response,"['SLFN12', 'ZNF185', 'GSDME', 'ERCC2']"
2455,alvocidib,-0.17418305750319762,0.6799524766953122,F5,EMT & DNA damage response,"['SLFN12', 'ZNF185', 'GSDME', 'ERCC2']"
2456,CBB-1007,-0.3273908653952016,0.3897813464967624,F5,EMT & DNA damage response,"['SLFN12', 'ZNF185', 'GSDME', 'ERCC2']"
2457,BRD-A86708339,-0.19094781736166674,0.6226305525293986,F5,EMT & DNA damage response,"['SLFN12', 'ZNF185', 'GSDME', 'ERCC2']"
2458,PF-03758309,0.3061054928996039,0.423069510858865,F5,EMT & DNA damage response,"['SLFN12', 'ZNF185', 'GSDME', 'ERCC2']"
2459,dabrafenib,0.298789461939478,0.43479537200261276,F5,EMT & DNA damage response,"['SLFN12', 'ZNF185', 'GSDME', 'ERCC2']"
2460,SZ4TA2,-0.2698421768767647,0.4825549350471736,F5,EMT & DNA damage response,"['SLFN12', 'ZNF185', 'GSDME', 'ERCC2']"
2461,AT13387,0.20677100496029074,0.5934901272030831,F5,EMT & DNA damage response,"['SLFN12', 'ZNF185', 'GSDME', 'ERCC2']"
2462,BCL-LZH-4,0.43889211198272243,0.23726960414480291,F5,EMT & DNA damage response,"['SLFN12', 'ZNF185', 'GSDME', 'ERCC2']"
2463,skepinone-L,0.13770534591463732,0.7238642662626091,F5,EMT & DNA damage response,"['SLFN12', 'ZNF185', 'GSDME', 'ERCC2']"
2464,BRD-K34222889,0.21612788815779302,0.38903359758376177,F5,EMT & DNA damage response,"['SLFN12', 'ZNF185', 'GSDME', 'ERCC2']"
2465,PF-4800567,-0.3501318261614321,0.35562588909110304,F5,EMT & DNA damage response,"['SLFN12', 'ZNF185', 'GSDME', 'ERCC2']"
2466,avicin D,0.07171345382472007,0.8659975744909891,F5,EMT & DNA damage response,"['SLFN12', 'ZNF185', 'GSDME', 'ERCC2']"
2467,linsitinib,0.3874701097487968,0.1381253807984981,F5,EMT & DNA damage response,"['SLFN12', 'ZNF185', 'GSDME', 'ERCC2']"
2468,AT-406,-0.15613562172442272,0.6883142616185622,F5,EMT & DNA damage response,"['SLFN12', 'ZNF185', 'GSDME', 'ERCC2']"
2469,ML031,0.17784180670455943,0.5099295826301289,F5,EMT & DNA damage response,"['SLFN12', 'ZNF185', 'GSDME', 'ERCC2']"
2470,CIL56,-0.27816850461020753,0.4685996035152542,F6,MAGE protein family,"['MAGEA2', 'MAGEA2B', 'MAGEA3', 'MAGEA6', 'MAGEA12']"
2471,FQI-1,-0.13258861466815616,0.7338184680505548,F6,MAGE protein family,"['MAGEA2', 'MAGEA2B', 'MAGEA3', 'MAGEA6', 'MAGEA12']"
2472,BRD-K92856060,-0.07282778612013564,0.77397364356661,F6,MAGE protein family,"['MAGEA2', 'MAGEA2B', 'MAGEA3', 'MAGEA6', 'MAGEA12']"
2473,B02,0.1900244989830979,0.4808696585650044,F6,MAGE protein family,"['MAGEA2', 'MAGEA2B', 'MAGEA3', 'MAGEA6', 'MAGEA12']"
2474,BRD6340,0.04694208027639665,0.8580144262933441,F6,MAGE protein family,"['MAGEA2', 'MAGEA2B', 'MAGEA3', 'MAGEA6', 'MAGEA12']"
2475,BRD-K45681478,0.10388438148695296,0.6915317317640705,F6,MAGE protein family,"['MAGEA2', 'MAGEA2B', 'MAGEA3', 'MAGEA6', 'MAGEA12']"
2476,ML050,-0.023820617202686876,0.9276943828690948,F6,MAGE protein family,"['MAGEA2', 'MAGEA2B', 'MAGEA3', 'MAGEA6', 'MAGEA12']"
2477,ML162,-0.12135706464471473,0.642664616672533,F6,MAGE protein family,"['MAGEA2', 'MAGEA2B', 'MAGEA3', 'MAGEA6', 'MAGEA12']"
2478,CIL41,-0.030751320684655293,0.9374032703074807,F6,MAGE protein family,"['MAGEA2', 'MAGEA2B', 'MAGEA3', 'MAGEA6', 'MAGEA12']"
2479,ML006,-0.12113956941653616,0.6320635384739954,F6,MAGE protein family,"['MAGEA2', 'MAGEA2B', 'MAGEA3', 'MAGEA6', 'MAGEA12']"
2480,CIL55,-0.36232765161195973,0.3777524819814645,F6,MAGE protein family,"['MAGEA2', 'MAGEA2B', 'MAGEA3', 'MAGEA6', 'MAGEA12']"
2481,NSC30930,-0.1475814649914347,0.5719000318127372,F6,MAGE protein family,"['MAGEA2', 'MAGEA2B', 'MAGEA3', 'MAGEA6', 'MAGEA12']"
2482,Bax channel blocker,0.2553988641833201,0.33973512151243557,F6,MAGE protein family,"['MAGEA2', 'MAGEA2B', 'MAGEA3', 'MAGEA6', 'MAGEA12']"
2483,CIL70,-0.07945612165534365,0.8389824913778974,F6,MAGE protein family,"['MAGEA2', 'MAGEA2B', 'MAGEA3', 'MAGEA6', 'MAGEA12']"
2484,MI-1,-0.12558852640372953,0.6430442547567483,F6,MAGE protein family,"['MAGEA2', 'MAGEA2B', 'MAGEA3', 'MAGEA6', 'MAGEA12']"
2485,BRD9876,-0.33855619615162647,0.19961190464353143,F6,MAGE protein family,"['MAGEA2', 'MAGEA2B', 'MAGEA3', 'MAGEA6', 'MAGEA12']"
2486,DBeQ,-0.2068385174841911,0.42572488461072044,F6,MAGE protein family,"['MAGEA2', 'MAGEA2B', 'MAGEA3', 'MAGEA6', 'MAGEA12']"
2487,mdivi-1,-0.2826794033008179,0.27161310897185537,F6,MAGE protein family,"['MAGEA2', 'MAGEA2B', 'MAGEA3', 'MAGEA6', 'MAGEA12']"
2488,tretinoin,-0.11930149587440143,0.6483467549538122,F6,MAGE protein family,"['MAGEA2', 'MAGEA2B', 'MAGEA3', 'MAGEA6', 'MAGEA12']"
2489,betulinic-acid,-0.06420900984514138,0.8132426388679217,F6,MAGE protein family,"['MAGEA2', 'MAGEA2B', 'MAGEA3', 'MAGEA6', 'MAGEA12']"
2490,phloretin,-0.00456518562237862,0.9866126161962826,F6,MAGE protein family,"['MAGEA2', 'MAGEA2B', 'MAGEA3', 'MAGEA6', 'MAGEA12']"
2491,thalidomide,0.37499915870020517,0.3600132194215763,F6,MAGE protein family,"['MAGEA2', 'MAGEA2B', 'MAGEA3', 'MAGEA6', 'MAGEA12']"
2492,gossypol,0.004416797369631301,0.9861226575308832,F6,MAGE protein family,"['MAGEA2', 'MAGEA2B', 'MAGEA3', 'MAGEA6', 'MAGEA12']"
2493,chlorambucil,0.001238241173472952,0.9961093489037773,F6,MAGE protein family,"['MAGEA2', 'MAGEA2B', 'MAGEA3', 'MAGEA6', 'MAGEA12']"
2494,5-fluorouracil,0.06119091334384573,0.8155307844628402,F6,MAGE protein family,"['MAGEA2', 'MAGEA2B', 'MAGEA3', 'MAGEA6', 'MAGEA12']"
2495,ML083,0.051597538532385995,0.8440876932456104,F6,MAGE protein family,"['MAGEA2', 'MAGEA2B', 'MAGEA3', 'MAGEA6', 'MAGEA12']"
2496,CID-5951923,-0.12809750834636868,0.624164633370517,F6,MAGE protein family,"['MAGEA2', 'MAGEA2B', 'MAGEA3', 'MAGEA6', 'MAGEA12']"
2497,azacitidine,0.035427072306004406,0.8890102082323472,F6,MAGE protein family,"['MAGEA2', 'MAGEA2B', 'MAGEA3', 'MAGEA6', 'MAGEA12']"
2498,trifluoperazine,0.1112184677824157,0.7050436821393069,F6,MAGE protein family,"['MAGEA2', 'MAGEA2B', 'MAGEA3', 'MAGEA6', 'MAGEA12']"
2499,paclitaxel,-0.11162888675425432,0.6697162906620963,F6,MAGE protein family,"['MAGEA2', 'MAGEA2B', 'MAGEA3', 'MAGEA6', 'MAGEA12']"
2500,tamoxifen,0.32833138198763057,0.19821367821004474,F6,MAGE protein family,"['MAGEA2', 'MAGEA2B', 'MAGEA3', 'MAGEA6', 'MAGEA12']"
2501,carboplatin,-0.2135997553733246,0.3947395203539673,F6,MAGE protein family,"['MAGEA2', 'MAGEA2B', 'MAGEA3', 'MAGEA6', 'MAGEA12']"
2502,IU1,-0.08489912051652675,0.7459604290096685,F6,MAGE protein family,"['MAGEA2', 'MAGEA2B', 'MAGEA3', 'MAGEA6', 'MAGEA12']"
2503,dexamethasone,0.2656204390452017,0.338649685443357,F6,MAGE protein family,"['MAGEA2', 'MAGEA2B', 'MAGEA3', 'MAGEA6', 'MAGEA12']"
2504,teniposide,0.27478041315991886,0.5101331599123055,F6,MAGE protein family,"['MAGEA2', 'MAGEA2B', 'MAGEA3', 'MAGEA6', 'MAGEA12']"
2505,sildenafil,0.22136237104674852,0.3931898764801937,F6,MAGE protein family,"['MAGEA2', 'MAGEA2B', 'MAGEA3', 'MAGEA6', 'MAGEA12']"
2506,simvastatin,0.39731543878041775,0.14251945099222366,F6,MAGE protein family,"['MAGEA2', 'MAGEA2B', 'MAGEA3', 'MAGEA6', 'MAGEA12']"
2507,parbendazole,0.28410633816469527,0.25321807009342423,F6,MAGE protein family,"['MAGEA2', 'MAGEA2B', 'MAGEA3', 'MAGEA6', 'MAGEA12']"
2508,procarbazine,0.11111778672226265,0.693398884488194,F6,MAGE protein family,"['MAGEA2', 'MAGEA2B', 'MAGEA3', 'MAGEA6', 'MAGEA12']"
2509,curcumin,0.3136528866746734,0.23681360550581534,F6,MAGE protein family,"['MAGEA2', 'MAGEA2B', 'MAGEA3', 'MAGEA6', 'MAGEA12']"
2510,ciclopirox,-0.017532432177508245,0.948615682568862,F6,MAGE protein family,"['MAGEA2', 'MAGEA2B', 'MAGEA3', 'MAGEA6', 'MAGEA12']"
2511,epigallocatechin-gallate-(-),0.16882035317877736,0.5999316868349146,F6,MAGE protein family,"['MAGEA2', 'MAGEA2B', 'MAGEA3', 'MAGEA6', 'MAGEA12']"
2512,ML311,0.1259652888238683,0.6184487536623395,F6,MAGE protein family,"['MAGEA2', 'MAGEA2B', 'MAGEA3', 'MAGEA6', 'MAGEA12']"
2513,myricetin,0.03902007039540814,0.8901892970135862,F6,MAGE protein family,"['MAGEA2', 'MAGEA2B', 'MAGEA3', 'MAGEA6', 'MAGEA12']"
2514,methotrexate,-0.34254434811558865,0.17833012750120342,F6,MAGE protein family,"['MAGEA2', 'MAGEA2B', 'MAGEA3', 'MAGEA6', 'MAGEA12']"
2515,lovastatin,0.03847668531495332,0.8795193136887446,F6,MAGE protein family,"['MAGEA2', 'MAGEA2B', 'MAGEA3', 'MAGEA6', 'MAGEA12']"
2516,valdecoxib,0.018613718872343858,0.9434724739734225,F6,MAGE protein family,"['MAGEA2', 'MAGEA2B', 'MAGEA3', 'MAGEA6', 'MAGEA12']"
2517,cyclophosphamide,-0.056868476877119566,0.8844602581240228,F6,MAGE protein family,"['MAGEA2', 'MAGEA2B', 'MAGEA3', 'MAGEA6', 'MAGEA12']"
2518,dacarbazine,-0.18061114491026728,0.4878733477082551,F6,MAGE protein family,"['MAGEA2', 'MAGEA2B', 'MAGEA3', 'MAGEA6', 'MAGEA12']"
2519,niclosamide,-0.36458016041701746,0.19997638504801374,F6,MAGE protein family,"['MAGEA2', 'MAGEA2B', 'MAGEA3', 'MAGEA6', 'MAGEA12']"
2520,prochlorperazine,-0.14948260534539617,0.5805729251281144,F6,MAGE protein family,"['MAGEA2', 'MAGEA2B', 'MAGEA3', 'MAGEA6', 'MAGEA12']"
2521,imatinib,0.005255619403173877,0.9840283163430726,F6,MAGE protein family,"['MAGEA2', 'MAGEA2B', 'MAGEA3', 'MAGEA6', 'MAGEA12']"
2522,decitabine,-0.36140273361960884,0.14059740239902785,F6,MAGE protein family,"['MAGEA2', 'MAGEA2B', 'MAGEA3', 'MAGEA6', 'MAGEA12']"
2523,CHIR-99021,0.40546883980213216,0.11920396878099263,F6,MAGE protein family,"['MAGEA2', 'MAGEA2B', 'MAGEA3', 'MAGEA6', 'MAGEA12']"
2524,BI-2536,0.07498340742115385,0.7748643713922133,F6,MAGE protein family,"['MAGEA2', 'MAGEA2B', 'MAGEA3', 'MAGEA6', 'MAGEA12']"
2525,BRD-K61166597,0.24859738693653954,0.35319042076776297,F6,MAGE protein family,"['MAGEA2', 'MAGEA2B', 'MAGEA3', 'MAGEA6', 'MAGEA12']"
2526,axitinib,0.0826865836461766,0.7442855006187992,F6,MAGE protein family,"['MAGEA2', 'MAGEA2B', 'MAGEA3', 'MAGEA6', 'MAGEA12']"
2527,selumetinib,0.12275841829987573,0.6388015902061651,F6,MAGE protein family,"['MAGEA2', 'MAGEA2B', 'MAGEA3', 'MAGEA6', 'MAGEA12']"
2528,NVP-BEZ235,-0.14718170363476446,0.6480548232434273,F6,MAGE protein family,"['MAGEA2', 'MAGEA2B', 'MAGEA3', 'MAGEA6', 'MAGEA12']"
2529,GW-843682X,0.0780377389112335,0.7739072710049916,F6,MAGE protein family,"['MAGEA2', 'MAGEA2B', 'MAGEA3', 'MAGEA6', 'MAGEA12']"
2530,vandetanib,-0.16799854668875533,0.5339884196803788,F6,MAGE protein family,"['MAGEA2', 'MAGEA2B', 'MAGEA3', 'MAGEA6', 'MAGEA12']"
2531,sorafenib,0.04666114237021044,0.8588561567452214,F6,MAGE protein family,"['MAGEA2', 'MAGEA2B', 'MAGEA3', 'MAGEA6', 'MAGEA12']"
2532,ML029,0.1854369513439278,0.5081864119273974,F6,MAGE protein family,"['MAGEA2', 'MAGEA2B', 'MAGEA3', 'MAGEA6', 'MAGEA12']"
2533,temozolomide,-0.07120498165269327,0.785954533897586,F6,MAGE protein family,"['MAGEA2', 'MAGEA2B', 'MAGEA3', 'MAGEA6', 'MAGEA12']"
2534,ifosfamide,-0.27763081145355767,0.5055730216267686,F6,MAGE protein family,"['MAGEA2', 'MAGEA2B', 'MAGEA3', 'MAGEA6', 'MAGEA12']"
2535,BRD4132,-0.11451064614180917,0.672819932605397,F6,MAGE protein family,"['MAGEA2', 'MAGEA2B', 'MAGEA3', 'MAGEA6', 'MAGEA12']"
2536,BRD-K90370028,0.44969606306116755,0.2635990179801628,F6,MAGE protein family,"['MAGEA2', 'MAGEA2B', 'MAGEA3', 'MAGEA6', 'MAGEA12']"
2537,SNX-2112,0.06624308227834222,0.7939727027749088,F6,MAGE protein family,"['MAGEA2', 'MAGEA2B', 'MAGEA3', 'MAGEA6', 'MAGEA12']"
2538,navitoclax,0.31641732575686293,0.2008111866125101,F6,MAGE protein family,"['MAGEA2', 'MAGEA2B', 'MAGEA3', 'MAGEA6', 'MAGEA12']"
2539,doxorubicin,0.2275746348321197,0.379698552409789,F6,MAGE protein family,"['MAGEA2', 'MAGEA2B', 'MAGEA3', 'MAGEA6', 'MAGEA12']"
2540,ouabain,0.11506586317804733,0.6493602071087046,F6,MAGE protein family,"['MAGEA2', 'MAGEA2B', 'MAGEA3', 'MAGEA6', 'MAGEA12']"
2541,bexarotene,0.07658088092366645,0.7626342067624575,F6,MAGE protein family,"['MAGEA2', 'MAGEA2B', 'MAGEA3', 'MAGEA6', 'MAGEA12']"
2542,nilotinib,-0.19268840007821278,0.4746241822685913,F6,MAGE protein family,"['MAGEA2', 'MAGEA2B', 'MAGEA3', 'MAGEA6', 'MAGEA12']"
2543,sunitinib,0.21871493140545378,0.38324192703929205,F6,MAGE protein family,"['MAGEA2', 'MAGEA2B', 'MAGEA3', 'MAGEA6', 'MAGEA12']"
2544,bendamustine,0.3532671166018633,0.19648395652532924,F6,MAGE protein family,"['MAGEA2', 'MAGEA2B', 'MAGEA3', 'MAGEA6', 'MAGEA12']"
2545,BRD9647,-0.17640927175187643,0.48378254684853583,F6,MAGE protein family,"['MAGEA2', 'MAGEA2B', 'MAGEA3', 'MAGEA6', 'MAGEA12']"
2546,homoharringtonine,-0.10890742120060977,0.7361791489146252,F6,MAGE protein family,"['MAGEA2', 'MAGEA2B', 'MAGEA3', 'MAGEA6', 'MAGEA12']"
2547,CD-437,-0.12273930344016955,0.6275374499587641,F6,MAGE protein family,"['MAGEA2', 'MAGEA2B', 'MAGEA3', 'MAGEA6', 'MAGEA12']"
2548,SCH-79797,-0.12851805721961243,0.6112938148295161,F6,MAGE protein family,"['MAGEA2', 'MAGEA2B', 'MAGEA3', 'MAGEA6', 'MAGEA12']"
2549,LE-135,0.03437638856748509,0.8922835012498012,F6,MAGE protein family,"['MAGEA2', 'MAGEA2B', 'MAGEA3', 'MAGEA6', 'MAGEA12']"
2550,SKI-II,-0.40441915430196385,0.09598770867648712,F6,MAGE protein family,"['MAGEA2', 'MAGEA2B', 'MAGEA3', 'MAGEA6', 'MAGEA12']"
2551,CI-976,-0.13479096751590422,0.5938546951648191,F6,MAGE protein family,"['MAGEA2', 'MAGEA2B', 'MAGEA3', 'MAGEA6', 'MAGEA12']"
2552,cisplatin,-0.1481027693644069,0.5575484780140187,F6,MAGE protein family,"['MAGEA2', 'MAGEA2B', 'MAGEA3', 'MAGEA6', 'MAGEA12']"
2553,necrostatin-1,0.3525062599113383,0.18053337499736313,F6,MAGE protein family,"['MAGEA2', 'MAGEA2B', 'MAGEA3', 'MAGEA6', 'MAGEA12']"
2554,GW-405833,0.04977655388105716,0.84953016784458,F6,MAGE protein family,"['MAGEA2', 'MAGEA2B', 'MAGEA3', 'MAGEA6', 'MAGEA12']"
2555,AC-55649,-0.1923773018477518,0.4594655345258654,F6,MAGE protein family,"['MAGEA2', 'MAGEA2B', 'MAGEA3', 'MAGEA6', 'MAGEA12']"
2556,RITA,-0.45111764526133186,0.06023848513717229,F6,MAGE protein family,"['MAGEA2', 'MAGEA2B', 'MAGEA3', 'MAGEA6', 'MAGEA12']"
2557,LY2183240,0.24562148652398935,0.3419840970379184,F6,MAGE protein family,"['MAGEA2', 'MAGEA2B', 'MAGEA3', 'MAGEA6', 'MAGEA12']"
2558,KI-8751,-0.010083979758701345,0.9704335609710597,F6,MAGE protein family,"['MAGEA2', 'MAGEA2B', 'MAGEA3', 'MAGEA6', 'MAGEA12']"
2559,CD-1530,-0.005105752754010224,0.9855918863949783,F6,MAGE protein family,"['MAGEA2', 'MAGEA2B', 'MAGEA3', 'MAGEA6', 'MAGEA12']"
2560,TPCA-1,-0.21852330773333373,0.3836692764697498,F6,MAGE protein family,"['MAGEA2', 'MAGEA2B', 'MAGEA3', 'MAGEA6', 'MAGEA12']"
2561,oxaliplatin,0.010012372150416842,0.9695774620252929,F6,MAGE protein family,"['MAGEA2', 'MAGEA2B', 'MAGEA3', 'MAGEA6', 'MAGEA12']"
2562,NSC632839,-0.015991058659668062,0.9497846228824396,F6,MAGE protein family,"['MAGEA2', 'MAGEA2B', 'MAGEA3', 'MAGEA6', 'MAGEA12']"
2563,pifithrin-mu,0.16812534316287234,0.5048620775941162,F6,MAGE protein family,"['MAGEA2', 'MAGEA2B', 'MAGEA3', 'MAGEA6', 'MAGEA12']"
2564,camptothecin,0.28758241783017635,0.29864650968430057,F6,MAGE protein family,"['MAGEA2', 'MAGEA2B', 'MAGEA3', 'MAGEA6', 'MAGEA12']"
2565,BRD-K80183349,0.32507684259739633,0.21924441102650877,F6,MAGE protein family,"['MAGEA2', 'MAGEA2B', 'MAGEA3', 'MAGEA6', 'MAGEA12']"
2566,BRD-K66532283,0.18103041287874533,0.4722140234874333,F6,MAGE protein family,"['MAGEA2', 'MAGEA2B', 'MAGEA3', 'MAGEA6', 'MAGEA12']"
2567,MK-2206,0.21535643806221952,0.4408107485230314,F6,MAGE protein family,"['MAGEA2', 'MAGEA2B', 'MAGEA3', 'MAGEA6', 'MAGEA12']"
2568,triazolothiadiazine,0.24021256350989437,0.336990015070334,F6,MAGE protein family,"['MAGEA2', 'MAGEA2B', 'MAGEA3', 'MAGEA6', 'MAGEA12']"
2569,BRD-K66453893,0.18237930537241775,0.4835509999524037,F6,MAGE protein family,"['MAGEA2', 'MAGEA2B', 'MAGEA3', 'MAGEA6', 'MAGEA12']"
2570,BRD-K11533227,-0.012123639308736835,0.9657954338825135,F6,MAGE protein family,"['MAGEA2', 'MAGEA2B', 'MAGEA3', 'MAGEA6', 'MAGEA12']"
2571,Piplartine,0.029891755601156575,0.906272920376809,F6,MAGE protein family,"['MAGEA2', 'MAGEA2B', 'MAGEA3', 'MAGEA6', 'MAGEA12']"
2572,BRD-K14844214,0.20389095842531607,0.44879970180052675,F6,MAGE protein family,"['MAGEA2', 'MAGEA2B', 'MAGEA3', 'MAGEA6', 'MAGEA12']"
2573,BRD1835,-0.33692704110689686,0.17155880813566515,F6,MAGE protein family,"['MAGEA2', 'MAGEA2B', 'MAGEA3', 'MAGEA6', 'MAGEA12']"
2574,BRD-K41597374,0.13422094016062863,0.6075398495439369,F6,MAGE protein family,"['MAGEA2', 'MAGEA2B', 'MAGEA3', 'MAGEA6', 'MAGEA12']"
2575,BRD-K63431240,0.3905633484008808,0.10905272226404726,F6,MAGE protein family,"['MAGEA2', 'MAGEA2B', 'MAGEA3', 'MAGEA6', 'MAGEA12']"
2576,BRD-K13999467,0.055343122491205564,0.8329142602844142,F6,MAGE protein family,"['MAGEA2', 'MAGEA2B', 'MAGEA3', 'MAGEA6', 'MAGEA12']"
2577,brefeldin A,0.2685905797209575,0.2811745403450518,F6,MAGE protein family,"['MAGEA2', 'MAGEA2B', 'MAGEA3', 'MAGEA6', 'MAGEA12']"
2578,AGK-2,-0.09938689946237518,0.6947884731918446,F6,MAGE protein family,"['MAGEA2', 'MAGEA2B', 'MAGEA3', 'MAGEA6', 'MAGEA12']"
2579,L-685458,-0.1158735666901048,0.6470499311146646,F6,MAGE protein family,"['MAGEA2', 'MAGEA2B', 'MAGEA3', 'MAGEA6', 'MAGEA12']"
2580,PF-750,-0.29496346622611935,0.26740756002462374,F6,MAGE protein family,"['MAGEA2', 'MAGEA2B', 'MAGEA3', 'MAGEA6', 'MAGEA12']"
2581,triptolide,0.5497925045366773,0.018093036024073812,F6,MAGE protein family,"['MAGEA2', 'MAGEA2B', 'MAGEA3', 'MAGEA6', 'MAGEA12']"
2582,nutlin-3,0.017464451486241525,0.9451641564498534,F6,MAGE protein family,"['MAGEA2', 'MAGEA2B', 'MAGEA3', 'MAGEA6', 'MAGEA12']"
2583,AA-COCF3,-0.4354609231858029,0.08061747609034042,F6,MAGE protein family,"['MAGEA2', 'MAGEA2B', 'MAGEA3', 'MAGEA6', 'MAGEA12']"
2584,16-beta-bromoandrosterone,0.12172994176452204,0.6303917522340924,F6,MAGE protein family,"['MAGEA2', 'MAGEA2B', 'MAGEA3', 'MAGEA6', 'MAGEA12']"
2585,PRL-3 inhibitor I,0.11596283522257042,0.6806676888507384,F6,MAGE protein family,"['MAGEA2', 'MAGEA2B', 'MAGEA3', 'MAGEA6', 'MAGEA12']"
2586,SID 26681509,0.43603113658088355,0.1363647839549565,F6,MAGE protein family,"['MAGEA2', 'MAGEA2B', 'MAGEA3', 'MAGEA6', 'MAGEA12']"
2587,ISX-9,0.10185964830654054,0.6875531223869786,F6,MAGE protein family,"['MAGEA2', 'MAGEA2B', 'MAGEA3', 'MAGEA6', 'MAGEA12']"
2588,STAT3-inhibitor-VI,0.05555263590178223,0.8322901342864703,F6,MAGE protein family,"['MAGEA2', 'MAGEA2B', 'MAGEA3', 'MAGEA6', 'MAGEA12']"
2589,bortezomib,0.07156427617116583,0.7848982475611609,F6,MAGE protein family,"['MAGEA2', 'MAGEA2B', 'MAGEA3', 'MAGEA6', 'MAGEA12']"
2590,ABT-737,0.342340302591005,0.16434641862283456,F6,MAGE protein family,"['MAGEA2', 'MAGEA2B', 'MAGEA3', 'MAGEA6', 'MAGEA12']"
2591,zebularine,-0.009931789232361887,0.9688006071845363,F6,MAGE protein family,"['MAGEA2', 'MAGEA2B', 'MAGEA3', 'MAGEA6', 'MAGEA12']"
2592,PI-103,0.16548473673759548,0.5116718970204283,F6,MAGE protein family,"['MAGEA2', 'MAGEA2B', 'MAGEA3', 'MAGEA6', 'MAGEA12']"
2593,tubastatin-A,-0.15718253526487785,0.7101010253711998,F6,MAGE protein family,"['MAGEA2', 'MAGEA2B', 'MAGEA3', 'MAGEA6', 'MAGEA12']"
2594,SR-II-138A,0.06237335249314345,0.8057839901107595,F6,MAGE protein family,"['MAGEA2', 'MAGEA2B', 'MAGEA3', 'MAGEA6', 'MAGEA12']"
2595,parthenolide,-0.09997265813272059,0.7125918622984098,F6,MAGE protein family,"['MAGEA2', 'MAGEA2B', 'MAGEA3', 'MAGEA6', 'MAGEA12']"
2596,Compound 7d-cis,0.3148624941240853,0.2947215146235811,F6,MAGE protein family,"['MAGEA2', 'MAGEA2B', 'MAGEA3', 'MAGEA6', 'MAGEA12']"
2597,fedratinib,0.6653798960689532,0.0049079001663679435,F6,MAGE protein family,"['MAGEA2', 'MAGEA2B', 'MAGEA3', 'MAGEA6', 'MAGEA12']"
2598,pevonedistat,0.2537239388453029,0.3615175491722757,F6,MAGE protein family,"['MAGEA2', 'MAGEA2B', 'MAGEA3', 'MAGEA6', 'MAGEA12']"
2599,AZD7545,-0.09483125132495976,0.7367384963467034,F6,MAGE protein family,"['MAGEA2', 'MAGEA2B', 'MAGEA3', 'MAGEA6', 'MAGEA12']"
2600,VER-155008,0.2006269441145131,0.4247274318841715,F6,MAGE protein family,"['MAGEA2', 'MAGEA2B', 'MAGEA3', 'MAGEA6', 'MAGEA12']"
2601,ML203,0.08889283165811537,0.7344065048377622,F6,MAGE protein family,"['MAGEA2', 'MAGEA2B', 'MAGEA3', 'MAGEA6', 'MAGEA12']"
2602,SRT-1720,-0.1454004698889191,0.6051274200807829,F6,MAGE protein family,"['MAGEA2', 'MAGEA2B', 'MAGEA3', 'MAGEA6', 'MAGEA12']"
2603,CAY10594,0.19734842943496986,0.4637947840605012,F6,MAGE protein family,"['MAGEA2', 'MAGEA2B', 'MAGEA3', 'MAGEA6', 'MAGEA12']"
2604,Compound 1541A,0.1318337604332571,0.613999878206433,F6,MAGE protein family,"['MAGEA2', 'MAGEA2B', 'MAGEA3', 'MAGEA6', 'MAGEA12']"
2605,RG108,0.2333261887054982,0.35143832913911377,F6,MAGE protein family,"['MAGEA2', 'MAGEA2B', 'MAGEA3', 'MAGEA6', 'MAGEA12']"
2606,PAC-1,0.0109750999031085,0.9666536787023539,F6,MAGE protein family,"['MAGEA2', 'MAGEA2B', 'MAGEA3', 'MAGEA6', 'MAGEA12']"
2607,pluripotin,0.4730816446812936,0.05511963362626267,F6,MAGE protein family,"['MAGEA2', 'MAGEA2B', 'MAGEA3', 'MAGEA6', 'MAGEA12']"
2608,GMX-1778,0.12259353011823411,0.6279493625264796,F6,MAGE protein family,"['MAGEA2', 'MAGEA2B', 'MAGEA3', 'MAGEA6', 'MAGEA12']"
2609,avrainvillamide,0.11854771794755885,0.7284739349487731,F6,MAGE protein family,"['MAGEA2', 'MAGEA2B', 'MAGEA3', 'MAGEA6', 'MAGEA12']"
2610,BMS-536924,0.22129723035319498,0.41012655151205724,F6,MAGE protein family,"['MAGEA2', 'MAGEA2B', 'MAGEA3', 'MAGEA6', 'MAGEA12']"
2611,gemcitabine,0.06049354193004078,0.8238869084188698,F6,MAGE protein family,"['MAGEA2', 'MAGEA2B', 'MAGEA3', 'MAGEA6', 'MAGEA12']"
2612,olaparib,-0.006278509686626321,0.9802741728849367,F6,MAGE protein family,"['MAGEA2', 'MAGEA2B', 'MAGEA3', 'MAGEA6', 'MAGEA12']"
2613,oligomycin A,-0.12638687660808656,0.6172648450732183,F6,MAGE protein family,"['MAGEA2', 'MAGEA2B', 'MAGEA3', 'MAGEA6', 'MAGEA12']"
2614,indisulam,-0.07959939581189002,0.7535473327189555,F6,MAGE protein family,"['MAGEA2', 'MAGEA2B', 'MAGEA3', 'MAGEA6', 'MAGEA12']"
2615,BRD-K02492147,0.17320302415922434,0.5370295659608161,F6,MAGE protein family,"['MAGEA2', 'MAGEA2B', 'MAGEA3', 'MAGEA6', 'MAGEA12']"
2616,austocystin D,-0.3614954576801084,0.1404880597560561,F6,MAGE protein family,"['MAGEA2', 'MAGEA2B', 'MAGEA3', 'MAGEA6', 'MAGEA12']"
2617,SJ-172550,-0.14320117473297184,0.5834862012031172,F6,MAGE protein family,"['MAGEA2', 'MAGEA2B', 'MAGEA3', 'MAGEA6', 'MAGEA12']"
2618,BRD-K09587429,0.37301587834183364,0.1547345900127387,F6,MAGE protein family,"['MAGEA2', 'MAGEA2B', 'MAGEA3', 'MAGEA6', 'MAGEA12']"
2619,pandacostat,-0.12233139614407651,0.6286903393077864,F6,MAGE protein family,"['MAGEA2', 'MAGEA2B', 'MAGEA3', 'MAGEA6', 'MAGEA12']"
2620,cyanoquinoline 11,-0.14109637274004794,0.7172868707815852,F6,MAGE protein family,"['MAGEA2', 'MAGEA2B', 'MAGEA3', 'MAGEA6', 'MAGEA12']"
2621,tipifarnib,0.3000311917518469,0.4327951315100454,F6,MAGE protein family,"['MAGEA2', 'MAGEA2B', 'MAGEA3', 'MAGEA6', 'MAGEA12']"
2622,tipifarnib-P1,-0.04153346671292695,0.8742438160009838,F6,MAGE protein family,"['MAGEA2', 'MAGEA2B', 'MAGEA3', 'MAGEA6', 'MAGEA12']"
2623,Compound 23 citrate,0.3115523232906117,0.2782249222545619,F6,MAGE protein family,"['MAGEA2', 'MAGEA2B', 'MAGEA3', 'MAGEA6', 'MAGEA12']"
2624,nakiterpiosin,0.2504869177014272,0.3160861800098673,F6,MAGE protein family,"['MAGEA2', 'MAGEA2B', 'MAGEA3', 'MAGEA6', 'MAGEA12']"
2625,CCT036477,0.2971063723774333,0.23119206473858792,F6,MAGE protein family,"['MAGEA2', 'MAGEA2B', 'MAGEA3', 'MAGEA6', 'MAGEA12']"
2626,R406,-0.09192547213533263,0.7349165895791842,F6,MAGE protein family,"['MAGEA2', 'MAGEA2B', 'MAGEA3', 'MAGEA6', 'MAGEA12']"
2627,YM-155,-0.3616137791104562,0.18537754023295738,F6,MAGE protein family,"['MAGEA2', 'MAGEA2B', 'MAGEA3', 'MAGEA6', 'MAGEA12']"
2628,BMS-754807,-0.17547081359363623,0.5005442766159697,F6,MAGE protein family,"['MAGEA2', 'MAGEA2B', 'MAGEA3', 'MAGEA6', 'MAGEA12']"
2629,BIBR-1532,-0.22036412018047627,0.3795748820079686,F6,MAGE protein family,"['MAGEA2', 'MAGEA2B', 'MAGEA3', 'MAGEA6', 'MAGEA12']"
2630,tosedostat,0.046112389171348946,0.8605007143090688,F6,MAGE protein family,"['MAGEA2', 'MAGEA2B', 'MAGEA3', 'MAGEA6', 'MAGEA12']"
2631,neratinib,-0.2740798257749395,0.2710762943812123,F6,MAGE protein family,"['MAGEA2', 'MAGEA2B', 'MAGEA3', 'MAGEA6', 'MAGEA12']"
2632,ICG-001,0.12239116335184548,0.6285213649819362,F6,MAGE protein family,"['MAGEA2', 'MAGEA2B', 'MAGEA3', 'MAGEA6', 'MAGEA12']"
2633,BRD8958,-0.035963625094894244,0.8987482963164198,F6,MAGE protein family,"['MAGEA2', 'MAGEA2B', 'MAGEA3', 'MAGEA6', 'MAGEA12']"
2634,serdemetan,0.18174671283190194,0.4850952580432536,F6,MAGE protein family,"['MAGEA2', 'MAGEA2B', 'MAGEA3', 'MAGEA6', 'MAGEA12']"
2635,FK-866,-0.02696114137205766,0.9240150134887104,F6,MAGE protein family,"['MAGEA2', 'MAGEA2B', 'MAGEA3', 'MAGEA6', 'MAGEA12']"
2636,MK-1775,-0.0290364088649989,0.9119148455563034,F6,MAGE protein family,"['MAGEA2', 'MAGEA2B', 'MAGEA3', 'MAGEA6', 'MAGEA12']"
2637,tivozanib,0.1225080147407744,0.6281910525576483,F6,MAGE protein family,"['MAGEA2', 'MAGEA2B', 'MAGEA3', 'MAGEA6', 'MAGEA12']"
2638,Ko143,-0.06537329945108948,0.7966238570813454,F6,MAGE protein family,"['MAGEA2', 'MAGEA2B', 'MAGEA3', 'MAGEA6', 'MAGEA12']"
2639,CR-1-31B,0.001379278828340267,0.9956662012393382,F6,MAGE protein family,"['MAGEA2', 'MAGEA2B', 'MAGEA3', 'MAGEA6', 'MAGEA12']"
2640,BRD-K26531177,0.24962844459199415,0.369581940130605,F6,MAGE protein family,"['MAGEA2', 'MAGEA2B', 'MAGEA3', 'MAGEA6', 'MAGEA12']"
2641,BRD-K71781559,0.18766864163709893,0.48642584084726037,F6,MAGE protein family,"['MAGEA2', 'MAGEA2B', 'MAGEA3', 'MAGEA6', 'MAGEA12']"
2642,BRD-K04800985,0.2580421870499221,0.31732751397951553,F6,MAGE protein family,"['MAGEA2', 'MAGEA2B', 'MAGEA3', 'MAGEA6', 'MAGEA12']"
2643,BRD-K19103580,0.004744411708508011,0.9855817028541926,F6,MAGE protein family,"['MAGEA2', 'MAGEA2B', 'MAGEA3', 'MAGEA6', 'MAGEA12']"
2644,BRD-K64610608,0.09163419832007584,0.7265065541080892,F6,MAGE protein family,"['MAGEA2', 'MAGEA2B', 'MAGEA3', 'MAGEA6', 'MAGEA12']"
2645,BRD-K02251932,0.21140227833169356,0.43189072561738917,F6,MAGE protein family,"['MAGEA2', 'MAGEA2B', 'MAGEA3', 'MAGEA6', 'MAGEA12']"
2646,BRD-K55116708,0.19662274201771773,0.46547311834866634,F6,MAGE protein family,"['MAGEA2', 'MAGEA2B', 'MAGEA3', 'MAGEA6', 'MAGEA12']"
2647,NSC23766,-0.18648412371785347,0.4735888853943394,F6,MAGE protein family,"['MAGEA2', 'MAGEA2B', 'MAGEA3', 'MAGEA6', 'MAGEA12']"
2648,pyrazolanthrone,0.22246728443915395,0.39077150299636243,F6,MAGE protein family,"['MAGEA2', 'MAGEA2B', 'MAGEA3', 'MAGEA6', 'MAGEA12']"
2649,C6-ceramide,-0.16116252974358,0.5229108865631518,F6,MAGE protein family,"['MAGEA2', 'MAGEA2B', 'MAGEA3', 'MAGEA6', 'MAGEA12']"
2650,topotecan,0.05286806669102255,0.8349617193770692,F6,MAGE protein family,"['MAGEA2', 'MAGEA2B', 'MAGEA3', 'MAGEA6', 'MAGEA12']"
2651,BRD-K16147474,0.18486985545594156,0.4930664508276278,F6,MAGE protein family,"['MAGEA2', 'MAGEA2B', 'MAGEA3', 'MAGEA6', 'MAGEA12']"
2652,BRD-K33199242,-0.018175256208910244,0.9467341287541864,F6,MAGE protein family,"['MAGEA2', 'MAGEA2B', 'MAGEA3', 'MAGEA6', 'MAGEA12']"
2653,BRD-K52037352,-0.2888325996636966,0.31657853619056936,F6,MAGE protein family,"['MAGEA2', 'MAGEA2B', 'MAGEA3', 'MAGEA6', 'MAGEA12']"
2654,N9-isopropylolomoucine,-0.008448911394795174,0.9743264236167545,F6,MAGE protein family,"['MAGEA2', 'MAGEA2B', 'MAGEA3', 'MAGEA6', 'MAGEA12']"
2655,BRD-K37390332,0.38817256746499884,0.12363902702211346,F6,MAGE protein family,"['MAGEA2', 'MAGEA2B', 'MAGEA3', 'MAGEA6', 'MAGEA12']"
2656,tandutinib,-0.17919400257692786,0.5066644529919777,F6,MAGE protein family,"['MAGEA2', 'MAGEA2B', 'MAGEA3', 'MAGEA6', 'MAGEA12']"
2657,importazole,0.07155733678859445,0.77782213073304,F6,MAGE protein family,"['MAGEA2', 'MAGEA2B', 'MAGEA3', 'MAGEA6', 'MAGEA12']"
2658,isonicotinohydroxamic acid,-0.0804856490584805,0.8369185281101817,F6,MAGE protein family,"['MAGEA2', 'MAGEA2B', 'MAGEA3', 'MAGEA6', 'MAGEA12']"
2659,HLI 373,0.04737750890040834,0.8519121409321104,F6,MAGE protein family,"['MAGEA2', 'MAGEA2B', 'MAGEA3', 'MAGEA6', 'MAGEA12']"
2660,etoposide,0.11022552681304511,0.673651523696953,F6,MAGE protein family,"['MAGEA2', 'MAGEA2B', 'MAGEA3', 'MAGEA6', 'MAGEA12']"
2661,PRIMA1,0.6680404491763442,0.006489894503463756,F6,MAGE protein family,"['MAGEA2', 'MAGEA2B', 'MAGEA3', 'MAGEA6', 'MAGEA12']"
2662,tanespimycin,0.27286355264605794,0.2732941974198396,F6,MAGE protein family,"['MAGEA2', 'MAGEA2B', 'MAGEA3', 'MAGEA6', 'MAGEA12']"
2663,cytochalasin-B,-0.21623274157963748,0.3887979298327518,F6,MAGE protein family,"['MAGEA2', 'MAGEA2B', 'MAGEA3', 'MAGEA6', 'MAGEA12']"
2664,NSC-95397,0.04808120969002341,0.8648846597773192,F6,MAGE protein family,"['MAGEA2', 'MAGEA2B', 'MAGEA3', 'MAGEA6', 'MAGEA12']"
2665,manumycin A,0.05663525527886899,0.8290666027580784,F6,MAGE protein family,"['MAGEA2', 'MAGEA2B', 'MAGEA3', 'MAGEA6', 'MAGEA12']"
2666,mitomycin-C,-0.007230597527415464,0.9787976424569905,F6,MAGE protein family,"['MAGEA2', 'MAGEA2B', 'MAGEA3', 'MAGEA6', 'MAGEA12']"
2667,tacrolimus,0.4138491903246044,0.1412844647952498,F6,MAGE protein family,"['MAGEA2', 'MAGEA2B', 'MAGEA3', 'MAGEA6', 'MAGEA12']"
2668,pifithrin-alpha,0.1913155799538315,0.47783778642060293,F6,MAGE protein family,"['MAGEA2', 'MAGEA2B', 'MAGEA3', 'MAGEA6', 'MAGEA12']"
2669,SB-431542,-0.18263370926094805,0.4682327722377045,F6,MAGE protein family,"['MAGEA2', 'MAGEA2B', 'MAGEA3', 'MAGEA6', 'MAGEA12']"
2670,SB-225002,0.14755996384207576,0.5590096059097656,F6,MAGE protein family,"['MAGEA2', 'MAGEA2B', 'MAGEA3', 'MAGEA6', 'MAGEA12']"
2671,PD-153035,-0.28246118775979284,0.42909852737944243,F6,MAGE protein family,"['MAGEA2', 'MAGEA2B', 'MAGEA3', 'MAGEA6', 'MAGEA12']"
2672,cerulenin,0.18511671257960494,0.4621003445502886,F6,MAGE protein family,"['MAGEA2', 'MAGEA2B', 'MAGEA3', 'MAGEA6', 'MAGEA12']"
2673,purmorphamine,-0.08692970666195803,0.7676156209390386,F6,MAGE protein family,"['MAGEA2', 'MAGEA2B', 'MAGEA3', 'MAGEA6', 'MAGEA12']"
2674,GSK-3-inhibitor-IX,0.10476139023586462,0.6890493668554634,F6,MAGE protein family,"['MAGEA2', 'MAGEA2B', 'MAGEA3', 'MAGEA6', 'MAGEA12']"
2675,dasatinib,0.07069205751390797,0.7804460886417096,F6,MAGE protein family,"['MAGEA2', 'MAGEA2B', 'MAGEA3', 'MAGEA6', 'MAGEA12']"
2676,gefitinib,-0.527358231272615,0.03579666900986438,F6,MAGE protein family,"['MAGEA2', 'MAGEA2B', 'MAGEA3', 'MAGEA6', 'MAGEA12']"
2677,erlotinib,-0.37550298802467186,0.1517852182096014,F6,MAGE protein family,"['MAGEA2', 'MAGEA2B', 'MAGEA3', 'MAGEA6', 'MAGEA12']"
2678,BRD-K94991378,-0.06404755801552989,0.820604979898052,F6,MAGE protein family,"['MAGEA2', 'MAGEA2B', 'MAGEA3', 'MAGEA6', 'MAGEA12']"
2679,BIX-01294,-0.11153493690483564,0.669979487993255,F6,MAGE protein family,"['MAGEA2', 'MAGEA2B', 'MAGEA3', 'MAGEA6', 'MAGEA12']"
2680,tacedinaline,0.38816676086542923,0.21244295003172076,F6,MAGE protein family,"['MAGEA2', 'MAGEA2B', 'MAGEA3', 'MAGEA6', 'MAGEA12']"
2681,panobinostat,0.3355989143702029,0.1733604739431771,F6,MAGE protein family,"['MAGEA2', 'MAGEA2B', 'MAGEA3', 'MAGEA6', 'MAGEA12']"
2682,IC-87114,0.015574142856413519,0.952692637889628,F6,MAGE protein family,"['MAGEA2', 'MAGEA2B', 'MAGEA3', 'MAGEA6', 'MAGEA12']"
2683,ciclosporin,-0.08537362325623628,0.753241913321743,F6,MAGE protein family,"['MAGEA2', 'MAGEA2B', 'MAGEA3', 'MAGEA6', 'MAGEA12']"
2684,vorinostat,0.22042186833272162,0.3952547787918309,F6,MAGE protein family,"['MAGEA2', 'MAGEA2B', 'MAGEA3', 'MAGEA6', 'MAGEA12']"
2685,sirolimus,0.0033511027698996387,0.9894708099201579,F6,MAGE protein family,"['MAGEA2', 'MAGEA2B', 'MAGEA3', 'MAGEA6', 'MAGEA12']"
2686,MIRA-1,-0.03243026753162465,0.9245881161807714,F6,MAGE protein family,"['MAGEA2', 'MAGEA2B', 'MAGEA3', 'MAGEA6', 'MAGEA12']"
2687,KU-55933,-0.02458430306013701,0.927990719672486,F6,MAGE protein family,"['MAGEA2', 'MAGEA2B', 'MAGEA3', 'MAGEA6', 'MAGEA12']"
2688,AM-580,-0.17843536729768497,0.49321763322336,F6,MAGE protein family,"['MAGEA2', 'MAGEA2B', 'MAGEA3', 'MAGEA6', 'MAGEA12']"
2689,PDMP,0.027275164271322483,0.9231323967167191,F6,MAGE protein family,"['MAGEA2', 'MAGEA2B', 'MAGEA3', 'MAGEA6', 'MAGEA12']"
2690,BRD-K71935468,-0.08808710539717246,0.7367332477748233,F6,MAGE protein family,"['MAGEA2', 'MAGEA2B', 'MAGEA3', 'MAGEA6', 'MAGEA12']"
2691,NSC48300,-0.09887010217202453,0.696303840746558,F6,MAGE protein family,"['MAGEA2', 'MAGEA2B', 'MAGEA3', 'MAGEA6', 'MAGEA12']"
2692,PRIMA-1-Met,0.0069460967102704845,0.9858500969131049,F6,MAGE protein family,"['MAGEA2', 'MAGEA2B', 'MAGEA3', 'MAGEA6', 'MAGEA12']"
2693,evodiamine,-0.22635326135780043,0.3823306755075476,F6,MAGE protein family,"['MAGEA2', 'MAGEA2B', 'MAGEA3', 'MAGEA6', 'MAGEA12']"
2694,UNC0638,-0.46712534463119393,0.09216972794723005,F6,MAGE protein family,"['MAGEA2', 'MAGEA2B', 'MAGEA3', 'MAGEA6', 'MAGEA12']"
2695,cucurbitacin I,-0.31340509908127334,0.23720418200802681,F6,MAGE protein family,"['MAGEA2', 'MAGEA2B', 'MAGEA3', 'MAGEA6', 'MAGEA12']"
2696,BRD-K50799972,0.07235527721562579,0.7825740444289613,F6,MAGE protein family,"['MAGEA2', 'MAGEA2B', 'MAGEA3', 'MAGEA6', 'MAGEA12']"
2697,BRD-K17060750,0.02809164366519244,0.9118958285926495,F6,MAGE protein family,"['MAGEA2', 'MAGEA2B', 'MAGEA3', 'MAGEA6', 'MAGEA12']"
2698,barasertib,-0.5171721802413558,0.033505195444330504,F6,MAGE protein family,"['MAGEA2', 'MAGEA2B', 'MAGEA3', 'MAGEA6', 'MAGEA12']"
2699,entinostat,0.10764665591214206,0.6707216710616903,F6,MAGE protein family,"['MAGEA2', 'MAGEA2B', 'MAGEA3', 'MAGEA6', 'MAGEA12']"
2700,belinostat,0.44235678377700693,0.23315500545897153,F6,MAGE protein family,"['MAGEA2', 'MAGEA2B', 'MAGEA3', 'MAGEA6', 'MAGEA12']"
2701,linifanib,-0.07099022859785424,0.7795416288977493,F6,MAGE protein family,"['MAGEA2', 'MAGEA2B', 'MAGEA3', 'MAGEA6', 'MAGEA12']"
2702,veliparib,0.33141864375502755,0.179114312636799,F6,MAGE protein family,"['MAGEA2', 'MAGEA2B', 'MAGEA3', 'MAGEA6', 'MAGEA12']"
2703,saracatinib,-0.2680770759601221,0.2981926214005531,F6,MAGE protein family,"['MAGEA2', 'MAGEA2B', 'MAGEA3', 'MAGEA6', 'MAGEA12']"
2704,afatinib,-0.33445876546942516,0.2054545923915008,F6,MAGE protein family,"['MAGEA2', 'MAGEA2B', 'MAGEA3', 'MAGEA6', 'MAGEA12']"
2705,cediranib,0.2843022119483404,0.4584303410186814,F6,MAGE protein family,"['MAGEA2', 'MAGEA2B', 'MAGEA3', 'MAGEA6', 'MAGEA12']"
2706,canertinib,-0.4388557080892825,0.06846170026606967,F6,MAGE protein family,"['MAGEA2', 'MAGEA2B', 'MAGEA3', 'MAGEA6', 'MAGEA12']"
2707,obatoclax,0.44495996750282496,0.07349869183406837,F6,MAGE protein family,"['MAGEA2', 'MAGEA2B', 'MAGEA3', 'MAGEA6', 'MAGEA12']"
2708,masitinib,0.09333968608213439,0.721604815374734,F6,MAGE protein family,"['MAGEA2', 'MAGEA2B', 'MAGEA3', 'MAGEA6', 'MAGEA12']"
2709,ZSTK-474,-0.09002866335217644,0.7223943528027452,F6,MAGE protein family,"['MAGEA2', 'MAGEA2B', 'MAGEA3', 'MAGEA6', 'MAGEA12']"
2710,brivanib,0.42580132610448745,0.11354118440692147,F6,MAGE protein family,"['MAGEA2', 'MAGEA2B', 'MAGEA3', 'MAGEA6', 'MAGEA12']"
2711,GDC-0879,0.19042763608121485,0.44912073702186406,F6,MAGE protein family,"['MAGEA2', 'MAGEA2B', 'MAGEA3', 'MAGEA6', 'MAGEA12']"
2712,NVP-TAE684,0.1333702074338354,0.5977864704309683,F6,MAGE protein family,"['MAGEA2', 'MAGEA2B', 'MAGEA3', 'MAGEA6', 'MAGEA12']"
2713,BMS-387032,-0.3020782311249385,0.2738386200973947,F6,MAGE protein family,"['MAGEA2', 'MAGEA2B', 'MAGEA3', 'MAGEA6', 'MAGEA12']"
2714,PLX4720,0.054843224785422806,0.8288805205059173,F6,MAGE protein family,"['MAGEA2', 'MAGEA2B', 'MAGEA3', 'MAGEA6', 'MAGEA12']"
2715,TGX-221,0.02741892864331795,0.9168052069377532,F6,MAGE protein family,"['MAGEA2', 'MAGEA2B', 'MAGEA3', 'MAGEA6', 'MAGEA12']"
2716,KU-0063794,0.3189877986362882,0.196976144061015,F6,MAGE protein family,"['MAGEA2', 'MAGEA2B', 'MAGEA3', 'MAGEA6', 'MAGEA12']"
2717,TG100-115,0.10028434867078284,0.6921595643552695,F6,MAGE protein family,"['MAGEA2', 'MAGEA2B', 'MAGEA3', 'MAGEA6', 'MAGEA12']"
2718,GSK1059615,-0.29952637898834966,0.3442383467695167,F6,MAGE protein family,"['MAGEA2', 'MAGEA2B', 'MAGEA3', 'MAGEA6', 'MAGEA12']"
2719,SU11274,-0.14784388555733025,0.558245134026015,F6,MAGE protein family,"['MAGEA2', 'MAGEA2B', 'MAGEA3', 'MAGEA6', 'MAGEA12']"
2720,PCI-34051,-0.17718931367811883,0.5115086376307187,F6,MAGE protein family,"['MAGEA2', 'MAGEA2B', 'MAGEA3', 'MAGEA6', 'MAGEA12']"
2721,LRRK2-IN-1,0.20700601197533275,0.5185777107901917,F6,MAGE protein family,"['MAGEA2', 'MAGEA2B', 'MAGEA3', 'MAGEA6', 'MAGEA12']"
2722,BRD8899,0.15478801204334627,0.5396922612414129,F6,MAGE protein family,"['MAGEA2', 'MAGEA2B', 'MAGEA3', 'MAGEA6', 'MAGEA12']"
2723,EX-527,-0.0741580185912552,0.7928151408022931,F6,MAGE protein family,"['MAGEA2', 'MAGEA2B', 'MAGEA3', 'MAGEA6', 'MAGEA12']"
2724,ELCPK,0.2785206886338152,0.5041525657744851,F6,MAGE protein family,"['MAGEA2', 'MAGEA2B', 'MAGEA3', 'MAGEA6', 'MAGEA12']"
2725,NPC-26,-0.2705912352476822,0.3494350771605653,F6,MAGE protein family,"['MAGEA2', 'MAGEA2B', 'MAGEA3', 'MAGEA6', 'MAGEA12']"
2726,"1S,3R-RSL-3",-0.144343544085525,0.5677018219699062,F6,MAGE protein family,"['MAGEA2', 'MAGEA2B', 'MAGEA3', 'MAGEA6', 'MAGEA12']"
2727,CIL55A,0.4930122181776853,0.1774860388180557,F6,MAGE protein family,"['MAGEA2', 'MAGEA2B', 'MAGEA3', 'MAGEA6', 'MAGEA12']"
2728,SCH-529074,0.08461105950957408,0.7643253259492108,F6,MAGE protein family,"['MAGEA2', 'MAGEA2B', 'MAGEA3', 'MAGEA6', 'MAGEA12']"
2729,stemregenin-1,-0.06936387593913365,0.7985256693402728,F6,MAGE protein family,"['MAGEA2', 'MAGEA2B', 'MAGEA3', 'MAGEA6', 'MAGEA12']"
2730,FQI-2,0.26888103109372874,0.29669017148583177,F6,MAGE protein family,"['MAGEA2', 'MAGEA2B', 'MAGEA3', 'MAGEA6', 'MAGEA12']"
2731,ML210,-0.20317159523258174,0.41875258934178083,F6,MAGE protein family,"['MAGEA2', 'MAGEA2B', 'MAGEA3', 'MAGEA6', 'MAGEA12']"
2732,darinaparsin,-0.4089581648781277,0.2744295799196662,F6,MAGE protein family,"['MAGEA2', 'MAGEA2B', 'MAGEA3', 'MAGEA6', 'MAGEA12']"
2733,PX-12,0.6297224740673063,0.011876278038408596,F6,MAGE protein family,"['MAGEA2', 'MAGEA2B', 'MAGEA3', 'MAGEA6', 'MAGEA12']"
2734,GANT-61,0.1336150063022218,0.6091770138123531,F6,MAGE protein family,"['MAGEA2', 'MAGEA2B', 'MAGEA3', 'MAGEA6', 'MAGEA12']"
2735,PL-DI,0.2860674453859332,0.26566119018804085,F6,MAGE protein family,"['MAGEA2', 'MAGEA2B', 'MAGEA3', 'MAGEA6', 'MAGEA12']"
2736,TW-37,-0.04905331742683758,0.8568351991301207,F6,MAGE protein family,"['MAGEA2', 'MAGEA2B', 'MAGEA3', 'MAGEA6', 'MAGEA12']"
2737,AZD8055,0.02922242375330727,0.9083631930961815,F6,MAGE protein family,"['MAGEA2', 'MAGEA2B', 'MAGEA3', 'MAGEA6', 'MAGEA12']"
2738,CHM-1,0.17506556865381445,0.5015498032628535,F6,MAGE protein family,"['MAGEA2', 'MAGEA2B', 'MAGEA3', 'MAGEA6', 'MAGEA12']"
2739,ML239,0.13692178082368203,0.5879780625051303,F6,MAGE protein family,"['MAGEA2', 'MAGEA2B', 'MAGEA3', 'MAGEA6', 'MAGEA12']"
2740,apicidin,0.2736687398759832,0.2718246704600661,F6,MAGE protein family,"['MAGEA2', 'MAGEA2B', 'MAGEA3', 'MAGEA6', 'MAGEA12']"
2741,salermide,-0.1630339992716474,0.6319610028182877,F6,MAGE protein family,"['MAGEA2', 'MAGEA2B', 'MAGEA3', 'MAGEA6', 'MAGEA12']"
2742,fumonisin B1,0.06905642733855154,0.7854122850793699,F6,MAGE protein family,"['MAGEA2', 'MAGEA2B', 'MAGEA3', 'MAGEA6', 'MAGEA12']"
2743,JQ1-(+),0.3261034099858155,0.20145686716190414,F6,MAGE protein family,"['MAGEA2', 'MAGEA2B', 'MAGEA3', 'MAGEA6', 'MAGEA12']"
2744,BRD-K51490254,-0.11040424624495744,0.6839769711835051,F6,MAGE protein family,"['MAGEA2', 'MAGEA2B', 'MAGEA3', 'MAGEA6', 'MAGEA12']"
2745,BRD-K85133207,0.29557255836366747,0.23372465515307522,F6,MAGE protein family,"['MAGEA2', 'MAGEA2B', 'MAGEA3', 'MAGEA6', 'MAGEA12']"
2746,Merck60,0.1250379763817838,0.6325364256476286,F6,MAGE protein family,"['MAGEA2', 'MAGEA2B', 'MAGEA3', 'MAGEA6', 'MAGEA12']"
2747,BRD-A94377914,0.32672206598482206,0.3908081705216843,F6,MAGE protein family,"['MAGEA2', 'MAGEA2B', 'MAGEA3', 'MAGEA6', 'MAGEA12']"
2748,compound 1B,0.17993521525873812,0.47494322148182594,F6,MAGE protein family,"['MAGEA2', 'MAGEA2B', 'MAGEA3', 'MAGEA6', 'MAGEA12']"
2749,BMS-345541,0.08307199928308956,0.7512636195105706,F6,MAGE protein family,"['MAGEA2', 'MAGEA2B', 'MAGEA3', 'MAGEA6', 'MAGEA12']"
2750,CAY10576,-0.43009124014639516,0.1247884036118182,F6,MAGE protein family,"['MAGEA2', 'MAGEA2B', 'MAGEA3', 'MAGEA6', 'MAGEA12']"
2751,vincristine,0.14339894494659125,0.582960980403403,F6,MAGE protein family,"['MAGEA2', 'MAGEA2B', 'MAGEA3', 'MAGEA6', 'MAGEA12']"
2752,cytarabine,0.3394578146740589,0.1983408726119995,F6,MAGE protein family,"['MAGEA2', 'MAGEA2B', 'MAGEA3', 'MAGEA6', 'MAGEA12']"
2753,Repligen 136,-0.05332516924757045,0.8335535678251991,F6,MAGE protein family,"['MAGEA2', 'MAGEA2B', 'MAGEA3', 'MAGEA6', 'MAGEA12']"
2754,nintedanib,0.07061602985266757,0.7876867504864596,F6,MAGE protein family,"['MAGEA2', 'MAGEA2B', 'MAGEA3', 'MAGEA6', 'MAGEA12']"
2755,crizotinib,0.237121013913778,0.3434331761792019,F6,MAGE protein family,"['MAGEA2', 'MAGEA2B', 'MAGEA3', 'MAGEA6', 'MAGEA12']"
2756,foretinib,0.11446664458993429,0.65107612388881,F6,MAGE protein family,"['MAGEA2', 'MAGEA2B', 'MAGEA3', 'MAGEA6', 'MAGEA12']"
2757,regorafenib,0.02002056037353236,0.9392072296047682,F6,MAGE protein family,"['MAGEA2', 'MAGEA2B', 'MAGEA3', 'MAGEA6', 'MAGEA12']"
2758,WZ8040,-0.23149039816844108,0.4258522725299002,F6,MAGE protein family,"['MAGEA2', 'MAGEA2B', 'MAGEA3', 'MAGEA6', 'MAGEA12']"
2759,OSI-930,0.10730815284743606,0.7150120125889532,F6,MAGE protein family,"['MAGEA2', 'MAGEA2B', 'MAGEA3', 'MAGEA6', 'MAGEA12']"
2760,MGCD-265,-0.30532545695484187,0.26845673053845215,F6,MAGE protein family,"['MAGEA2', 'MAGEA2B', 'MAGEA3', 'MAGEA6', 'MAGEA12']"
2761,lenvatinib,0.20113381624800586,0.4235337247719301,F6,MAGE protein family,"['MAGEA2', 'MAGEA2B', 'MAGEA3', 'MAGEA6', 'MAGEA12']"
2762,YK-4-279,0.13252585332155406,0.6001281577424581,F6,MAGE protein family,"['MAGEA2', 'MAGEA2B', 'MAGEA3', 'MAGEA6', 'MAGEA12']"
2763,GPP-78,0.26042742942159786,0.32997781076431676,F6,MAGE protein family,"['MAGEA2', 'MAGEA2B', 'MAGEA3', 'MAGEA6', 'MAGEA12']"
2764,KU 0060648,0.13476671474170387,0.6187524028623184,F6,MAGE protein family,"['MAGEA2', 'MAGEA2B', 'MAGEA3', 'MAGEA6', 'MAGEA12']"
2765,narciclasine,0.2307084442705836,0.37299087880276105,F6,MAGE protein family,"['MAGEA2', 'MAGEA2B', 'MAGEA3', 'MAGEA6', 'MAGEA12']"
2766,ixazomib,0.023770610197570534,0.9278458033961057,F6,MAGE protein family,"['MAGEA2', 'MAGEA2B', 'MAGEA3', 'MAGEA6', 'MAGEA12']"
2767,ISOX,0.47710860937762306,0.0616610114354373,F6,MAGE protein family,"['MAGEA2', 'MAGEA2B', 'MAGEA3', 'MAGEA6', 'MAGEA12']"
2768,itraconazole,0.18754866116737387,0.4710219564557466,F6,MAGE protein family,"['MAGEA2', 'MAGEA2B', 'MAGEA3', 'MAGEA6', 'MAGEA12']"
2769,lapatinib,-0.26748417876338876,0.28323743871841145,F6,MAGE protein family,"['MAGEA2', 'MAGEA2B', 'MAGEA3', 'MAGEA6', 'MAGEA12']"
2770,BRD-K29313308,-0.1600561560094713,0.5537639417725102,F6,MAGE protein family,"['MAGEA2', 'MAGEA2B', 'MAGEA3', 'MAGEA6', 'MAGEA12']"
2771,UNC0321,-0.04858346773073142,0.848183555955483,F6,MAGE protein family,"['MAGEA2', 'MAGEA2B', 'MAGEA3', 'MAGEA6', 'MAGEA12']"
2772,erastin,0.2279831303636976,0.39575574180297085,F6,MAGE protein family,"['MAGEA2', 'MAGEA2B', 'MAGEA3', 'MAGEA6', 'MAGEA12']"
2773,SGX523,0.10503162382738339,0.6986670526724763,F6,MAGE protein family,"['MAGEA2', 'MAGEA2B', 'MAGEA3', 'MAGEA6', 'MAGEA12']"
2774,sonidegib,0.07401810511256648,0.7703724328397019,F6,MAGE protein family,"['MAGEA2', 'MAGEA2B', 'MAGEA3', 'MAGEA6', 'MAGEA12']"
2775,alisertib,-0.07196632306921431,0.7765826743124511,F6,MAGE protein family,"['MAGEA2', 'MAGEA2B', 'MAGEA3', 'MAGEA6', 'MAGEA12']"
2776,AZD6482,-0.22089052420095112,0.3784085139602502,F6,MAGE protein family,"['MAGEA2', 'MAGEA2B', 'MAGEA3', 'MAGEA6', 'MAGEA12']"
2777,ruxolitinib,0.10124608703890961,0.6893460450482791,F6,MAGE protein family,"['MAGEA2', 'MAGEA2B', 'MAGEA3', 'MAGEA6', 'MAGEA12']"
2778,bleomycin,0.15022080989956516,0.5649664918299101,F6,MAGE protein family,"['MAGEA2', 'MAGEA2B', 'MAGEA3', 'MAGEA6', 'MAGEA12']"
2779,GDC-0941,-0.06822272785265185,0.7879466619667093,F6,MAGE protein family,"['MAGEA2', 'MAGEA2B', 'MAGEA3', 'MAGEA6', 'MAGEA12']"
2780,SB-525334,-0.3449329082520368,0.17512433528731527,F6,MAGE protein family,"['MAGEA2', 'MAGEA2B', 'MAGEA3', 'MAGEA6', 'MAGEA12']"
2781,PHA-793887,-0.035435929029094176,0.8963404802573903,F6,MAGE protein family,"['MAGEA2', 'MAGEA2B', 'MAGEA3', 'MAGEA6', 'MAGEA12']"
2782,quizartinib,-0.12547968051460384,0.6198135542749262,F6,MAGE protein family,"['MAGEA2', 'MAGEA2B', 'MAGEA3', 'MAGEA6', 'MAGEA12']"
2783,fingolimod,-0.20767922417839263,0.42380420964466986,F6,MAGE protein family,"['MAGEA2', 'MAGEA2B', 'MAGEA3', 'MAGEA6', 'MAGEA12']"
2784,pazopanib,-0.19589270758908378,0.46716452505602596,F6,MAGE protein family,"['MAGEA2', 'MAGEA2B', 'MAGEA3', 'MAGEA6', 'MAGEA12']"
2785,WZ-4002,-0.17495295886104667,0.6287910191343117,F6,MAGE protein family,"['MAGEA2', 'MAGEA2B', 'MAGEA3', 'MAGEA6', 'MAGEA12']"
2786,BRD-K24690302,0.21183637052602372,0.4143738725415545,F6,MAGE protein family,"['MAGEA2', 'MAGEA2B', 'MAGEA3', 'MAGEA6', 'MAGEA12']"
2787,BRD-K70511574,0.41899318401800384,0.1062293034345742,F6,MAGE protein family,"['MAGEA2', 'MAGEA2B', 'MAGEA3', 'MAGEA6', 'MAGEA12']"
2788,vemurafenib,-0.15081444149949882,0.5634120322031999,F6,MAGE protein family,"['MAGEA2', 'MAGEA2B', 'MAGEA3', 'MAGEA6', 'MAGEA12']"
2789,BRD-K48477130,0.2985759096675959,0.4351397840406878,F6,MAGE protein family,"['MAGEA2', 'MAGEA2B', 'MAGEA3', 'MAGEA6', 'MAGEA12']"
2790,GSK461364,0.1024746721364083,0.7056941215496457,F6,MAGE protein family,"['MAGEA2', 'MAGEA2B', 'MAGEA3', 'MAGEA6', 'MAGEA12']"
2791,YL54,0.22123446425653956,0.4281292788496221,F6,MAGE protein family,"['MAGEA2', 'MAGEA2B', 'MAGEA3', 'MAGEA6', 'MAGEA12']"
2792,BRD-K20514654,0.014158194719639765,0.9711619801900919,F6,MAGE protein family,"['MAGEA2', 'MAGEA2B', 'MAGEA3', 'MAGEA6', 'MAGEA12']"
2793,BRD-K55473186,0.2265771846272076,0.5028814800911443,F6,MAGE protein family,"['MAGEA2', 'MAGEA2B', 'MAGEA3', 'MAGEA6', 'MAGEA12']"
2794,BRD-K28456706,0.379517015505657,0.14710569882882624,F6,MAGE protein family,"['MAGEA2', 'MAGEA2B', 'MAGEA3', 'MAGEA6', 'MAGEA12']"
2795,STF-31,0.17753509764480696,0.4954371160829235,F6,MAGE protein family,"['MAGEA2', 'MAGEA2B', 'MAGEA3', 'MAGEA6', 'MAGEA12']"
2796,ML334 diastereomer,0.2718936179642473,0.418623598700468,F6,MAGE protein family,"['MAGEA2', 'MAGEA2B', 'MAGEA3', 'MAGEA6', 'MAGEA12']"
2797,spautin-1,-0.34156482627367685,0.16536676540432133,F6,MAGE protein family,"['MAGEA2', 'MAGEA2B', 'MAGEA3', 'MAGEA6', 'MAGEA12']"
2798,VAF-347,0.12214301711192084,0.7053131841409441,F6,MAGE protein family,"['MAGEA2', 'MAGEA2B', 'MAGEA3', 'MAGEA6', 'MAGEA12']"
2799,BRD-A02303741,0.01835953157375973,0.9461948007584555,F6,MAGE protein family,"['MAGEA2', 'MAGEA2B', 'MAGEA3', 'MAGEA6', 'MAGEA12']"
2800,ML320,0.22277691366458424,0.44395142609864446,F6,MAGE protein family,"['MAGEA2', 'MAGEA2B', 'MAGEA3', 'MAGEA6', 'MAGEA12']"
2801,tigecycline,0.19508796136990914,0.6149600947597763,F6,MAGE protein family,"['MAGEA2', 'MAGEA2B', 'MAGEA3', 'MAGEA6', 'MAGEA12']"
2802,PF-573228,0.4042312460695844,0.10755118592821473,F6,MAGE protein family,"['MAGEA2', 'MAGEA2B', 'MAGEA3', 'MAGEA6', 'MAGEA12']"
2803,ceranib-2,0.2760768063538657,0.2834451098558699,F6,MAGE protein family,"['MAGEA2', 'MAGEA2B', 'MAGEA3', 'MAGEA6', 'MAGEA12']"
2804,GSK4112,-0.2944852002759571,0.25122450714269695,F6,MAGE protein family,"['MAGEA2', 'MAGEA2B', 'MAGEA3', 'MAGEA6', 'MAGEA12']"
2805,etomoxir,0.13026669078528205,0.606411924621111,F6,MAGE protein family,"['MAGEA2', 'MAGEA2B', 'MAGEA3', 'MAGEA6', 'MAGEA12']"
2806,HC-067047,-0.11526230064219438,0.6825036157000214,F6,MAGE protein family,"['MAGEA2', 'MAGEA2B', 'MAGEA3', 'MAGEA6', 'MAGEA12']"
2807,IPR-456,-0.1528562288022835,0.5580796501013292,F6,MAGE protein family,"['MAGEA2', 'MAGEA2B', 'MAGEA3', 'MAGEA6', 'MAGEA12']"
2808,KH-CB19,-0.1997141956083338,0.5560223822046371,F6,MAGE protein family,"['MAGEA2', 'MAGEA2B', 'MAGEA3', 'MAGEA6', 'MAGEA12']"
2809,leptomycin B,-0.18898350998286637,0.4526314865691515,F6,MAGE protein family,"['MAGEA2', 'MAGEA2B', 'MAGEA3', 'MAGEA6', 'MAGEA12']"
2810,AZ3146,-0.20191208230456711,0.4887917355318337,F6,MAGE protein family,"['MAGEA2', 'MAGEA2B', 'MAGEA3', 'MAGEA6', 'MAGEA12']"
2811,VU0155056,0.039466773049627125,0.8804581385159409,F6,MAGE protein family,"['MAGEA2', 'MAGEA2B', 'MAGEA3', 'MAGEA6', 'MAGEA12']"
2812,JQ-1:UNC0638,0.16270349586448968,0.5326765243226085,F6,MAGE protein family,"['MAGEA2', 'MAGEA2B', 'MAGEA3', 'MAGEA6', 'MAGEA12']"
2813,carboplatin:UNC0638,-0.5539073521411967,0.025998691445581208,F6,MAGE protein family,"['MAGEA2', 'MAGEA2B', 'MAGEA3', 'MAGEA6', 'MAGEA12']"
2814,vorinostat:carboplatin,0.14836950596446377,0.5568310899503964,F6,MAGE protein family,"['MAGEA2', 'MAGEA2B', 'MAGEA3', 'MAGEA6', 'MAGEA12']"
2815,serdemetan:SCH-529074,-0.016032693568158785,0.9530064095318278,F6,MAGE protein family,"['MAGEA2', 'MAGEA2B', 'MAGEA3', 'MAGEA6', 'MAGEA12']"
2816,selumetinib:PLX-4032,0.0533231838615094,0.8389363081172464,F6,MAGE protein family,"['MAGEA2', 'MAGEA2B', 'MAGEA3', 'MAGEA6', 'MAGEA12']"
2817,sirolimus:bortezomib,-0.13884611563598806,0.5826918524328983,F6,MAGE protein family,"['MAGEA2', 'MAGEA2B', 'MAGEA3', 'MAGEA6', 'MAGEA12']"
2818,BRD-K97651142,-0.2652386618875234,0.28745259456187877,F6,MAGE protein family,"['MAGEA2', 'MAGEA2B', 'MAGEA3', 'MAGEA6', 'MAGEA12']"
2819,vorapaxar,-0.1476070306662376,0.571832697595249,F6,MAGE protein family,"['MAGEA2', 'MAGEA2B', 'MAGEA3', 'MAGEA6', 'MAGEA12']"
2820,CH55,-0.01883631497356037,0.9427975103563365,F6,MAGE protein family,"['MAGEA2', 'MAGEA2B', 'MAGEA3', 'MAGEA6', 'MAGEA12']"
2821,BRD-K79669418,0.32638520123883613,0.4300999750711501,F6,MAGE protein family,"['MAGEA2', 'MAGEA2B', 'MAGEA3', 'MAGEA6', 'MAGEA12']"
2822,BRD-K99584050,0.44888369095546204,0.26456933328581195,F6,MAGE protein family,"['MAGEA2', 'MAGEA2B', 'MAGEA3', 'MAGEA6', 'MAGEA12']"
2823,BRD-A71883111,-0.25391391875162433,0.3092887352651674,F6,MAGE protein family,"['MAGEA2', 'MAGEA2B', 'MAGEA3', 'MAGEA6', 'MAGEA12']"
2824,navitoclax:birinapant,0.3546309049903713,0.1625047377597386,F6,MAGE protein family,"['MAGEA2', 'MAGEA2B', 'MAGEA3', 'MAGEA6', 'MAGEA12']"
2825,ISOX:bortezomib,0.32215974298601757,0.22364929699821345,F6,MAGE protein family,"['MAGEA2', 'MAGEA2B', 'MAGEA3', 'MAGEA6', 'MAGEA12']"
2826,selumetinib:GDC-0941,-0.03184236161133558,0.9034383858843626,F6,MAGE protein family,"['MAGEA2', 'MAGEA2B', 'MAGEA3', 'MAGEA6', 'MAGEA12']"
2827,selumetinib:tretinoin,-0.005034536436937478,0.9847001060196316,F6,MAGE protein family,"['MAGEA2', 'MAGEA2B', 'MAGEA3', 'MAGEA6', 'MAGEA12']"
2828,selumetinib:vorinostat,0.1754495188880912,0.5005970909183926,F6,MAGE protein family,"['MAGEA2', 'MAGEA2B', 'MAGEA3', 'MAGEA6', 'MAGEA12']"
2829,selumetinib:JQ-1,0.12119504160515016,0.6431118169987947,F6,MAGE protein family,"['MAGEA2', 'MAGEA2B', 'MAGEA3', 'MAGEA6', 'MAGEA12']"
2830,selumetinib:BRD-A02303741,0.11848560467902122,0.6395997962065322,F6,MAGE protein family,"['MAGEA2', 'MAGEA2B', 'MAGEA3', 'MAGEA6', 'MAGEA12']"
2831,tretinoin:navitoclax,0.390904062832489,0.12079067706175772,F6,MAGE protein family,"['MAGEA2', 'MAGEA2B', 'MAGEA3', 'MAGEA6', 'MAGEA12']"
2832,decitabine:navitoclax,-0.2156827251509917,0.40574860322700784,F6,MAGE protein family,"['MAGEA2', 'MAGEA2B', 'MAGEA3', 'MAGEA6', 'MAGEA12']"
2833,tretinoin:carboplatin,0.0948847322823722,0.7080262590548217,F6,MAGE protein family,"['MAGEA2', 'MAGEA2B', 'MAGEA3', 'MAGEA6', 'MAGEA12']"
2834,necrostatin-7,-0.11540086997074844,0.6484016155021386,F6,MAGE protein family,"['MAGEA2', 'MAGEA2B', 'MAGEA3', 'MAGEA6', 'MAGEA12']"
2835,PYR-41,-0.13389237921189343,0.6084273655626667,F6,MAGE protein family,"['MAGEA2', 'MAGEA2B', 'MAGEA3', 'MAGEA6', 'MAGEA12']"
2836,I-BET151,0.22426533862391645,0.370978300741168,F6,MAGE protein family,"['MAGEA2', 'MAGEA2B', 'MAGEA3', 'MAGEA6', 'MAGEA12']"
2837,lomeguatrib,0.002933153331586787,0.9910858599284492,F6,MAGE protein family,"['MAGEA2', 'MAGEA2B', 'MAGEA3', 'MAGEA6', 'MAGEA12']"
2838,PF-184,0.2767694989665292,0.26621125240021015,F6,MAGE protein family,"['MAGEA2', 'MAGEA2B', 'MAGEA3', 'MAGEA6', 'MAGEA12']"
2839,tanespimycin:gemcitabine,0.22059589839178834,0.37906107894079677,F6,MAGE protein family,"['MAGEA2', 'MAGEA2B', 'MAGEA3', 'MAGEA6', 'MAGEA12']"
2840,docetaxel:tanespimycin,-0.007521355244702047,0.9763703452474124,F6,MAGE protein family,"['MAGEA2', 'MAGEA2B', 'MAGEA3', 'MAGEA6', 'MAGEA12']"
2841,selumetinib:MK-2206,0.04917042063473949,0.8513431891050346,F6,MAGE protein family,"['MAGEA2', 'MAGEA2B', 'MAGEA3', 'MAGEA6', 'MAGEA12']"
2842,navitoclax:PLX-4032,0.36888643221120754,0.13196119435060616,F6,MAGE protein family,"['MAGEA2', 'MAGEA2B', 'MAGEA3', 'MAGEA6', 'MAGEA12']"
2843,selumetinib:piperlongumine,0.15974835368152485,0.526612808599535,F6,MAGE protein family,"['MAGEA2', 'MAGEA2B', 'MAGEA3', 'MAGEA6', 'MAGEA12']"
2844,tanespimycin:bortezomib,0.33077609477604647,0.2285053680695905,F6,MAGE protein family,"['MAGEA2', 'MAGEA2B', 'MAGEA3', 'MAGEA6', 'MAGEA12']"
2845,navitoclax:MST-312,0.17936561423486475,0.4763657314632595,F6,MAGE protein family,"['MAGEA2', 'MAGEA2B', 'MAGEA3', 'MAGEA6', 'MAGEA12']"
2846,carboplatin:etoposide,0.10867273224569383,0.6677525756079494,F6,MAGE protein family,"['MAGEA2', 'MAGEA2B', 'MAGEA3', 'MAGEA6', 'MAGEA12']"
2847,piperlongumine:MST-312,0.21049342219849942,0.4700983088126371,F6,MAGE protein family,"['MAGEA2', 'MAGEA2B', 'MAGEA3', 'MAGEA6', 'MAGEA12']"
2848,navitoclax:gemcitabine,0.01658196190067847,0.9479313968239762,F6,MAGE protein family,"['MAGEA2', 'MAGEA2B', 'MAGEA3', 'MAGEA6', 'MAGEA12']"
2849,JW-480,-0.4894207103172734,0.06407585067954497,F6,MAGE protein family,"['MAGEA2', 'MAGEA2B', 'MAGEA3', 'MAGEA6', 'MAGEA12']"
2850,BMS-195614,0.12807160036137957,0.624235344956144,F6,MAGE protein family,"['MAGEA2', 'MAGEA2B', 'MAGEA3', 'MAGEA6', 'MAGEA12']"
2851,BAM7,0.017178231580309802,0.9478260629424398,F6,MAGE protein family,"['MAGEA2', 'MAGEA2B', 'MAGEA3', 'MAGEA6', 'MAGEA12']"
2852,BRD-K35604418,0.2669614925919699,0.2842152026763194,F6,MAGE protein family,"['MAGEA2', 'MAGEA2B', 'MAGEA3', 'MAGEA6', 'MAGEA12']"
2853,SB-743921,0.09345597281348873,0.7212709662853642,F6,MAGE protein family,"['MAGEA2', 'MAGEA2B', 'MAGEA3', 'MAGEA6', 'MAGEA12']"
2854,I-BET-762,0.19245968386796042,0.4442044355343854,F6,MAGE protein family,"['MAGEA2', 'MAGEA2B', 'MAGEA3', 'MAGEA6', 'MAGEA12']"
2855,navitoclax:pluripotin,0.418180231144246,0.08416957474998844,F6,MAGE protein family,"['MAGEA2', 'MAGEA2B', 'MAGEA3', 'MAGEA6', 'MAGEA12']"
2856,JQ-1:carboplatin,0.3087923351247289,0.2445488351165915,F6,MAGE protein family,"['MAGEA2', 'MAGEA2B', 'MAGEA3', 'MAGEA6', 'MAGEA12']"
2857,selumetinib:navitoclax,0.2024864683989046,0.4357399478376866,F6,MAGE protein family,"['MAGEA2', 'MAGEA2B', 'MAGEA3', 'MAGEA6', 'MAGEA12']"
2858,selumetinib:decitabine,-0.1465198205066989,0.6023213654431541,F6,MAGE protein family,"['MAGEA2', 'MAGEA2B', 'MAGEA3', 'MAGEA6', 'MAGEA12']"
2859,decitabine:carboplatin,-0.4216676836694897,0.09182827202258434,F6,MAGE protein family,"['MAGEA2', 'MAGEA2B', 'MAGEA3', 'MAGEA6', 'MAGEA12']"
2860,SNX-2112:bortezomib,0.038214875015405284,0.8803335152241452,F6,MAGE protein family,"['MAGEA2', 'MAGEA2B', 'MAGEA3', 'MAGEA6', 'MAGEA12']"
2861,JQ-1:navitoclax,0.37656317793934746,0.12349470917948444,F6,MAGE protein family,"['MAGEA2', 'MAGEA2B', 'MAGEA3', 'MAGEA6', 'MAGEA12']"
2862,JQ-1:MK-0752,0.3654345921585037,0.14918667145509856,F6,MAGE protein family,"['MAGEA2', 'MAGEA2B', 'MAGEA3', 'MAGEA6', 'MAGEA12']"
2863,BRD-A02303741:navitoclax,0.5199945420305588,0.04692990515057477,F6,MAGE protein family,"['MAGEA2', 'MAGEA2B', 'MAGEA3', 'MAGEA6', 'MAGEA12']"
2864,salermide:PLX-4032,0.1183393588531259,0.6624746298407188,F6,MAGE protein family,"['MAGEA2', 'MAGEA2B', 'MAGEA3', 'MAGEA6', 'MAGEA12']"
2865,UNC0638:navitoclax,0.24254858298358872,0.3482488010313427,F6,MAGE protein family,"['MAGEA2', 'MAGEA2B', 'MAGEA3', 'MAGEA6', 'MAGEA12']"
2866,BRD-A02303741:carboplatin,0.16364506988015198,0.5164416083071982,F6,MAGE protein family,"['MAGEA2', 'MAGEA2B', 'MAGEA3', 'MAGEA6', 'MAGEA12']"
2867,doxorubicin:navitoclax,0.08771435244634171,0.7466802317920358,F6,MAGE protein family,"['MAGEA2', 'MAGEA2B', 'MAGEA3', 'MAGEA6', 'MAGEA12']"
2868,selumetinib:UNC0638,0.046797208399749976,0.8633608297469214,F6,MAGE protein family,"['MAGEA2', 'MAGEA2B', 'MAGEA3', 'MAGEA6', 'MAGEA12']"
2869,alisertib:navitoclax,-0.051621648255884,0.8388038560695241,F6,MAGE protein family,"['MAGEA2', 'MAGEA2B', 'MAGEA3', 'MAGEA6', 'MAGEA12']"
2870,navitoclax:sorafenib,0.33272451587592433,0.20796039563180366,F6,MAGE protein family,"['MAGEA2', 'MAGEA2B', 'MAGEA3', 'MAGEA6', 'MAGEA12']"
2871,navitoclax:piperlongumine,0.2506990587895526,0.3490011725970186,F6,MAGE protein family,"['MAGEA2', 'MAGEA2B', 'MAGEA3', 'MAGEA6', 'MAGEA12']"
2872,SMER-3,-0.1120668418107316,0.690898956528456,F6,MAGE protein family,"['MAGEA2', 'MAGEA2B', 'MAGEA3', 'MAGEA6', 'MAGEA12']"
2873,NVP-ADW742,0.19360001531378418,0.48934814881710254,F6,MAGE protein family,"['MAGEA2', 'MAGEA2B', 'MAGEA3', 'MAGEA6', 'MAGEA12']"
2874,clofarabine,0.11427083536087863,0.6516372038468391,F6,MAGE protein family,"['MAGEA2', 'MAGEA2B', 'MAGEA3', 'MAGEA6', 'MAGEA12']"
2875,vorinostat:navitoclax,0.2704363138968128,0.2937965237573076,F6,MAGE protein family,"['MAGEA2', 'MAGEA2B', 'MAGEA3', 'MAGEA6', 'MAGEA12']"
2876,SAR-245409,0.15193684926491763,0.5472759844052146,F6,MAGE protein family,"['MAGEA2', 'MAGEA2B', 'MAGEA3', 'MAGEA6', 'MAGEA12']"
2877,AZD1480,0.36372634425746586,0.3359278408562289,F6,MAGE protein family,"['MAGEA2', 'MAGEA2B', 'MAGEA3', 'MAGEA6', 'MAGEA12']"
2878,ML258,0.18525530700665663,0.4617592464365246,F6,MAGE protein family,"['MAGEA2', 'MAGEA2B', 'MAGEA3', 'MAGEA6', 'MAGEA12']"
2879,SR1001,-0.020975033425283642,0.9341621624934617,F6,MAGE protein family,"['MAGEA2', 'MAGEA2B', 'MAGEA3', 'MAGEA6', 'MAGEA12']"
2880,bardoxolone methyl,-0.36726338901247346,0.16170359464362205,F6,MAGE protein family,"['MAGEA2', 'MAGEA2B', 'MAGEA3', 'MAGEA6', 'MAGEA12']"
2881,elocalcitol,0.04485376280607625,0.8789856161086551,F6,MAGE protein family,"['MAGEA2', 'MAGEA2B', 'MAGEA3', 'MAGEA6', 'MAGEA12']"
2882,BMS-270394,-0.09196600654780482,0.7166512548776333,F6,MAGE protein family,"['MAGEA2', 'MAGEA2B', 'MAGEA3', 'MAGEA6', 'MAGEA12']"
2883,fluvastatin,0.10402744641421989,0.7121671508874036,F6,MAGE protein family,"['MAGEA2', 'MAGEA2B', 'MAGEA3', 'MAGEA6', 'MAGEA12']"
2884,AZD4547,0.1294994059734588,0.608552117617422,F6,MAGE protein family,"['MAGEA2', 'MAGEA2B', 'MAGEA3', 'MAGEA6', 'MAGEA12']"
2885,hyperforin,-0.04224540291485374,0.8721046920274124,F6,MAGE protein family,"['MAGEA2', 'MAGEA2B', 'MAGEA3', 'MAGEA6', 'MAGEA12']"
2886,NVP-231,-0.07292810612136354,0.7736699631854682,F6,MAGE protein family,"['MAGEA2', 'MAGEA2B', 'MAGEA3', 'MAGEA6', 'MAGEA12']"
2887,MK-0752,-0.14291166980578288,0.5842553990394973,F6,MAGE protein family,"['MAGEA2', 'MAGEA2B', 'MAGEA3', 'MAGEA6', 'MAGEA12']"
2888,semagacestat,0.10475678451386747,0.6791087779235407,F6,MAGE protein family,"['MAGEA2', 'MAGEA2B', 'MAGEA3', 'MAGEA6', 'MAGEA12']"
2889,BRD-A05715709,-0.28280832595841326,0.46089831490962213,F6,MAGE protein family,"['MAGEA2', 'MAGEA2B', 'MAGEA3', 'MAGEA6', 'MAGEA12']"
2890,bosutinib,-0.18305022199813306,0.4672012554153679,F6,MAGE protein family,"['MAGEA2', 'MAGEA2B', 'MAGEA3', 'MAGEA6', 'MAGEA12']"
2891,temsirolimus,0.2392552395034104,0.5352489629393423,F6,MAGE protein family,"['MAGEA2', 'MAGEA2B', 'MAGEA3', 'MAGEA6', 'MAGEA12']"
2892,docetaxel,-0.16933812368583112,0.6631647248293063,F6,MAGE protein family,"['MAGEA2', 'MAGEA2B', 'MAGEA3', 'MAGEA6', 'MAGEA12']"
2893,nelarabine,-0.10491028677773097,0.6990000009342656,F6,MAGE protein family,"['MAGEA2', 'MAGEA2B', 'MAGEA3', 'MAGEA6', 'MAGEA12']"
2894,rigosertib,0.32420629746575896,0.22055311954894685,F6,MAGE protein family,"['MAGEA2', 'MAGEA2B', 'MAGEA3', 'MAGEA6', 'MAGEA12']"
2895,AT7867,0.2347368941466728,0.38151787850936114,F6,MAGE protein family,"['MAGEA2', 'MAGEA2B', 'MAGEA3', 'MAGEA6', 'MAGEA12']"
2896,PD-318088,-0.008092141490164928,0.9745776489048494,F6,MAGE protein family,"['MAGEA2', 'MAGEA2B', 'MAGEA3', 'MAGEA6', 'MAGEA12']"
2897,KU-60019,0.2663364085351668,0.28538722075384754,F6,MAGE protein family,"['MAGEA2', 'MAGEA2B', 'MAGEA3', 'MAGEA6', 'MAGEA12']"
2898,doramapimod,-0.011967255200793475,0.964914671934802,F6,MAGE protein family,"['MAGEA2', 'MAGEA2B', 'MAGEA3', 'MAGEA6', 'MAGEA12']"
2899,KW-2449,0.20955018317013624,0.4195461705030817,F6,MAGE protein family,"['MAGEA2', 'MAGEA2B', 'MAGEA3', 'MAGEA6', 'MAGEA12']"
2900,RAF265,-0.3433750847230157,0.30120123130364984,F6,MAGE protein family,"['MAGEA2', 'MAGEA2B', 'MAGEA3', 'MAGEA6', 'MAGEA12']"
2901,CX-4945,-0.2740286433016926,0.2871779713848214,F6,MAGE protein family,"['MAGEA2', 'MAGEA2B', 'MAGEA3', 'MAGEA6', 'MAGEA12']"
2902,BRD-K03911514,-0.19983397387231855,0.6351669129901653,F6,MAGE protein family,"['MAGEA2', 'MAGEA2B', 'MAGEA3', 'MAGEA6', 'MAGEA12']"
2903,cyt387,0.05955848452330129,0.8203756063680264,F6,MAGE protein family,"['MAGEA2', 'MAGEA2B', 'MAGEA3', 'MAGEA6', 'MAGEA12']"
2904,idelalisib,-0.04548986124323004,0.8623670233724783,F6,MAGE protein family,"['MAGEA2', 'MAGEA2B', 'MAGEA3', 'MAGEA6', 'MAGEA12']"
2905,WP1130,0.14286284964922738,0.5717228435768524,F6,MAGE protein family,"['MAGEA2', 'MAGEA2B', 'MAGEA3', 'MAGEA6', 'MAGEA12']"
2906,OSI-027,0.4645141320851312,0.05212362075066009,F6,MAGE protein family,"['MAGEA2', 'MAGEA2B', 'MAGEA3', 'MAGEA6', 'MAGEA12']"
2907,NVP-BSK805,0.32058796573489584,0.20963391610254173,F6,MAGE protein family,"['MAGEA2', 'MAGEA2B', 'MAGEA3', 'MAGEA6', 'MAGEA12']"
2908,erlotinib:PLX-4032,-0.32831246673989173,0.2321997717755106,F6,MAGE protein family,"['MAGEA2', 'MAGEA2B', 'MAGEA3', 'MAGEA6', 'MAGEA12']"
2909,PIK-93,0.11150020304878103,0.6809931590427546,F6,MAGE protein family,"['MAGEA2', 'MAGEA2B', 'MAGEA3', 'MAGEA6', 'MAGEA12']"
2910,AZD7762,0.15086216779547929,0.5501467872976478,F6,MAGE protein family,"['MAGEA2', 'MAGEA2B', 'MAGEA3', 'MAGEA6', 'MAGEA12']"
2911,birinapant,0.2625029393164635,0.2926392514782232,F6,MAGE protein family,"['MAGEA2', 'MAGEA2B', 'MAGEA3', 'MAGEA6', 'MAGEA12']"
2912,KX2-391,0.22646335945079166,0.39899838377509733,F6,MAGE protein family,"['MAGEA2', 'MAGEA2B', 'MAGEA3', 'MAGEA6', 'MAGEA12']"
2913,3-Cl-AHPC,-0.202432632775699,0.42048305566227107,F6,MAGE protein family,"['MAGEA2', 'MAGEA2B', 'MAGEA3', 'MAGEA6', 'MAGEA12']"
2914,BRD-K27188169,-0.013996811915110093,0.971490583678144,F6,MAGE protein family,"['MAGEA2', 'MAGEA2B', 'MAGEA3', 'MAGEA6', 'MAGEA12']"
2915,KHS-101,-0.3993938420304274,0.1005882463411471,F6,MAGE protein family,"['MAGEA2', 'MAGEA2B', 'MAGEA3', 'MAGEA6', 'MAGEA12']"
2916,WAY-362450,0.16875137783186853,0.5173398089859544,F6,MAGE protein family,"['MAGEA2', 'MAGEA2B', 'MAGEA3', 'MAGEA6', 'MAGEA12']"
2917,JQ-1:vorinostat,0.2467320784713267,0.35693205799253014,F6,MAGE protein family,"['MAGEA2', 'MAGEA2B', 'MAGEA3', 'MAGEA6', 'MAGEA12']"
2918,cabozantinib,-0.16792380180206937,0.5194262726153775,F6,MAGE protein family,"['MAGEA2', 'MAGEA2B', 'MAGEA3', 'MAGEA6', 'MAGEA12']"
2919,crizotinib:PLX-4032,0.0362825290700095,0.8938768210312922,F6,MAGE protein family,"['MAGEA2', 'MAGEA2B', 'MAGEA3', 'MAGEA6', 'MAGEA12']"
2920,BRD-M00053801,-0.18262588934042043,0.5909443273313496,F6,MAGE protein family,"['MAGEA2', 'MAGEA2B', 'MAGEA3', 'MAGEA6', 'MAGEA12']"
2921,KPT-185,0.18069972594762682,0.5741094021758758,F6,MAGE protein family,"['MAGEA2', 'MAGEA2B', 'MAGEA3', 'MAGEA6', 'MAGEA12']"
2922,pitstop2,0.5749463489479918,0.08208407905717383,F6,MAGE protein family,"['MAGEA2', 'MAGEA2B', 'MAGEA3', 'MAGEA6', 'MAGEA12']"
2923,R-428,-0.27410834201458256,0.4753831309566913,F6,MAGE protein family,"['MAGEA2', 'MAGEA2B', 'MAGEA3', 'MAGEA6', 'MAGEA12']"
2924,ibrutinib,-0.20326495715142567,0.5488717517649698,F6,MAGE protein family,"['MAGEA2', 'MAGEA2B', 'MAGEA3', 'MAGEA6', 'MAGEA12']"
2925,sotrastaurin,-0.08863117839490935,0.7955281024438734,F6,MAGE protein family,"['MAGEA2', 'MAGEA2B', 'MAGEA3', 'MAGEA6', 'MAGEA12']"
2926,A-804598,0.4573682784967301,0.13492319812837092,F6,MAGE protein family,"['MAGEA2', 'MAGEA2B', 'MAGEA3', 'MAGEA6', 'MAGEA12']"
2927,BRD-K27188169:navitoclax,0.05415448405840903,0.8899466553086144,F6,MAGE protein family,"['MAGEA2', 'MAGEA2B', 'MAGEA3', 'MAGEA6', 'MAGEA12']"
2928,COL-3,0.1053868535257026,0.7444519491981156,F6,MAGE protein family,"['MAGEA2', 'MAGEA2B', 'MAGEA3', 'MAGEA6', 'MAGEA12']"
2929,venetoclax,-0.30933220085412816,0.41794347930648423,F6,MAGE protein family,"['MAGEA2', 'MAGEA2B', 'MAGEA3', 'MAGEA6', 'MAGEA12']"
2930,ETP-46464,-0.06608042665211755,0.838323285981917,F6,MAGE protein family,"['MAGEA2', 'MAGEA2B', 'MAGEA3', 'MAGEA6', 'MAGEA12']"
2931,marinopyrrole A,-0.5003607889983717,0.09757395395670915,F6,MAGE protein family,"['MAGEA2', 'MAGEA2B', 'MAGEA3', 'MAGEA6', 'MAGEA12']"
2932,methylstat,0.38628506646049793,0.2148608595725186,F6,MAGE protein family,"['MAGEA2', 'MAGEA2B', 'MAGEA3', 'MAGEA6', 'MAGEA12']"
2933,alpelisib,-0.1253425634300161,0.7134624865037589,F6,MAGE protein family,"['MAGEA2', 'MAGEA2B', 'MAGEA3', 'MAGEA6', 'MAGEA12']"
2934,GSK2636771,-0.13981352063001945,0.6647391749566753,F6,MAGE protein family,"['MAGEA2', 'MAGEA2B', 'MAGEA3', 'MAGEA6', 'MAGEA12']"
2935,JW-74,-0.0863433604642221,0.8125257161201769,F6,MAGE protein family,"['MAGEA2', 'MAGEA2B', 'MAGEA3', 'MAGEA6', 'MAGEA12']"
2936,necrosulfonamide,0.04422123748331788,0.8972782409714003,F6,MAGE protein family,"['MAGEA2', 'MAGEA2B', 'MAGEA3', 'MAGEA6', 'MAGEA12']"
2937,HBX-41108,0.2676049843782536,0.4004057191511205,F6,MAGE protein family,"['MAGEA2', 'MAGEA2B', 'MAGEA3', 'MAGEA6', 'MAGEA12']"
2938,palmostatin B,0.24070232112100579,0.4758624146855963,F6,MAGE protein family,"['MAGEA2', 'MAGEA2B', 'MAGEA3', 'MAGEA6', 'MAGEA12']"
2939,BRD-K03536150,-0.39551837966126463,0.11608393424715754,F6,MAGE protein family,"['MAGEA2', 'MAGEA2B', 'MAGEA3', 'MAGEA6', 'MAGEA12']"
2940,BRD-K99006945,0.25008552101216136,0.5163412983214044,F6,MAGE protein family,"['MAGEA2', 'MAGEA2B', 'MAGEA3', 'MAGEA6', 'MAGEA12']"
2941,tivantinib,0.32213317013263504,0.3978874199251915,F6,MAGE protein family,"['MAGEA2', 'MAGEA2B', 'MAGEA3', 'MAGEA6', 'MAGEA12']"
2942,trametinib,0.05702150932535454,0.8841510241847996,F6,MAGE protein family,"['MAGEA2', 'MAGEA2B', 'MAGEA3', 'MAGEA6', 'MAGEA12']"
2943,RG4733,-0.3788994007726633,0.3145964875015469,F6,MAGE protein family,"['MAGEA2', 'MAGEA2B', 'MAGEA3', 'MAGEA6', 'MAGEA12']"
2944,dinaciclib,0.05385405938343753,0.890554222842796,F6,MAGE protein family,"['MAGEA2', 'MAGEA2B', 'MAGEA3', 'MAGEA6', 'MAGEA12']"
2945,MLN2480,0.3698865642932499,0.3271833815707886,F6,MAGE protein family,"['MAGEA2', 'MAGEA2B', 'MAGEA3', 'MAGEA6', 'MAGEA12']"
2946,BRD-K51831558,-0.3125654327761538,0.45099199580810456,F6,MAGE protein family,"['MAGEA2', 'MAGEA2B', 'MAGEA3', 'MAGEA6', 'MAGEA12']"
2947,istradefylline,0.13547282411776104,0.7282031490179975,F6,MAGE protein family,"['MAGEA2', 'MAGEA2B', 'MAGEA3', 'MAGEA6', 'MAGEA12']"
2948,MI-2,-0.3038935602253378,0.42659963764665004,F6,MAGE protein family,"['MAGEA2', 'MAGEA2B', 'MAGEA3', 'MAGEA6', 'MAGEA12']"
2949,alvocidib,0.15608158403422254,0.7120652624068569,F6,MAGE protein family,"['MAGEA2', 'MAGEA2B', 'MAGEA3', 'MAGEA6', 'MAGEA12']"
2950,CBB-1007,0.2700139599687302,0.4822652857695585,F6,MAGE protein family,"['MAGEA2', 'MAGEA2B', 'MAGEA3', 'MAGEA6', 'MAGEA12']"
2951,BRD-A86708339,0.0029258222813699293,0.9940396063125686,F6,MAGE protein family,"['MAGEA2', 'MAGEA2B', 'MAGEA3', 'MAGEA6', 'MAGEA12']"
2952,PF-03758309,0.009496673128631162,0.9806549903040969,F6,MAGE protein family,"['MAGEA2', 'MAGEA2B', 'MAGEA3', 'MAGEA6', 'MAGEA12']"
2953,dabrafenib,0.149462628698346,0.7011286247669496,F6,MAGE protein family,"['MAGEA2', 'MAGEA2B', 'MAGEA3', 'MAGEA6', 'MAGEA12']"
2954,SZ4TA2,0.1426901561724641,0.7142010106003122,F6,MAGE protein family,"['MAGEA2', 'MAGEA2B', 'MAGEA3', 'MAGEA6', 'MAGEA12']"
2955,AT13387,0.3082363779436808,0.41968117841987856,F6,MAGE protein family,"['MAGEA2', 'MAGEA2B', 'MAGEA3', 'MAGEA6', 'MAGEA12']"
2956,BCL-LZH-4,0.11095281123497797,0.7762747649530275,F6,MAGE protein family,"['MAGEA2', 'MAGEA2B', 'MAGEA3', 'MAGEA6', 'MAGEA12']"
2957,skepinone-L,-0.02462701238706078,0.9498556116090451,F6,MAGE protein family,"['MAGEA2', 'MAGEA2B', 'MAGEA3', 'MAGEA6', 'MAGEA12']"
2958,BRD-K34222889,0.3721060301121743,0.12836240635369184,F6,MAGE protein family,"['MAGEA2', 'MAGEA2B', 'MAGEA3', 'MAGEA6', 'MAGEA12']"
2959,PF-4800567,0.19494446166011448,0.6152254229839171,F6,MAGE protein family,"['MAGEA2', 'MAGEA2B', 'MAGEA3', 'MAGEA6', 'MAGEA12']"
2960,avicin D,0.22815751023738,0.5868189856286858,F6,MAGE protein family,"['MAGEA2', 'MAGEA2B', 'MAGEA3', 'MAGEA6', 'MAGEA12']"
2961,linsitinib,-0.30836535539726595,0.24523577381502665,F6,MAGE protein family,"['MAGEA2', 'MAGEA2B', 'MAGEA3', 'MAGEA6', 'MAGEA12']"
2962,AT-406,-0.11241546397395184,0.7733871239051072,F6,MAGE protein family,"['MAGEA2', 'MAGEA2B', 'MAGEA3', 'MAGEA6', 'MAGEA12']"
2963,ML031,-0.430563504874467,0.09594585929332244,F6,MAGE protein family,"['MAGEA2', 'MAGEA2B', 'MAGEA3', 'MAGEA6', 'MAGEA12']"
